clip_id,gloss,gloss_sequence,text,signer_id,fps,source,pseudo_weight
clip_0001,WELCOME,WELCOME NEWS UNTIL FINISH STAY TOGETHER,Welcome to our news bulletin. Stay with us from now until the end.,signer_UNK01,10.0,draft_in_vocab_tokens,0.4
clip_0002,DEMAND,DEMAND PROBLEM EDUCATION PROBLEM SOLVE QUICK BLAME ISSUE,"The Anglican Church in Kenya is now calling on the government to urgently address the dispute surrounding SHA health insurance, together with the turmoil in the education sector in this country. The churches are blaming the government for playing games with issues—",signer_UNK01,10.0,draft_in_vocab_tokens,0.4
clip_0003,IMPORTANT,IMPORTANT AFFECT HOSPITAL PRIVATE SERVICE FAIL STRIKE WEEK,"—important ones that concern Kenyans. The churches are saying this while medical services through SHA are faltering in private hospitals, and university lecturers continue their strike for a second week. Ben Kirui begins—",signer_UNK01,10.0,draft_in_vocab_tokens,0.4
clip_0004,NEWS,NEWS,—our bulletin.,signer_UNK01,10.0,draft_in_vocab_tokens,0.4
clip_0005,MEETING,MEETING CLOSE THINK NATION SITUATION,"It was the closing of the 27th synod of the clergy of the Anglican Church in Kenya, where the church reflected in prayer on the state of the nation.",signer_UNK01,10.0,draft_in_vocab_tokens,0.4
clip_0006,MEETING,MEETING FINISH ISSUE RAISE AFFECT,"And after that two-day meeting, the church raised several issues affecting the country.",signer_UNK01,10.0,draft_in_vocab_tokens,0.4
clip_0007,PROBLEM,PROBLEM DIFFICULT FIRST IMPORTANT WORRY HOSPITAL PRIVATE SERVICE STOP PATIENT AFFECT DEMAND,"The contentious matter of the SHA social health insurance was given priority, with the church expressing concern about the current confusion that has caused private health facilities to suspend services for patients under SHA. 'We demand—'",signer_UNK01,10.0,draft_in_vocab_tokens,0.4
clip_0008,ORGANISE,ORGANISE SELF HOSPITAL PAY FIRST HOSPITAL SERVICE CAN,"'—with Kenyans, that SHA puts her house in order and prioritises payment of funds owed to all hospitals to enable them to continue offering services.'",signer_UNK01,10.0,draft_in_vocab_tokens,0.4
clip_0009,STRIKE,STRIKE EDUCATION WORRY GROW LEADER STRIKE PLUS LATE DANGER,"The ongoing lecturers' dispute is also raising fears about the education sector in the country. Church leaders described the strike, along with the delay in capitation funds for schools, as a danger to—",signer_UNK01,10.0,draft_in_vocab_tokens,0.4
clip_0010,LATE,LATE PLUS EDUCATION GOOD REACH CANNOT ACT QUICK SOLVE,'—learning. Delayed capitation coupled with unaffordable education is putting quality education and general access beyond the reach of many. Government must swiftly act to address the—',signer_UNK01,10.0,draft_in_vocab_tokens,0.4
clip_0011,COMPLAIN,COMPLAIN SOLVE PROBLEM ALWAYS FINISH MONTH PASS OPEN TERM THREE LAST SHORT STILL,"'—lecturers' grievances and solve this perennial problem once and for all.' It is now one month since schools opened for the third and final term of the academic year, but there is still a severe shortage—",signer_UNK01,10.0,draft_in_vocab_tokens,0.4
clip_0012,BUY,BUY SYSTEM GOOD CORRUPTION STOP CAN LEADER LISTEN GOVERNOR COMPLAIN,"—of funds. The Anglican Church also spoke about the new electronic government procurement system, praising the move as a way to curb corruption. Church leaders further asked the government to take seriously the complaints of the council of—",signer_UNK01,10.0,draft_in_vocab_tokens,0.4
clip_0013,GOVERNOR,GOVERNOR GROUP TREASURY NATIONAL SYSTEM STOP PROBLEM SOLVE,"—governors. The governors have asked the National Treasury to halt implementation of that system, saying it was rushed before existing challenges were addressed.",signer_UNK01,10.0,draft_in_vocab_tokens,0.4
clip_0014,GOVERNOR,GOVERNOR REFUSE WORRY ANSWER SOLVE AGREE TOGETHER IMPORTANT,"'However, it is essential that the resistance and concerns by governors be addressed in the interest of promoting buy-in. It is important that such matters be addressed exhaustively.'",signer_UNK01,10.0,draft_in_vocab_tokens,0.4
clip_0015,ECONOMY,ECONOMY SITUATION,The state of the economy was also not left out by the ACK.,signer_UNK01,10.0,draft_in_vocab_tokens,0.4
clip_0016,WORRY,WORRY ESPECIALLY HOPE LOSE JOB,"The church expressed fear about citizens, especially young people, losing hope because of the high level of unemployment.",signer_UNK01,10.0,draft_in_vocab_tokens,0.4
clip_0018,WRONG,WRONG COMPANY RESEARCH MOST,"And as that was happening, 57% of Kenyans say the country is heading in the wrong direction, while 17% are satisfied with the country's direction. This is according to a survey by the research firm Infotrak, which says most Kenyans—",signer_UNK01,10.0,draft_in_vocab_tokens,0.4
clip_0019,COMPLAIN,COMPLAIN HIGH JOB GOVERN BAD,—complain about the high cost of living and unemployment caused by poor governance. Miriam Nyambura reports.,signer_UNK01,10.0,draft_in_vocab_tokens,0.4
clip_0020,TODAY,TODAY RELEASE BELIEVE WRONG GOVERN MONTH,"The latest Infotrak survey released today shows that 57% of Kenyans believe the country's direction is not right, with 17% satisfied with how the country is being governed. The survey was conducted in the month of—",signer_UNK01,10.0,draft_in_vocab_tokens,0.4
clip_0021,JOIN,JOIN,"—August this year, involving 2,400 Kenyans across the country.",signer_UNK01,10.0,draft_in_vocab_tokens,0.4
clip_0022,PAST,PAST SPREAD WIDE,'In September last year it was at 50%. Of course we can see there is a widespread—',signer_UNK01,10.0,draft_in_vocab_tokens,0.4
clip_0023,HOPE,HOPE WRONG BELIEVE,"'—People are not really optimistic about the country. 57% opined that the country is headed in the wrong direction.' According to this survey, 66% of Kenyans believe that—",signer_UNK01,10.0,draft_in_vocab_tokens,0.4
clip_0024,HIGH,HIGH CAUSE BELIEVE JOB CAUSE BELIEVE SITUATION,"—the high cost of living has contributed greatly to this situation. 30% of Kenyans believe unemployment is among the contributing causes, while 15% of Kenyans believe the situation—",signer_UNK01,10.0,draft_in_vocab_tokens,0.4
clip_0025,CAUSE,CAUSE GOVERN BAD BELIEVE,"—is caused by poor governance. 'The severity in terms of, um, 70% believe that the current cost of—'",signer_UNK01,10.0,draft_in_vocab_tokens,0.4
clip_0026,HIGH,HIGH VERY,'—living is quite high.',signer_UNK01,10.0,draft_in_vocab_tokens,0.4
clip_0027,MEET,MEET SEVEN HIGH,"'If you meet 10 Kenyans, seven of them will talk about the high cost of living.'",signer_UNK01,10.0,draft_in_vocab_tokens,0.4
clip_0028,SERIOUS,SERIOUS VERY COMPARE PAST EDUCATION COST HIGH ELECTION REASON HEALTH,"'That's how severe it is. Then of course it's even higher if you compare it with last year.' The high cost of education emerged as a major factor in the 2025 election, surpassing health issues—",signer_UNK01,10.0,draft_in_vocab_tokens,0.4
clip_0029,ELECTION,ELECTION HEALTH ISSUE,"—the 2025 election, surpassing health issues. Miriam Nyambura, Citizen TV.",signer_UNK01,10.0,draft_in_vocab_tokens,0.4
clip_0030,MINISTER,MINISTER SECURITY OFFICER DIE TELL FINISH ANNOUNCE DIFFERENT,"Interior Cabinet Secretary Kipchumba Murkomen has now said the family of the officer in Haiti was informed of their relative's death, and that the confusion over the death announcement made by President William Ruto was caused by a difference in—",signer_UNK01,10.0,draft_in_vocab_tokens,0.4
clip_0031,DIFFERENT,DIFFERENT REASON OFFICER EXPLAIN,"—timing. This comes after the family of the officer, Benedict Kabiru, claimed the government had not informed them of his death. Lorna Otieno tells us more. '—to the Kenyan officers.' Two days after President William Ruto—",signer_UNK01,10.0,draft_in_vocab_tokens,0.4
clip_0032,OFFICER,OFFICER THREE DIE ANNOUNCE,—announced the deaths of three officers stationed in Haiti.,signer_UNK01,10.0,draft_in_vocab_tokens,0.4
clip_0033,MINISTER,MINISTER SECURITY CONFIRM DIE INCLUDE OFFICER EARLY MISSING ANNOUNCE,"Interior Cabinet Secretary Kipchumba Murkomen has also confirmed those deaths, including officer Benedict Kabiru, who was declared missing earlier this year.",signer_UNK01,10.0,draft_in_vocab_tokens,0.4
clip_0034,OFFICER,OFFICER TELL DIE,"This follows claims by the officer's family, who said they had not been informed of their relative's death.",signer_UNK01,10.0,draft_in_vocab_tokens,0.4
clip_0035,NATIONAL,NATIONAL VISIT COMPLAIN ANNOUNCE PUBLIC FIRST VISIT,'The National Police Service visited his family yesterday. It may have been— I saw some people raised concern that the message from the president went public before his family was visited.',signer_UNK01,10.0,draft_in_vocab_tokens,0.4
clip_0036,NEWS,NEWS CONFIRM NATIONAL TEAM SEND VISIT MATCH ANNOUNCE,"'When that news was confirmed, the National Police Service dispatched a team to visit the family, but the synchronisation of time made it such that by the time the president was making the statement, I think our—'",signer_UNK01,10.0,draft_in_vocab_tokens,0.4
clip_0037,OFFICER,OFFICER REACH,'—officers had not reached the family.',signer_UNK01,10.0,draft_in_vocab_tokens,0.4
clip_0038,OFFICER,OFFICER PROBLEM OFFICER STRONG OPPOSITION REFUSE,"Despite President William Ruto describing the financial challenges facing the officers in Haiti, Murkomen said the officers have committed themselves to demonstrating Kenya's strength, and dismissed claims from the opposition that—",signer_UNK01,10.0,draft_in_vocab_tokens,0.4
clip_0039,OFFICER,OFFICER SEND WRONG REFUSE DECISION THINK CAREFUL PARLIAMENT SUPPORT SUPPORT,"—the government erred in sending those officers. 'This was a conscious decision made by the government of Kenya with the support of its parliament, made by the president with the support of the executive, with the parliament—'",signer_UNK01,10.0,draft_in_vocab_tokens,0.4
clip_0040,AGREE,AGREE PARLIAMENT AGREE,"'—cabinet approving, parliament approving.'",signer_UNK01,10.0,draft_in_vocab_tokens,0.4
clip_0041,DECISION,DECISION SECRET WRONG DECISION SECURITY SUPPORT,"'So no one should tell you that it was a clandestine decision between one or two people. This was a whole-government decision, with great support from our security council, security architecture—'",signer_UNK01,10.0,draft_in_vocab_tokens,0.4
clip_0042,DECISION,DECISION,'—that this was the right thing to do.',signer_UNK01,10.0,draft_in_vocab_tokens,0.4
clip_0043,CONFIRM,CONFIRM OFFICER THREE DIE BODY OFFICER BRING,So far the government has confirmed the deaths of three officers in the contingent deployed to Haiti. The police service has said the body of one deceased officer will be brought into the country on—,signer_UNK01,10.0,draft_in_vocab_tokens,0.4
clip_0044,FRIDAY,FRIDAY,"—Friday. Lorna, Citizen TV.",signer_UNK01,10.0,draft_in_vocab_tokens,0.4
clip_0045,CONFIRM,CONFIRM ARREST FLAG PAST MATCH,"[Music] The Directorate of Criminal Investigations has confirmed the arrest of Ibrahim Haida Yusuf, one of the young men captured in phone photos disrespecting the Kenyan flag last weekend during a match between—",signer_UNK01,10.0,draft_in_vocab_tokens,0.4
clip_0046,TEAM,TEAM VERSUS PLACE,—Mogadishu City and Police FC at Nyayo.,signer_UNK01,10.0,draft_in_vocab_tokens,0.4
clip_0047,AGE,AGE ARREST HOUR FEW CHIEF ORDER SEARCH ARREST FLAG,"Ibrahim, aged 17, was arrested just hours after Inspector General of Police Douglas Kanja ordered DCI Director Mohammed Amin to hunt down and arrest all those captured disrespecting the national flag. Kamau Mwangi now—",signer_UNK01,10.0,draft_in_vocab_tokens,0.4
clip_0048,SUSPECT,SUSPECT FIRST SPREAD PLUS FAN TEAM,—reports. Ibrahim Haida Yusuf is the first suspect caught by DCI detectives following these phone photos that spread online showing him and another fan of the Mogadishu FC team—,signer_UNK01,10.0,draft_in_vocab_tokens,0.4
clip_0049,FLAG,FLAG AGE ARREST ANGRY COMPLAIN DEMAND EVENT,"—stepping on and disrespecting the Kenyan flag. [ASR garbled] The arrest of Ibrahim, aged 17, comes after Kenyans protested, demanding that the two be held to account following that incident of—",signer_UNK01,10.0,draft_in_vocab_tokens,0.4
clip_0050,SATURDAY,SATURDAY PAST MATCH VERSUS PLACE STADIUM,—last Saturday during the match between Kenya's Police FC and Somalia's Mogadishu City at Nyayo Stadium.,signer_UNK01,10.0,draft_in_vocab_tokens,0.4
clip_0051,MINISTER,MINISTER SECURITY CONFIRM SEARCH FAN SECOND SELF COURT ANSWER EVENT NEIGHBOUR SPOIL,"Interior Cabinet Secretary Kipchumba Murkomen, who confirmed that the search continues for the second fan, says they will answer the charge of desecration personally, after the incident threatened diplomatic relations between these neighbouring—",signer_UNK01,10.0,draft_in_vocab_tokens,0.4
clip_0052,NEIGHBOUR,NEIGHBOUR FLAG NATIONAL SELF RESPONSIBLE,—nations. 'The two young men who were involved in that act of desecration of our national flag are personally responsible. The government and the people of Somalia are—',signer_UNK01,10.0,draft_in_vocab_tokens,0.4
clip_0053,RESPONSIBLE,RESPONSIBLE LAW FLAG PART ANY FLAG ACTION FLAG FLY HIGH,"'—not responsible at all.' Section 2 of Kenya's National Flag, Emblems and Names Act prohibits any person from disrespecting them by action or even by speech; the flag should be flown high.",signer_UNK01,10.0,draft_in_vocab_tokens,0.4
clip_0055,PARTY,PARTY ELECTION SMALL PLACE HAPPEN CONDEMN STRONG PEACE KEEP TELL SPEAK,"The chairman of the Independent Electoral and Boundaries Commission, IEBC, Erastus Ethekon, has strongly condemned the violence witnessed yesterday in the ODM party primaries in Kasipul constituency, urging Kenyans to maintain peace during those polls. Speaking when he appeared—",signer_UNK01,10.0,draft_in_vocab_tokens,0.4
clip_0056,PARLIAMENT,PARLIAMENT CONSTITUTION COMMISSION PLAN MILLION FOUR REGISTER ELECTION,"—before the parliamentary Committee on Implementation of the Constitution, Ethekon also said the commission has put in place plans to register more than four million young people to take part in the 2027 general—",signer_UNK01,10.0,draft_in_vocab_tokens,0.4
clip_0057,ELECTION,ELECTION CHAOS DESTROY HAPPEN ELECTION SMALL,"—election. Emmanuel Tor reports, referring to the chaos, disorder and destruction witnessed on Wednesday in the primary election—",signer_UNK01,10.0,draft_in_vocab_tokens,0.4
clip_0058,PARTY,PARTY PLACE,"—of the ODM party in Kasipul constituency, Homa Bay County.",signer_UNK01,10.0,draft_in_vocab_tokens,0.4
clip_0059,WARN,WARN PEACE SPOIL,IEBC chairman Erastus Ethekon warned Kenyans against disrupting the peace.,signer_UNK01,10.0,draft_in_vocab_tokens,0.4
clip_0060,ELECTION,ELECTION ANY PARTY SMALL REPLACE PARTY POLITICS TELL RULE,"'Elections, whether party primaries or the general elections or the by-elections, must be free from violence, must be free from intimidation.' Ethekon called on political parties to ensure that their party rules—",signer_UNK01,10.0,draft_in_vocab_tokens,0.4
clip_0061,RULE,RULE FOLLOW PARTY POLITICS CAREFUL,—are followed in that process. 'We ask the political parties to enforce those codes of conduct. We urge caution. We urge people to be calm. We urge people to give Kenyans a fair—',signer_UNK01,10.0,draft_in_vocab_tokens,0.4
clip_0062,CHANCE,CHANCE EQUAL RIGHT VOTE FREE LEADER CHOOSE ELECTION REPLACE FUTURE,'—playing ground for them to exercise their rights to freely choose their leaders.' The coming by-elections—,signer_UNK01,10.0,draft_in_vocab_tokens,0.4
clip_0063,BUY,BUY BUDGET ENOUGH,"'Are you prepared? Have you procured materials, and do you have the necessary budget to support you?'",signer_UNK01,10.0,draft_in_vocab_tokens,0.4
clip_0064,TRY,TRY HARD TREASURY MEET ELECTION REPLACE READY,"'So we made spirited efforts and appeals and meetings with the Treasury, and the financing for the by-elections is there.'",signer_UNK01,10.0,draft_in_vocab_tokens,0.4
clip_0065,ANNOUNCE,ANNOUNCE PLAN VOTER MILLION REGISTER ESPECIALLY AIM NEXT,"The IEBC announced plans to register 6.3 million new voters, with young people especially targeted in the exercise, which begins next Monday in Kajiado County. 'And we invite therefore all—'",signer_UNK01,10.0,draft_in_vocab_tokens,0.4
clip_0066,COME,COME REGISTER ELECTION PREPARE,"'—the eligible voters who have IDs or passports to come in large numbers and register, so that we prepare for the 2027 general elections.'",signer_UNK01,10.0,draft_in_vocab_tokens,0.4
clip_0067,MILLION,MILLION OR FINISH,'These 6.3 million are the people who either have an ID or have already applied for one.',signer_UNK01,10.0,draft_in_vocab_tokens,0.4
clip_0068,COMMISSION,COMMISSION SUPPORT STRONG PUBLIC TRUST FULL,'The new commission should be strongly supported so that we have full public confidence in the commission.',signer_UNK01,10.0,draft_in_vocab_tokens,0.4
clip_0069,CONSTITUENCY,CONSTITUENCY FINISH CANNOT ELECTION THREE NEED TRY,"The IEBC has also signalled it may fail to review constituency boundaries before the 2027 general election, saying the exercise would take roughly two to three years. The Independent Electoral and Boundaries Commission is now moving to ensure—",signer_UNK01,10.0,draft_in_vocab_tokens,0.4
clip_0070,REGISTER,REGISTER ELECTION JOIN EXPLAIN IMPORTANT JOIN VOTE,"—that it persuades and registers young people to take part in the 2027 general election, explaining to them the importance of participating and of voting in that election. Emmanuel Tor, Citizen TV—",signer_UNK01,10.0,draft_in_vocab_tokens,0.4
clip_0071,PARLIAMENT,PARLIAMENT,"—Citizen, Parliament, Nairobi.",signer_UNK01,10.0,draft_in_vocab_tokens,0.4
clip_0072,AGAIN,AGAIN PLACE AREA FEAR SPREAD LAND DISPUTE ARRIVE REMOVE WATCH,Once again fear has gripped residents of Imbolot in the Transmara area over a land dispute there. This is after lorries carrying security officers arrived in the area to oversee the eviction of—,signer_UNK01,10.0,draft_in_vocab_tokens,0.4
clip_0073,REMOVE,REMOVE LAND NEAR LOCAL VERSUS DISPUTE BOTH LAND PLACE,"—residents. That farm of more than 400 acres, bordering the Maasai Mara game reserve, has been contested between local residents and businesspeople who say the piece of land is theirs. Crispin has been in the—",signer_UNK01,10.0,draft_in_vocab_tokens,0.4
clip_0075,MONTH,MONTH EIGHT PLACE SOUTH WEAPON CARRY INSIDE LIVE PROTECT,"For more than eight months, young men from the Keringani area of Imbolot in Transmara South have been arming themselves and living inside these bushes in order to protect what they call—",signer_UNK01,10.0,draft_in_vocab_tokens,0.4
clip_0076,LAND,LAND,"—their piece of land, left to them by their ancestors.",signer_UNK01,10.0,draft_in_vocab_tokens,0.4
clip_0077,THURSDAY,THURSDAY MORNING FIVE FULL ARRIVE LAND DISPUTE LOCAL,But on Thursday morning more than five lorries full of police officers and anti-riot officers arrived here to begin the process of fencing that disputed farm. Residents did not know—,signer_UNK01,10.0,draft_in_vocab_tokens,0.4
clip_0078,LAND,LAND ARRIVE,"—what to do, because those claiming to be owners of this piece of land — said to be prominent people in the country — arrived here without giving notice to residents, to carry out their activities—",signer_UNK01,10.0,draft_in_vocab_tokens,0.4
clip_0080,LOCAL,LOCAL WEAPON NIGHT LEAVE LAND COMMUNITY BELONG,"The residents, who have been mounting a heavy guard night and day using their weapons here, had no choice but to leave without causing chaos. But they say this farm has been community land—",signer_UNK01,10.0,draft_in_vocab_tokens,0.4
clip_0081,LAND,LAND COMMUNITY FOR FEW SECRET AGREE LAND,—for many years. 'It is a farm that was set aside in 1992 to be part of the community. But unfortunately a few of us managed to collude and were able to sell—',signer_UNK01,10.0,draft_in_vocab_tokens,0.4
clip_0082,SEND,SEND HOW COME,'So we want to appeal to the government: the police have been sent here without court orders — we do not know how they came.',signer_UNK01,10.0,draft_in_vocab_tokens,0.4
clip_0083,LOCAL,LOCAL PROMISE ACTION TAKE,These residents have vowed to take further action.,signer_UNK01,10.0,draft_in_vocab_tokens,0.4
clip_0084,AREA,AREA FORCE PEACE COME TOGETHER LAND COMMUNITY RETURN HOW KNOW,"'And let me also thank the OCPD of this area, because he has not used force. He came through a diplomatic route. Please come and help us; let us talk so we know how you will return the community's land, because—'",signer_UNK01,10.0,draft_in_vocab_tokens,0.4
clip_0085,LAND,LAND COMMUNITY RIGHT,'—this is the community's right. This farm.',signer_UNK01,10.0,draft_in_vocab_tokens,0.4
clip_0086,LEADER,LEADER AREA UNTIL GOVERNOR LAND FINISH,"Leaders of this area, from the MCA up to the governor, have never spoken a word about this; instead he says the land that was sold was [ASR unclear]. The commander—",signer_UNK01,10.0,draft_in_vocab_tokens,0.4
clip_0087,SOUTH,SOUTH REASON ARRIVE EXPLAIN CLEAR,"—of police for Transmara South, Eric Telewa, has made clear the reason for the security officers' arrival in that area.",signer_UNK01,10.0,draft_in_vocab_tokens,0.4
clip_0088,OWNER,OWNER OFFICE BRING LAND COME TRUE INSIDE TOGETHER,"'The owner here had brought a request to our office that there are people who have invaded his farm. We came, and when we came we found it was true there were young men inside, but we engaged them, we talked, we went through—'",signer_UNK01,10.0,draft_in_vocab_tokens,0.4
clip_0089,TOGETHER,TOGETHER LAW ROAD FOLLOW IMPORTANT,"'—dialogue, and they saw the importance of taking the legal route.' Crispin, Citizen TV.",signer_UNK01,10.0,draft_in_vocab_tokens,0.4
clip_0090,AGE,AGE ALMOST CHILD MINISTRY HEALTH RELEASE IMPORTANT,"[Music] Nearly half of women of reproductive age have no desire to have children, according to a Ministry of Health survey. The report, released ahead of the day marking the importance of family planning—",signer_UNK01,10.0,draft_in_vocab_tokens,0.4
clip_0091,METHOD,METHOD DIFFERENT USE,"—has also shown that many women now use various family planning methods, as Brenda Wanga reports.",signer_UNK01,10.0,draft_in_vocab_tokens,0.4
clip_0092,WORLD,WORLD PREPARE MINISTRY HEALTH RELEASE DECIDE,"As the nation prepares to mark World Contraception Day, a survey has been released by the Ministry of Health showing that a large number of women of reproductive age have decided—",signer_UNK01,10.0,draft_in_vocab_tokens,0.4
clip_0093,ACCEPT,ACCEPT CHILD NUMBER REDUCE,—to embrace family planning. This reduces the number of women who want children.,signer_UNK01,10.0,draft_in_vocab_tokens,0.4
clip_0094,DATA,DATA CHILD,"'From our data you can see that for 46% of the women, the women do not require more children.'",signer_UNK01,10.0,draft_in_vocab_tokens,0.4
clip_0095,CHILD,CHILD BIRTH SPACE,"'30% still do not require children now, but they want to space births.'",signer_UNK01,10.0,draft_in_vocab_tokens,0.4
clip_0096,TOTAL,TOTAL NEED,'Therefore this gives 76% of the population who require contraception — that is family planning.',signer_UNK01,10.0,draft_in_vocab_tokens,0.4
clip_0097,MINISTRY,MINISTRY DECIDE METHOD DIFFERENT GIRL YOUNG PREGNANT PROBLEM STILL,The ministry has also announced that family planning decisions among women have changed because of the different methods available. But the problem of adolescent girls becoming pregnant remains a concern.,signer_UNK01,10.0,draft_in_vocab_tokens,0.4
clip_0098,YES,YES CHILD PREGNANT NUMBER PLACE DIFFERENT DIFFERENT,"'Yes, our children are getting pregnant, and the pregnancy rates are different in different parts of the country.'",signer_UNK01,10.0,draft_in_vocab_tokens,0.4
clip_0099,SOME,SOME,'You can see some who cited—',signer_UNK01,10.0,draft_in_vocab_tokens,0.4
clip_0100,METHOD,METHOD ANY USE,"The state of family planning in the country now shows that 63% of women use some method of family planning, while—",signer_UNK01,10.0,draft_in_vocab_tokens,0.4
clip_0101,METHOD,METHOD USE USE USE,"—57% use modern methods and 20% use the injectable family planning method. Others use implants, while 8% use—",signer_UNK01,10.0,draft_in_vocab_tokens,0.4
clip_0102,USE,USE USE,"—pills, and only 4% use the IUD.",signer_UNK01,10.0,draft_in_vocab_tokens,0.4
clip_0103,METHOD,METHOD USE,6% are said to use traditional methods.,signer_UNK01,10.0,draft_in_vocab_tokens,0.4
clip_0104,LEAD,LEAD USE,"Nyeri, Kirinyaga and Embu counties lead in the number of women using family planning methods, at more than 70%, while the counties of Tana River, West Pokot, Samburu, Isiolo—",signer_UNK01,10.0,draft_in_vocab_tokens,0.4
clip_0105,FEW,FEW UNTIL,"—Turkana and Kwale have the lowest number of users, at between 20 and 30%.",signer_UNK01,10.0,draft_in_vocab_tokens,0.4
clip_0106,LAST,LAST USE UNTIL MEAN,"And the counties of Mandera, Wajir, Marsabit and Garissa are ranked last in the number of women practising family planning, with only between zero and 14% using it. This also means that—",signer_UNK01,10.0,draft_in_vocab_tokens,0.4
clip_0107,CHILD,CHILD METHOD GROUP DIFFERENT INCLUDE GIRL REACH PLACE,"—in those counties, more children are born. The government says it will continue to strengthen family planning methods among different groups of women, including girls and women with disabilities, and even reach those in—",signer_UNK01,10.0,draft_in_vocab_tokens,0.4
clip_0108,PLACE,PLACE FAR,"—far-flung areas. Brenda Wanga, Citizen TV.",signer_UNK01,10.0,draft_in_vocab_tokens,0.4
clip_0109,NEWS,NEWS FINISH BREAK SHORT GO RETURN NEWS,"Now, viewer, after that report we go for a short break, but when we return, more news.",signer_UNK01,10.0,draft_in_vocab_tokens,0.4
clip_0110,WELCOME,WELCOME AGAIN COURT MURDER DECISION GUN RECORD BRING EVIDENCE LAWYER THROUGH,"Welcome back. The police service now wants the court hearing the Rex Masai murder case to overturn the ruling that ordered the firearms issue register to be produced and copied as evidence. Through its lawyers, the—",signer_UNK01,10.0,draft_in_vocab_tokens,0.4
clip_0111,DECISION,DECISION LAW AGAINST RULE SECURITY SECRET BREAK,—police service says that ruling was contrary to the law and violated rules on disclosing information about security equipment. Our reporter Gatete Njoroge reports.,signer_UNK01,10.0,draft_in_vocab_tokens,0.4
clip_0112,LAWYER,LAWYER ISSUE RAISE FEEL COURT MURDER TODAY EXPECT PROSECUTION,"'There are issues which have been raised here that we feel that—' The court session hearing the Rex Masai murder case was expected to continue today but did not, after the prosecution asked for more time—",signer_UNK01,10.0,draft_in_vocab_tokens,0.4
clip_0113,LAWYER,LAWYER FILE STUDY,—to consider the request from the police service filed by their lawyers.,signer_UNK01,10.0,draft_in_vocab_tokens,0.4
clip_0114,COURT,COURT DECISION GUN RECORD BRING EVIDENCE USE,"In its request, the police service has asked the court to throw out the ruling that ordered production of the firearms register to be used as evidence.",signer_UNK01,10.0,draft_in_vocab_tokens,0.4
clip_0115,DECISION,DECISION LAW AGAINST SECURITY PROTECT LAW BREAK,The police said the ruling of 3 September was contrary to the law and violated laws on protecting information about security equipment.,signer_UNK01,10.0,draft_in_vocab_tokens,0.4
clip_0116,GUN,GUN GUN RECORD HAND SINCE COURT ORDER,"The armourer at Central Police Station, Frederick Okapesi, said in his affidavit that the firearms records have been in IPOA's hands since the start of the case, after the court issued—",signer_UNK01,10.0,draft_in_vocab_tokens,0.4
clip_0117,ORDER,ORDER,—an order that they be handed over.,signer_UNK01,10.0,draft_in_vocab_tokens,0.4
clip_0118,REFUSE,REFUSE FEAR RECORD SPOIL MAYBE REFUSE,"Okapesi says he had opposed that move, fearing the records might be interfered with or altered. The police service says Okapesi's objection was not [recorded]—",signer_UNK01,10.0,draft_in_vocab_tokens,0.4
clip_0119,COURT,COURT RECORD INSIDE RIGHT SPEAK REFUSE OPEN DECISION CONSTITUTION BREAK DECISION SECRET RULE RECORD AGAINST,"—in the court records, claiming they were denied the right to be heard and denied transparency in that case. That ruling, they say, violated the constitution. They also claim the ruling conflicted with the confidentiality of releasing records concerning—",signer_UNK01,10.0,draft_in_vocab_tokens,0.4
clip_0120,GUN,GUN SIDE DECISION WITNESS MAKE WITNESS EVIDENCE,"—police firearms. The police side says the ruling was made without obtaining permission from the witness, leading him to give evidence that was not under his authorisation—",signer_UNK01,10.0,draft_in_vocab_tokens,0.4
clip_0122,EVIDENCE,EVIDENCE QUESTION FACE GUN RECORD HIDE PLAN COURT ORDER,"Okapesi, who gave evidence on 1 September, faced questions about discrepancies in the firearms register and admitted errors, saying it was not a scheme to hide the truth. The court has ordered the case—",signer_UNK01,10.0,draft_in_vocab_tokens,0.4
clip_0123,HEAR,HEAR SIDE ANSWER PROSECUTION WITNESS THREE EVIDENCE EXPECT,"—to be heard on 30 October, to give all sides time to respond to the police service. The prosecution has three remaining witnesses expected to give—",signer_UNK01,10.0,draft_in_vocab_tokens,0.4
clip_0124,EVIDENCE,EVIDENCE,—their evidence.,signer_UNK01,10.0,draft_in_vocab_tokens,0.4
clip_0125,PLACE,PLACE INVESTIGATION MAN THREE ATTACK,"Gatete Njoroge, Citizen TV. And police officers in the Belgut area of Kericho County have launched an investigation into an incident in which a man attacked three members of one family—",signer_UNK01,10.0,draft_in_vocab_tokens,0.4
clip_0126,KILL,KILL SUSPECT LOCAL ATTACK KILL,"—and killed them. After carrying out those killings, the suspect, Evans Kiprono, was attacked by residents and also killed.",signer_UNK01,10.0,draft_in_vocab_tokens,0.4
clip_0127,EVENT,EVENT LOCAL SUSPECT CRIME DECIDE,"This incident also left residents stunned, unable to understand how the suspect decided to carry out such a crime.",signer_UNK01,10.0,draft_in_vocab_tokens,0.4
clip_0128,SUSPECT,SUSPECT CRIME GO BODY KILL TAKE,Police report that the suspect had been involved in criminal incidents and had once been jailed. The bodies of those killed were taken to the Kericho mortuary.,signer_UNK01,10.0,draft_in_vocab_tokens,0.4
clip_0129,THEN,THEN CHILD KILL TRY CANNOT MOTHER,"'He started with his stepmother, then tried to kill the child but could not. Later he grabbed the mother—'",signer_UNK01,10.0,draft_in_vocab_tokens,0.4
clip_0130,MOTHER,MOTHER CHILD HOLD MOTHER DIE ISSUE LOOK,"'—who was holding a child. As he was able, he hacked that mother repeatedly and she died.' Let us look at the issue of young people, and this—",signer_UNK01,10.0,draft_in_vocab_tokens,0.4
clip_0131,SPREAD,SPREAD WIDE AFFECT CHILD INSIDE USE,"—drug problem has spread widely, to the point that it has even affected children who are in school; right now they use that stuff. So what we say is: condolences to the—",signer_UNK01,10.0,draft_in_vocab_tokens,0.4
clip_0132,PUBLIC,PUBLIC INVESTIGATION EVENT AGAIN HAPPEN PUBLIC PATIENT,"—family and to the public. We as police officers are continuing with the investigation so that an incident like this does not happen again, and I tell the public to be patient and calm while the government does its—",signer_UNK01,10.0,draft_in_vocab_tokens,0.4
clip_0134,BODY,BODY PART FOREST FIND ENTER BODY FINISH CHIEF BODY,"The post-mortem exercise on the bodies and body parts recovered from Binzaro forest in Kilifi County has entered its second day. Nine bodies have so far been examined. According to Chief Government Pathologist Johansen Oduor, one body—",signer_UNK01,10.0,draft_in_vocab_tokens,0.4
clip_0135,HEAD,HEAD FIND,—was found to have head injuries.,signer_UNK01,10.0,draft_in_vocab_tokens,0.4
clip_0136,REPORTER,REPORTER,Our Mombasa correspondent Francis Mtalaki now reports.,signer_UNK01,10.0,draft_in_vocab_tokens,0.4
clip_0137,PLUS,PLUS MURDER UNIT TOGETHER BODY,"That post-mortem exercise, run by government pathologist Johansen Oduor in collaboration with detectives from the DCI homicide investigation unit, has examined nine bodies—",signer_UNK01,10.0,draft_in_vocab_tokens,0.4
clip_0138,BODY,BODY HEAD DIE FIND SUSPECT KILL MAYBE,"—on the second day. In that exercise one body was found to have died from head injuries, raising suspicion that the person may have been killed with a blunt object.",signer_UNK01,10.0,draft_in_vocab_tokens,0.4
clip_0139,OFFICER,OFFICER LEAD BODY EIGHT DEATH REASON FIND DIFFICULT PART FIND INVESTIGATION EXPECT,"Officers leading this exercise have said eight of the bodies were skeletal, and it was difficult to establish what caused the deaths from the bones and body parts found. However, further investigation is expected—",signer_UNK01,10.0,draft_in_vocab_tokens,0.4
clip_0140,INVESTIGATION,INVESTIGATION DEATH REASON FIND,—to be carried out in order to establish the causes of death of those bodies.,signer_UNK01,10.0,draft_in_vocab_tokens,0.4
clip_0141,PLACE,PLACE EXPECT CHIEF RESULT WAIT INCLUDE,"That exercise, taking place at the Malindi mortuary, is expected to continue tomorrow, according to Chief Government Pathologist Johansen Oduor, while police say they are considering incorporating the post-mortem findings before—",signer_UNK01,10.0,draft_in_vocab_tokens,0.4
clip_0142,SUSPECT,SUSPECT PLUS SUSPECT STILL CHARGE COURT TEAM BODY SIX TOTAL BODY,"—charging the main suspect, Shalina Nindo, along with other suspects who remain in custody. Yesterday the team conducted post-mortems on six bodies, bringing the number of bodies—",signer_UNK01,10.0,draft_in_vocab_tokens,0.4
clip_0143,TOTAL,TOTAL INCLUDE BODY SICK DIE FIND,"—examined to 15, including another body found to have suffered lung disease and died. Francis Mtalaki, Citizen TV.",signer_UNK01,10.0,draft_in_vocab_tokens,0.4
clip_0144,DEPUTY,DEPUTY LEADER TELL PEACE KEEP DEVELOP SPEAK PLACE MEET,"And Deputy President Kithure Kindiki has urged leaders from the north-eastern region to maintain peace in order to enable development in that area. Speaking at Irunduki, in Tharaka Nithi, after meeting more than—",signer_UNK01,10.0,draft_in_vocab_tokens,0.4
clip_0145,TELL,TELL TOGETHER GOOD LIVE DEVELOP FULL PROMISE PLAN,"—1,500 residents from Isiolo County, Kindiki urged those residents to interact well to ensure they fully succeed in development matters. He also continued to give assurance of the Kenya Kwanza government's strategies to ensure—",signer_UNK01,10.0,draft_in_vocab_tokens,0.4
clip_0146,INFRASTRUCTURE,INFRASTRUCTURE DEVELOP REACH,—that more infrastructure and development are achieved.,signer_UNK01,10.0,draft_in_vocab_tokens,0.4
clip_0147,PROJECT,PROJECT DEVELOP THEREFORE PEACE LIVE DEVELOP PUSH,"'—those projects are continuing; other development in Kenya is continuing, even in Isiolo it is continuing. [Cheering] And that is why I urge you: let us live in peace and push our development forward—'",signer_UNK01,10.0,draft_in_vocab_tokens,0.4
clip_0148,COME,COME OPPOSITION COME,'—and let no one come and deceive you that some opposition person is coming here with arrogance and showing off and boastfulness and a know-it-all attitude — and those with all that talk are not—',signer_UNK01,10.0,draft_in_vocab_tokens,0.4
clip_0149,HOLD,HOLD SOME MINISTER PAST,"'—strangers. In Kenya, they are not angels. We know them; they have held big seats — some were ministers, some whatever — and back in the day—'",signer_UNK01,10.0,draft_in_vocab_tokens,0.4
clip_0150,HEAD,HEAD PROJECT REACH,"'—they had a crown on their head, yet not a single project in Isiolo did they fight for that reached Isiolo.'",signer_UNK01,10.0,draft_in_vocab_tokens,0.4
clip_0151,RETURN,RETURN SPORT NEWS TEAM NATIONAL FIVE,"—when we return, sports news. In sport, the national volleyball team, with five debutant players—",signer_UNK01,10.0,draft_in_vocab_tokens,0.4
clip_0152,PLACE,PLACE RESULT MATCH FIRST VERSUS CHAMPION WORLD LOSE SET,"—has begun the World Cup tournament with mixed results in Nayarit, Mexico. In the first match Kenya lost to two-time world champions Cuba in straight sets—",signer_UNK01,10.0,draft_in_vocab_tokens,0.4
clip_0153,RETURN,RETURN VERSUS SOUTH WIN SET,They came back and beat South Korea in straight sets.,signer_UNK01,10.0,draft_in_vocab_tokens,0.4
clip_0154,TONIGHT,TONIGHT VERSUS PLAY WIN REACH CAN MATCH FIRST COURT CANNOT,"Tonight Kenya will face Spain, where a win will take them into the knockout stage. 'The first game we were not able to understand the pitch—'",signer_UNK01,10.0,draft_in_vocab_tokens,0.4
clip_0155,PLAY,PLAY DIFFICULT LOSE VERSUS RETURN WIN,"'—which made it hard for us to play. We lost to Cuba, but we have come back against Korea, which is what we—'",signer_UNK01,10.0,draft_in_vocab_tokens,0.4
clip_0156,COME,COME PURPOSE THAT,'—came here to do.',signer_UNK01,10.0,draft_in_vocab_tokens,0.4
clip_0157,NEWS,NEWS TONIGHT FINISH WATCH NIGHT,"[Music] Ah, viewer, that is the end of our bulletin tonight. I say thank you for watching, but there is more at nine o'clock tonight in English. Good—",signer_UNK01,10.0,draft_in_vocab_tokens,0.4
clip_5000,ACTIVIST,ACTIVIST ARREST STRONG EMBASSY,"the arrest and detention of Kenyan activists Bob Njagi and Nicholas Oo in Kal Uganda. In a strongly worded letter to the Ugandan High Commission in Nairobi, the Law Society of Kenya, Amnesty International Kenya and Vocal Africa",signer_YN,10.0,draft_in_vocab_tokens,0.4
clip_5001,GROUP,GROUP DEMAND RELEASE SAFE RETURN DEMAND ABDUCT INVESTIGATE DEEP,"Africa are demanding the immediate release and safe return of the two. The groups have also called for a thorough investigation into the abduction,",signer_YN,10.0,draft_in_vocab_tokens,0.4
clip_5002,ABDUCT,ABDUCT RESPONSIBLE MINISTER SECURITY CONFIRM MINISTRY FOREIGN ISSUE,"into the abduction, urging that those responsible be held accountable. Interior cabinet secretary Kipto Morin has confirmed that the Ministry of Foreign Affairs is actively engaged in the matter. Enjoy reports.",signer_YN,10.0,draft_in_vocab_tokens,0.4
clip_5003,HOUR,HOUR PASS ACTIVIST ABDUCT,reports. More than 24 hours after the abduction of activists,signer_YN,10.0,draft_in_vocab_tokens,0.4
clip_5004,ACTIVIST,ACTIVIST ABDUCT WORRY ABDUCT DISAPPEAR FORCE INCREASE,"of activists Bob Njagi and Nicolas Oo at a patrol station in Kiraka Campala, Uganda, human rights organizations have voiced their concerns over the alarming cases of abductions and enforced disappearances",signer_YN,10.0,draft_in_vocab_tokens,0.4
clip_5005,DISAPPEAR,DISAPPEAR AREA AFRICA EAST,"disappearances in East Africa region. Law Society of Kenya, Amnesty International",signer_YN,10.0,draft_in_vocab_tokens,0.4
clip_5006,TOGETHER,TOGETHER SEND DEMAND RELEASE DEMAND LAWYER,"International Kenya and Vocal Africa in a joint letter to Uganda High Commissioner in Kenya, Ambassador Ununis Keni have demanded for immediate release of the two. The organizations have further demanded for legal representation and",signer_YN,10.0,draft_in_vocab_tokens,0.4
clip_5007,ALLOW,ALLOW ACTIVIST CRIME CALL ABDUCT REASON INVESTIGATE DEMAND RESPONSIBLE,"and communication with their families. While calling on the government of Kenya to ensure crossber activism is not criminalized, they have called for probe on the circumstances of their abduction and demanded that those responsible",signer_YN,10.0,draft_in_vocab_tokens,0.4
clip_5008,RESPONSIBLE,RESPONSIBLE GROUP SAME DEMAND,that those responsible be held accountable. Demands that were echoed by free Kenya movement that Jagi,signer_YN,10.0,draft_in_vocab_tokens,0.4
clip_5009,GROUP,GROUP LEAD ACTIVIST WORLD ACTIVIST GATHER EMBASSY DEMAND FRIEND RELEASE,movement that Jagi chairs and other activists who are now threatening to mobilize activists across the world to occupy Uganda embassies. We call for the release of our comrades and they,signer_YN,10.0,draft_in_vocab_tokens,0.4
clip_5010,RETURN,RETURN STILL ORGANISE AFRICA EAST HOUR RELEASE,and they should come cross border while they are still healthy. We do not want excuses and from here we are going to organize and give our governments that is East African government's 12-hour ultimatum to release,signer_YN,10.0,draft_in_vocab_tokens,0.4
clip_5011,RELEASE,RELEASE ABDUCT SITUATION,to release Bob and Nicholas Oo. The circumstances surrounding the abduction,signer_YN,10.0,draft_in_vocab_tokens,0.4
clip_5012,WORRY,WORRY SERIOUS SAFE TOGETHER MAYBE OPPOSITION POLITICS,"raise serious concerns about safety of Kenyan citizens in Uganda and the potential collaboration between the Kenya and Ugandan governments. Political opponents must not be harassed,",signer_YN,10.0,draft_in_vocab_tokens,0.4
clip_5013,SPEAK,SPEAK REFUSE UNITY ACCEPT,"harassed, tortured or imprisoned for speaking out. We reject tyranny and we embrace the spirit of unity.",signer_YN,10.0,draft_in_vocab_tokens,0.4
clip_5014,UNITY,UNITY MINISTER SECURITY SPEAK CONFIRM MINISTRY FOREIGN SOLVE SOME GO,of unity. Interior cabinet secretary Kipchumba Murkomen speaking during the Juala Salama forum in Nairobi confirmed that the ministry of foreign affairs is working to resolve it. Some of the Kenyans who went to,signer_YN,10.0,draft_in_vocab_tokens,0.4
clip_5015,PROMISE,PROMISE MINISTRY FOREIGN ISSUE HANDLE PROTECT WORLD MINISTER FOREIGN,"I want to assure you that the foreign affairs ministry is handling those issues and everybody will be accounted for. It is the dut of the government of Kenya to protect it citizens in any part of the world. However, foreign affairs cabinet secretary Musalia",signer_YN,10.0,draft_in_vocab_tokens,0.4
clip_5016,MINISTER,MINISTER MINISTER LATE ATTEND ABDUCT LEADER HELP,"secretary Musalia Mudavadi, who attended the burial of late minister Dalmas Otenu, gave the abduction a wide birth despite calls from leaders at the burial for the government to intervene.",signer_YN,10.0,draft_in_vocab_tokens,0.4
clip_5017,HELP,HELP,the government to intervene.,signer_YN,10.0,draft_in_vocab_tokens,0.4
clip_5019,PARTY,PARTY EVENT CONDEMN ABDUCT FRIEND MAYBE ABDUCT,Unity Platform presidential candidate Bobi Wine has through his social media platforms condemned the incident and confirmed the two could have been abducted as a result of associating with him. The abduction of Bob Njagi,signer_YN,10.0,draft_in_vocab_tokens,0.4
clip_5020,AGAIN,AGAIN WORRY BREAK INCREASE AFRICA EAST AUTHORITY QUIET BLAME,"of Bob Njagi and Nicholas Oo in Campala, Uganda has yet again raised concerns over increased cases of human rights violations in the East African region with the authorities being blamed for remaining silent. Getor",signer_YN,10.0,draft_in_vocab_tokens,0.4
clip_5021,NATIONAL,NATIONAL RECRUIT ANNOUNCE,Citizen TV Nairobi. Now the much publicized national police recruitment,signer_YN,10.0,draft_in_vocab_tokens,0.4
clip_5022,RECRUIT,RECRUIT PLAN COURT HIGH HOUR FEW ORDER,police recruitment which was to be conducted by the National Police Service Commission has been postponed indefinitely. The suspension comes just hours after the high court issued interim,signer_YN,10.0,draft_in_vocab_tokens,0.4
clip_5023,COURT,COURT ORDER TEMPORARY RECRUIT STOP POLITICIAN FILE MINISTER SECURITY COURT BLAME,"issued interim conservatory orders halting the exercise following a petition filed by politician and businessman Harun Mwau. And as Seth Olle now reports, Interior cabinet secretary Kipum Murkomen has faulted the judiciary for what",signer_YN,10.0,draft_in_vocab_tokens,0.4
clip_5024,COURT,COURT WARN DECISION SECURITY NATIONAL DANGER,"for what he terms as interference, warning that the decision poses a major threat to national security.",signer_YN,10.0,draft_in_vocab_tokens,0.4
clip_5025,RECRUIT,RECRUIT COURT RECRUIT STOP,"The hiring of 10,000 new police recruits now lies in limbo after the employment and labor relations court halted the exercise that was to",signer_YN,10.0,draft_in_vocab_tokens,0.4
clip_5026,FRIDAY,FRIDAY PLAN JUDGE DECISION,"that was to commence in all the 47 counties on Friday 3rd October 2027. In her ruling, Justice Hellen Wasilwa",signer_YN,10.0,draft_in_vocab_tokens,0.4
clip_5027,JUDGE,JUDGE ORDER TEMPORARY RECRUIT STOP DECIDE UNTIL SEVEN ANSWER FILE,Wasila stated interim conservatory order is hereby issued staying the entire recruitment pending resolution of the petition. The respondents have seven days to file their response while the petitioner,signer_YN,10.0,draft_in_vocab_tokens,0.4
clip_5028,SEVEN,SEVEN FILE COURT MEET,the petitioner will have seven days to file further affidavit and submissions and that the mention to confirm compliance and highlighting of submissions will take place on the 21st October 2025.,signer_YN,10.0,draft_in_vocab_tokens,0.4
clip_5030,BLAME,BLAME POWER CHIEF RECRUIT,John Harun Mwau faults the National Police Service Commission of assapping the powers of the Inspector General of Police and National Police Service in respect of recruitment of new members of the service,signer_YN,10.0,draft_in_vocab_tokens,0.4
clip_5031,RIGHT,RIGHT AUTHORITY CONSTITUTION AGAINST RECRUIT PLAN MINISTER,"of the service without any color of right or authority and intends to proceed with the unconstitutional exercise on October 3rd, 2025. However, interior",signer_YN,10.0,draft_in_vocab_tokens,0.4
clip_5032,MINISTER,MINISTER SECURITY COURT ORDER RESULT BAD SERIOUS JUDGE ALLOW ORDER RESULT EXPLAIN RECRUIT STOP,interior cabinet secretary says the consequences of the court order are dire. I wish I call the judge. I wish I would be allowed to call the judge directly to understand the consequence of a court order stopping,signer_YN,10.0,draft_in_vocab_tokens,0.4
clip_5033,RECRUIT,RECRUIT STOP FOUR PASS SAFE IMPORTANT VERY RECRUIT QUICK LAST SPEAK,stopping recruitment of police that has now happened for the last four years and how it is very critical for the safety of our country to recruit those police officers urgently. Speaking during the final leg of the Jalo Salama,signer_YN,10.0,draft_in_vocab_tokens,0.4
clip_5034,SECURITY,SECURITY MINISTER SECURITY COURT ORDER SECURITY NATION SPOIL MAYBE ELECTION,"Salama security engagement in Nairobi County, Interior Cabinet Secretary Kipchumba Murkomen said the court's injunction could destabilize the security of the nation ahead of the 2027 general",signer_YN,10.0,draft_in_vocab_tokens,0.4
clip_5035,ELECTION,ELECTION REPLACE BRING NEED,general We need to replace and to bring in,signer_YN,10.0,draft_in_vocab_tokens,0.4
clip_5036,ELECTION,ELECTION NEXT SUPPORT HELP HOPE JUDGE MY WATCH STATEMENT ANNOUNCE,to even help us support the next elections. So I hope that the judge will watch my speech so that I don't need to call her. The National Police Service through a statement announced,signer_YN,10.0,draft_in_vocab_tokens,0.4
clip_5037,RECRUIT,RECRUIT ANNOUNCE PLUS TOGETHER LAW WAY SEARCH RECRUIT,statement announced it has postponed the widely publicized exercise and that national police service in conjunction with the National Police Service Commission is pursuing appropriate legal remedies to ensure the recruitment exercise,signer_YN,10.0,draft_in_vocab_tokens,0.4
clip_5038,RECRUIT,RECRUIT QUICK,exercise resumes at the earliest time Seth Olal Citizen TV.,signer_YN,10.0,draft_in_vocab_tokens,0.4
clip_5039,TONIGHT,TONIGHT CRIME FEAR SPREAD,"Tonight, a chilling wave of crime is gripping Nairobi's",signer_YN,10.0,draft_in_vocab_tokens,0.4
clip_5040,ESTATE,ESTATE PLAN CAREFUL HAPPEN LOCAL WORRY CRIMINAL,gripping Nairobi's affluent neighborhoods with meticulously executed robberies striking high-end estates. What has authorities and residents on edge is the criminals,signer_YN,10.0,draft_in_vocab_tokens,0.4
clip_5041,CRIMINAL,CRIMINAL METHOD CAR SMALL QUIET CAR USE ESTATE ENTER EASY VICTIM,"is the criminals evolving strategy, no longer relying on discrete lowprofile cars, the syndicates now deploy luxury SUVs, blending effortlessly into the various estates they exploit. Order Frances spoke to victims in parts of Westlands and Emboci",signer_YN,10.0,draft_in_vocab_tokens,0.4
clip_5042,ESTATE,ESTATE FOUR MAN,"and Emboci Nairobi as well as at San Park state in Sokimo. Four individuals, two men and two women dressed in Buoui",signer_YN,10.0,draft_in_vocab_tokens,0.4
clip_5043,CAR,CAR NUMBER ARRIVE GO,dressed in Buoui arrive in a Toyota Prao. Registration number KDS720F. They claimed to be heading to the swimming pool but failed,signer_YN,10.0,draft_in_vocab_tokens,0.4
clip_5044,SECURITY,SECURITY REGISTER FAIL MINUTE FEW GROUP HOUSE ENTER,"but failed to register with security. Moments later, the group was seen entering one",signer_YN,10.0,draft_in_vocab_tokens,0.4
clip_5045,ENTER,ENTER CONFIRM,entering one of the apartments. CCTV footage confirms they broke in and made,signer_YN,10.0,draft_in_vocab_tokens,0.4
clip_5047,SECURITY,SECURITY,Black big one. The security,signer_YN,10.0,draft_in_vocab_tokens,0.4
clip_5048,WEEK,WEEK THREE PAST FACE,in the last 3 weeks. Their faces familiar,signer_YN,10.0,draft_in_vocab_tokens,0.4
clip_5049,FACE,FACE ESTATE FLAG RECORD,familiar have been flagged in other complexes they previously robbed. Inasi surveillance captures a businessman,signer_YN,10.0,draft_in_vocab_tokens,0.4
clip_5050,WATCH,WATCH LOCAL SUSPECT CAR FOLLOW UNTIL,"a businessman withdrawing cash from a local bank. Unknown to him, he's being tracked by suspects in a Nissan X-Trail. The vehicle follows him from the bank to his workplace.",signer_YN,10.0,draft_in_vocab_tokens,0.4
clip_5051,CAR,CAR WATCH PLAN MEAN CAR FIND,"his workplace. CCTV shows the X-trail parked beside his car, suggesting premeditated surveillance. Shortly after, the businessman's car is found",signer_YN,10.0,draft_in_vocab_tokens,0.4
clip_5052,CAR,CAR BREAK FIND SUSPECT TRY FAIL,is found with a shattered window. The suspects attempted to steal the cash but failed.,signer_YN,10.0,draft_in_vocab_tokens,0.4
clip_5053,FAIL,FAIL VICTIM KEEP FINISH,"but failed. The victim had already secured the money elsewhere. Documents from the National Transport and Safety Authority, NTSA,",signer_YN,10.0,draft_in_vocab_tokens,0.4
clip_5054,CAR,CAR COMPANY PRIVATE REGISTER INVESTIGATION MINUTE,"Authority, NTSA, reveal the X-Trail is registered to a private company in Nairobi. Investigations 15 minutes.",signer_YN,10.0,draft_in_vocab_tokens,0.4
clip_5055,UNTIL,UNTIL CAR,"Between September 26th and 29th, a Toyota",signer_YN,10.0,draft_in_vocab_tokens,0.4
clip_5056,CAR,CAR ESTATE ROAD CAR PLACE EACH,"a Toyota Pradu was spotted in multiple neighborhoods, General Maden, Rupra Parklands, Shanzu Road, and Sun Park. CCTV footage places the vehicle at each location,",signer_YN,10.0,draft_in_vocab_tokens,0.4
clip_5057,PLACE,PLACE EACH SUSPECT CRIMINAL MAYBE,"at each location, raising suspicion on a wider criminal network.",signer_YN,10.0,draft_in_vocab_tokens,0.4
clip_5058,CAR,CAR USE WATCH PLAN TOGETHER METHOD,"the use of high-end vehicles, coordinated surveillance, and deceptive tactics",signer_YN,10.0,draft_in_vocab_tokens,0.4
clip_5059,METHOD,METHOD CRIME CITY DANGER LOCAL CAREFUL WATCH ACT QUICK DEMAND,"tactics marks a dangerous shift in urban crime. Authorities and residents alike are calling for heightened vigilance and swift action. Order. Francis, Citizen TV, Nairobi.",signer_YN,10.0,draft_in_vocab_tokens,0.4
clip_5060,DETAIL,DETAIL STORY,Nairobi. Fascinating details. Now to a story exposing the,signer_YN,10.0,draft_in_vocab_tokens,0.4
clip_5061,PUBLIC,PUBLIC PLACE SITUATION BAD MINISTRY EDUCATION LEADER LOCAL BLAME,exposing the deplorable state of a public school in a morad in Naro County. The Ministry of Education and local leadership are on the sport,signer_YN,10.0,draft_in_vocab_tokens,0.4
clip_5062,BLAME,BLAME PRIMARY SITUATION BAD SERIOUS PUPIL SOME NEAR INSIDE LEARN FORCE PARENT LOCAL,are on the sport over the dire condition at Chabonet Primary School. The crisis is so severe that some pupils are forced to learn inside a kitchen of a neighboring church due to the acute shortage of classrooms. Parents and residents,signer_YN,10.0,draft_in_vocab_tokens,0.4
clip_5063,SITUATION,SITUATION CANNOT VISIT WELCOME,is unbearable and have been crying out for change. Citizen TV's Chris Pino visited the school and filed this report. The pictures that welcomes you to Chabun,signer_YN,10.0,draft_in_vocab_tokens,0.4
clip_5064,PRIMARY,PRIMARY REACH DIFFICULT ROAD SPOIL,"Chabun Primary School in Amura, Narok County. Even getting here is a struggle. A dilapidated",signer_YN,10.0,draft_in_vocab_tokens,0.4
clip_5065,ROAD,ROAD SPOIL INFRASTRUCTURE PROBLEM,A dilapidated road mirroring the infrastructure hurdles,signer_YN,10.0,draft_in_vocab_tokens,0.4
clip_5066,PROBLEM,PROBLEM PARENT LOCAL,"hurdles that define this For over 15 years, parents and residents",signer_YN,10.0,draft_in_vocab_tokens,0.4
clip_5067,LOCAL,LOCAL MINISTRY EDUCATION LEADER HELP ANSWER,"and residents have been pleading with the Ministry of Education and Narrow County leaders for intervention. Their calls, however, have largely gone unanswered. Established in 2008,",signer_YN,10.0,draft_in_vocab_tokens,0.4
clip_5068,SPOIL,SPOIL BUILDING SOME PARENT BUILD,"Chabon School now stands in decay. Some structures were built by parents, others through",signer_YN,10.0,draft_in_vocab_tokens,0.4
clip_5069,BUILD,BUILD BUILD TODAY WEAK FALL NEAR PUPIL SMALL SUFFER MOST,"others through CDF, and another by World Vision. Today, many are weakening, teetering to the brink of collapse. The biggest casualties are learners from early childhood",signer_YN,10.0,draft_in_vocab_tokens,0.4
clip_5070,SMALL,SMALL UNTIL SIX BUILDING TEMPORARY INSIDE LEARN THREE TOGETHER,"from early childhood classes to grade six who study inside makeshift wooden structures. This is a threein-one class literally hosting PP1, PP2, and grade 1 pupils. And whenever normal class is ongoing",signer_YN,10.0,draft_in_vocab_tokens,0.4
clip_5071,INSIDE,INSIDE TEACH ALWAYS PROBLEM,"class is ongoing right inside this room, it's always chaotic depicting the infrastructural challenges this school has been grappling with for many years. There is also another class",signer_YN,10.0,draft_in_vocab_tokens,0.4
clip_5072,PUPIL,PUPIL SOME WALK SITUATION,there is a big crack. Some even braving the mud barefoot. The situation,signer_YN,10.0,draft_in_vocab_tokens,0.4
clip_5073,SITUATION,SITUATION PUPIL SAME BAD,The situation is no better for grade two learners.,signer_YN,10.0,draft_in_vocab_tokens,0.4
clip_5074,PUPIL,PUPIL LOCAL INSIDE LEARN FORCE FAR,They have been forced to take classes in a local church kitchen far from their institution.,signer_YN,10.0,draft_in_vocab_tokens,0.4
clip_5075,FAR,FAR,their institution.,signer_YN,10.0,draft_in_vocab_tokens,0.4
clip_5076,SAME,SAME INSIDE BUILDING FINISH-NOT,"Within the same compound, unfinished structures",signer_YN,10.0,draft_in_vocab_tokens,0.4
clip_5077,BUILDING,BUILDING FINISH-NOT PROMISE BREAK,structures stand abandoned for years. Monuments of unfulfilled promises.,signer_YN,10.0,draft_in_vocab_tokens,0.4
clip_5078,PROMISE,PROMISE BREAK,of unfulfilled promises. But in,signer_YN,10.0,draft_in_vocab_tokens,0.4
clip_5079,MIDDLE,MIDDLE,But in the midst of,signer_YN,10.0,draft_in_vocab_tokens,0.4
clip_5080,FRUSTRATE,FRUSTRATE MIDDLE LEARN PARENT TEACHER PUPIL HOPE HOLD AUTHORITY LISTEN SAVE HOPE,"the midst of frustration, learning continues. Parents, teachers, and pupils cling to hope. Hope that one day authorities will hear their cry and rescue the future of Chabon Crispino",signer_YN,10.0,draft_in_vocab_tokens,0.4
clip_5081,FRUSTRATE,FRUSTRATE VERY,Crispino Citizen TV Amura Narok County. very frustrating to see such kind of images,signer_YN,10.0,draft_in_vocab_tokens,0.4
clip_5082,SAD,SAD HOPE ACT HAPPEN SUSPECT TERROR JUNE PROTEST ACCUSE FAIL,such kind of images for a school in 2025 and we hope something will be done. Now 22 terror suspects accused of torching police stations in Makongi and Matu during the Jun anti-government protest failed to take plea,signer_YN,10.0,draft_in_vocab_tokens,0.4
clip_5083,TAKE,TAKE FAIL PROSECUTION CHARGE SUSPECT DELAY FRUSTRATE COURT,to take plea as anticipated after the prosecution sought more time to amend the charges against them. The suspects claimed the state is frustrating them with delays. Will lo was in court.,signer_YN,10.0,draft_in_vocab_tokens,0.4
clip_5084,COURT,COURT SUSPECT ACCUSE,court. 16 suspects accused of burning down Makongi police station,signer_YN,10.0,draft_in_vocab_tokens,0.4
clip_5085,PLUS,PLUS SEVEN ACCUSE COURT AGAIN PROSECUTION,police station in Thik and seven others accused of touching Matu police station in Machakos County appeared before the Kahawa locals for the commencement of their case. But the plea taking was once again deferred as the prosecution cited,signer_YN,10.0,draft_in_vocab_tokens,0.4
clip_5086,PROSECUTION,PROSECUTION INVESTIGATION FINISH-NOT CHARGE COURT ORDER RETURN CHARGE TELL PROSECUTION INVESTIGATION FINISH-NOT,"the prosecution cited incomplete investigations and sought to amend the charges. The court directed them to return on Tuesday to be informed of the new charges. But to our shock, we learned that the prosecution has not wound up",signer_YN,10.0,draft_in_vocab_tokens,0.4
clip_5087,INVESTIGATION,INVESTIGATION FINISH-NOT CHARGE COURT REFUSE DECIDE RELEASE,not wound up with its investigations and now they want to amend their charge sheets. The court also declined to rule on their request for the release of,signer_YN,10.0,draft_in_vocab_tokens,0.4
clip_5088,STILL,STILL HOLD RELEASE ISSUE FOLLOW,"for the release of motorcycles and tuk tuk still held by the police. On the issue of the motorcycles, please let's pursue it otherwise",signer_YN,10.0,draft_in_vocab_tokens,0.4
clip_5089,ISSUE,ISSUE THAT REASON PART LAWYER THROUGH SUSPECT ACCUSE EVIDENCE DELAY PLAN,it otherwise and that issue was not raised was not part of the reason why they through their lawyer. The suspects accused the state of lacking evidence and deliberately delaying the trial. It seems that the prosecution doesn't have a case,signer_YN,10.0,draft_in_vocab_tokens,0.4
clip_5090,THEREFORE,THEREFORE CHARGE TRY SUSPECT DELAY PROSECUTION,have a case and that is why they are dying trying to patch up charges here The suspects maintain they're tired of the delays and want the prosecution,signer_YN,10.0,draft_in_vocab_tokens,0.4
clip_5091,PROSECUTION,PROSECUTION OR STOP EVIDENCE ENOUGH TERROR IF,want the prosecution to proceed with the case or terminate it if they have sufficient evidence of arson or terrorism.,signer_YN,10.0,draft_in_vocab_tokens,0.4
clip_5092,TERROR,TERROR,terrorism.,signer_YN,10.0,draft_in_vocab_tokens,0.4
clip_5093,GOD,GOD THERE SUSPECT COURT RETURN EXPECT,There is God in heaven. The suspects expected back in court,signer_YN,10.0,draft_in_vocab_tokens,0.4
clip_5094,TAKE,TAKE VOTER REGISTER ISSUE,to take a new plea TV Nairobi. And now to the matters of vote registration. The Independent,signer_YN,10.0,draft_in_vocab_tokens,0.4
clip_5095,HOPE,HOPE,"The Independent Electoral Boundaries Commission, IEBC, is now optimistic that",signer_YN,10.0,draft_in_vocab_tokens,0.4
clip_5096,VOTER,VOTER REGISTER SLOW IMPROVE HOPE COMMISSION TOUR TEACH VOTER JOIN TRY,"that the ongoing continuous vote registration will pick up after a slow start. The commission, currently on a campus sensitization tour, says its efforts to get the young voters to get on the voters role will turn the",signer_YN,10.0,draft_in_vocab_tokens,0.4
clip_5097,REGISTER,REGISTER COMMISSION HARD REGISTER,"will turn the tide on the exercise that kicked off this Monday. And as Brenda Wang now reports, the commission has its work cut out, convincing sections of the young voters to register.",signer_YN,10.0,draft_in_vocab_tokens,0.4
clip_5098,FOUR,FOUR PASS VOTER REGISTER,4 days into the restart of the continuous voter registration,signer_YN,10.0,draft_in_vocab_tokens,0.4
clip_5099,VOTER,VOTER REGISTER COMMISSION REACH TRY SET STUDENT,voter registration and the commission is now taking the registration ghost spell to the masses at the cost the commission set camp at the pani university which is teeming with hundreds of unregistered voters so,signer_YN,10.0,draft_in_vocab_tokens,0.4
clip_5100,MY,MY,my youth So,signer_YN,10.0,draft_in_vocab_tokens,0.4
clip_5101,COMMISSION,COMMISSION VOTER MILLION,65% of Kenyans are young people. The commission which seeks to capture at least 6.3 million,signer_YN,10.0,draft_in_vocab_tokens,0.4
clip_5102,MILLION,MILLION VOTER HARD DIFFICULT REASON REGISTER VOTE CLEAR REGISTER,million new voters has an uphill task convincing some of the newly eligible voters who site a litany of reasons as to why they don't want to not only register but also vote. What about clear information about EU registration?,signer_YN,10.0,draft_in_vocab_tokens,0.4
clip_5103,REGISTER,REGISTER,EU registration? How it's conducted? How it's supposed to be done? When is the period to be done with the registration?,signer_YN,10.0,draft_in_vocab_tokens,0.4
clip_5104,REGISTER,REGISTER,registration? So you get,signer_YN,10.0,draft_in_vocab_tokens,0.4
clip_5106,FAR,FAR,It is costly. the distance,signer_YN,10.0,draft_in_vocab_tokens,0.4
clip_5107,FAR,FAR,the distance,signer_YN,10.0,draft_in_vocab_tokens,0.4
clip_5108,COST,COST TRAVEL REGISTER TECHNOLOGY USE,the cost that they will be using the This round of registration has embraced technology in capturing the,signer_YN,10.0,draft_in_vocab_tokens,0.4
clip_5109,VOTER,VOTER ACCEPT,in capturing the biodata of voters. This is yet to settle with the young voters to beam. Apart from,signer_YN,10.0,draft_in_vocab_tokens,0.4
clip_5110,YES,YES SOMETIME FEAR MAYBE,"yes, sometimes people may fear such",signer_YN,10.0,draft_in_vocab_tokens,0.4
clip_5111,VOTER,VOTER REGISTER,We want to register as voters so that we can transform,signer_YN,10.0,draft_in_vocab_tokens,0.4
clip_5112,LEADER,LEADER NUMBER REGISTER FAIL LEADER,can transform this country. We want to transform the leadership of this country because we are the numbers. We are the gen Z's and failure to register voters then we'll be recycling those old old minds,signer_YN,10.0,draft_in_vocab_tokens,0.4
clip_5113,LEADER,LEADER OLD INSIDE REGISTER CENTRE COMMISSION PROMISE VOTER DATA SECURITY PRIVATE,old minds into the government and there'll be no change. Kindly we want those registration centers to be mobile. The commission however has assured that the security and privacy of voters,signer_YN,10.0,draft_in_vocab_tokens,0.4
clip_5114,VOTER,VOTER DATA SAFE PROMISE REGISTER PUSH GROW,privacy of voters data is guaranteed. The push to have the youth register on the other hand continues to grow with those taking,signer_YN,10.0,draft_in_vocab_tokens,0.4
clip_5115,ELECTION,ELECTION POLITICS VOTE DEPEND WIN HOPE VOTE IMPORTANT,with those taking political office in the 2027 elections banking on this block of voters to tilt the scales. The youth vote is seen as a critical demography in the elections,signer_YN,10.0,draft_in_vocab_tokens,0.4
clip_5116,ELECTION,ELECTION VOTE RESULT DECIDE MAYBE TEACHER PRIMARY,"in the elections and has been touted as just what could shape the outcome of that election. Brenda Wanga, Citizen TV. Now, detectives in Kilifi County are detaining a primary",signer_YN,10.0,draft_in_vocab_tokens,0.4
clip_5117,TEACHER,TEACHER PRIMARY PUPIL AGE ACCUSE ARREST SUSPECT COURT,a primary school teacher for allegedly assaulting a 15-year-old pupil. Ian Temple was arrested after honoring sermons at Mapa Police Station. Investigators say the suspect will be arraigned at Shanzu,signer_YN,10.0,draft_in_vocab_tokens,0.4
clip_5118,COURT,COURT FRIDAY COURT INVESTIGATION FINISH,at Shanzu Locorts on Friday as detectives seek to seek the court's approval to extend his detention and conclude investigations.,signer_YN,10.0,draft_in_vocab_tokens,0.4
clip_5119,STORY,STORY FOLLOW,And we continue to pursue that story for you and more,signer_YN,10.0,draft_in_vocab_tokens,0.4
clip_5120,DETAIL,DETAIL COME STORY CAR LOSE NIGHT ATTACK LAND,"and more details will be coming to you. Now to other story. One person is nursing injuries in Kibiko Kajedo County while another family is counting losses after their vehicle was torched in retaliatory night attacks as the 2,600",signer_YN,10.0,draft_in_vocab_tokens,0.4
clip_5121,LAND,LAND DISPUTE BECOME NIGHT EVENT AREA INCREASE THURSDAY SEND,"2,600 acre Kok land dispute took a violent turn. The Wednesday night incidents have further heightened tensions in the greater Kibiko area on Thursday. Uh the government deployed a heavy contingent of police",signer_YN,10.0,draft_in_vocab_tokens,0.4
clip_5122,SEND,SEND GROUP BOTH REFUSE LAND LEAVE INCREASE,of police officers to avoid possible bloodshed even as the rival factions stood their ground insisting they would not vacate the land they have settled on. First to suffer the wrath of escalating tensions in Kibiko Kajo County as,signer_YN,10.0,draft_in_vocab_tokens,0.4
clip_5123,LAND,LAND DISPUTE NIGHT CHAOS BECOME GROUP BOTH WEAPON CARRY THURSDAY READY,"as the 2,600 acre land dispute took a chaotic turn on Wednesday night. The dispute saw both factions armed themselves on Thursday ready",signer_YN,10.0,draft_in_vocab_tokens,0.4
clip_5124,THURSDAY,THURSDAY READY FIGHT GROUP FINISH GROUP LEAVE,on Thursday ready to repel each other amid reports that the government has already distributed title deeds to one of the groups requiring the other to start vacating.,signer_YN,10.0,draft_in_vocab_tokens,0.4
clip_5125,LEAVE,LEAVE,to start vacating.,signer_YN,10.0,draft_in_vocab_tokens,0.4
clip_5127,INCREASE,INCREASE STOP,To contain the escalating tensions that left one person injured,signer_YN,10.0,draft_in_vocab_tokens,0.4
clip_5128,ATTACK,ATTACK LAND DISPUTE SEND GROUP BOTH READY MINISTRY LAND LAND DIVIDE,"one person injured in a retaliatory attack, the government has deployed heavy police contingent on the contested land as rival factions brace for pleading with those people in the Ministry of Land who are subdividing this land",signer_YN,10.0,draft_in_vocab_tokens,0.4
clip_5129,LAND,LAND DIVIDE LOCAL STOP,"this land and issuing title deeds to people who are unknown to us and are known to the residents of Oop. Please, please, please seize and diseased from doing that.",signer_YN,10.0,draft_in_vocab_tokens,0.4
clip_5130,STOP,STOP,that.,signer_YN,10.0,draft_in_vocab_tokens,0.4
clip_5131,COURT,COURT DISPUTE,"Court documents trace the dispute back to 2014, spawning numerous suits and",signer_YN,10.0,draft_in_vocab_tokens,0.4
clip_5132,ACCUSE,ACCUSE LAND DIVIDE REGISTER WRONG LAND FUTURE WAIT WORRY DECISION OWNER TRUE WHO,numerous suits and counter claims of fraudulent subdivision and irregular locations. The fate of the vasque land remains in limbo with Kibiko residents anxiously waiting for a decision that will determine who the legitimate owners,signer_YN,10.0,draft_in_vocab_tokens,0.4
clip_5133,OWNER,OWNER WHO,owners are. Citizen TV with us.,signer_YN,10.0,draft_in_vocab_tokens,0.4
clip_5134,BREAK,BREAK SHORT RETURN NUMBER WHAT,"with us. So we're taking a short break here on tonight. When we come back, we'll have a conversation on data point, what the numbers are saying, but also the news gun with its early start.",signer_YN,10.0,draft_in_vocab_tokens,0.4
clip_5135,COME,COME FS-LINDA-MAMA VERSUS,"Coming up on Data Point, Linda Mama versus",signer_YN,10.0,draft_in_vocab_tokens,0.4
clip_5136,FS-LINDA-MAMA,FS-LINDA-MAMA VERSUS NUMBER HEALTH PROGRAMME BEHIND,Mama versus Linda Jami. The numbers behind the two health programs.,signer_YN,10.0,draft_in_vocab_tokens,0.4
clip_5137,WELCOME,WELCOME AGAIN NUMBER FS-LINDA-MAMA VERSUS HOW LOOK POLITICIAN CONVERSATION,"Welcome back. Before we engage the news gang bench which is already here, I want us to talk about some numbers when it comes to questions of Linda Mama versus Linda Jam. Let's begin by looking at what this has been. And of course it has been a conversation",signer_YN,10.0,draft_in_vocab_tokens,0.4
clip_5138,CONVERSATION,CONVERSATION POLITICIAN FS-LINDA-MAMA BIRTH CARE FREE MOTHER MILLION HELP TREASURY NATIONAL STATEMENT LISTEN,been a conversation among the political class. Linda Mama it was supposed to be free maternity care. It was benefiting benefiting up to 1 million mothers actually more than that when you listen to different statements of the um,signer_YN,10.0,draft_in_vocab_tokens,0.4
clip_5139,PRIMARY,PRIMARY UNDER SYSTEM CREATE,national treasury. Then Linda Jamir is under the primary health care fund which is one of the creations of the new regime of health insurance.,signer_YN,10.0,draft_in_vocab_tokens,0.4
clip_5140,MEMBER,MEMBER HELP RECEIVE MEMBER VERSUS MEMBER PAY DIFFERENT,insurance. SHA members are supposed to be benefiting from that. So there's a difference between SHA members and paid up members of,signer_YN,10.0,draft_in_vocab_tokens,0.4
clip_5141,MEMBER,MEMBER UNDER REGISTER PAY NEXT WORRY,members of SHIF because then there's also the element of Linda J under SHIF which you must be registered and of course contributing. Now the next concern is about the,signer_YN,10.0,draft_in_vocab_tokens,0.4
clip_5142,BIRTH,BIRTH CARE FREE,about the start of this Linda J the origin of it. It was started in July 2013 as free maternity,signer_YN,10.0,draft_in_vocab_tokens,0.4
clip_5143,BIRTH,BIRTH CARE FREE NAME FS-LINDA-MAMA PROJECT VALUE BILLION NUMBER,free maternity care then in 2016 it became Linda Jamir as it was called by the then administration. Then the project value was 70 billion shillings. These are figures that you find from the reports of the control of budget. The financing of that as of,signer_YN,10.0,draft_in_vocab_tokens,0.4
clip_5144,JUNE,JUNE YEAR-2023 UNTIL BILLION DIVIDE BILLION EACH,"that as of June 2023 had been at 61% which was 42.6 billion shillings worth of that program. And if to look at that as 10 years, then it's on average 4.2 billion shillings um every year. Now beyond",signer_YN,10.0,draft_in_vocab_tokens,0.4
clip_5145,NEXT,NEXT LOOK BIRTH FREE PROGRAMME NAME FS-LINDA-MAMA BUDGET BILLION YEAR-2023,"Now beyond that, let's take a look at the allocations that have been. So for the year 2016 2017 when that program of free maternity care became Linda Mama it was financed at 4.3 billion shillings in the budget of that year and then also in 2022 2023",signer_YN,10.0,draft_in_vocab_tokens,0.4
clip_5146,YEAR-2023,YEAR-2023 BUDGET LAST BILLION BUDGET FIRST YEAR-2023,2023 uh the final budget of president Uhuru Kenyatta and also what he bequipped his successor William R was 4.1 billion shillings. The first budget of President R of 2023 2024,signer_YN,10.0,draft_in_vocab_tokens,0.4
clip_5147,JUNE,JUNE YEAR-2023 PASS BILLION FS-LINDA-MAMA BUDGET JUNE PASS BILLION,2024 which was passed in June 2023 allocated 4.1 billion shillings to Linda Mama in 2024 2025. The budget that was passed in June last year the money that was passed was 2 billion shillings. You can see the shift and of course this may be,signer_YN,10.0,draft_in_vocab_tokens,0.4
clip_5148,COME,COME THEREFORE BUDGET FS-LINDA-MAMA,this may be explained by the decision that SHA was coming. It was started in October of 2024 and therefore in 2025 2026 the current financial year budget there's no allocation for Linda Mama because now that is,signer_YN,10.0,draft_in_vocab_tokens,0.4
clip_5149,FS-LINDA-MAMA,FS-LINDA-MAMA NEXT LOOK BIRTH FREE,now that is no longer one of the programs that the government of Kenya is implementing. The next thing looks at um the medical cover for vulnerable. So apart from financing the free maternity care the government has been allocating resources to,signer_YN,10.0,draft_in_vocab_tokens,0.4
clip_5150,PAY,PAY CANNOT BUY SERIOUS POOR,resources to buy medical cover for families that cannot afford. These are persons with severe disabilities. the uh poor and also the orphans and the elderly,signer_YN,10.0,draft_in_vocab_tokens,0.4
clip_5151,YEAR-2023,YEAR-2023 BILLION NEXT BUDGET FIRST BILLION JUNE PASS MILLION,"the elderly as well. So 2022 2023 allocated 1.8 billion shillings. In the subsequent year, the first budget of the current administration was 1.7 billion shillings. The budget that was passed in June last year allocated 861 million shillings. You",signer_YN,10.0,draft_in_vocab_tokens,0.4
clip_5152,MILLION,MILLION REDUCE ALMOST MILLION LAW,million shillings. You can see that's a reduction by almost 50%. And then in the current financial year 2025 2026 the allocation is only 430 million shillings which are resources that should be going to the indigents according to uh the new laws. Now the other thing that,signer_YN,10.0,draft_in_vocab_tokens,0.4
clip_5153,NEXT,NEXT LOOK BUDGET PRIMARY PRIMARY BILLION,Now the other thing that we must look at is when it comes to budgetary allocations for primary healthcare because the government is working um beyond uh the indigent there's the primary healthcare which is allocated 7 billion shillings in the financial year 2024,signer_YN,10.0,draft_in_vocab_tokens,0.4
clip_5154,JUNE,JUNE FINISH JUNE NEXT UNTIL BILLION IMPROVE LOOK REMEMBER,the financial year 2024 2025 the year ending June 2025 for the current financial year starting July 2025 until next year June the allocation is 13.1 billion shillings so this looks like an improvement but remember,signer_YN,10.0,draft_in_vocab_tokens,0.4
clip_5155,REMEMBER,REMEMBER PRIMARY EACH PAY MILLION,but remember the SH rates in the allocation of primary healthcare here is supposed to be 900 shillings per person in Kenya which is supposed to be financed by taxpayers resources. So assuming we are 50 million of us the allocation should,signer_YN,10.0,draft_in_vocab_tokens,0.4
clip_5156,BILLION,BILLION BILLION PART SMALL SERVE ENOUGH NEXT LOOK FS-LINDA-MAMA COMPARE,the allocation should be 45 billion shillings but you're talking about just 13 billion shillings which is only equivalent uh which is sufficient to serve just a fraction of the population. The other thing that you have to look at is comparing Linda,signer_YN,10.0,draft_in_vocab_tokens,0.4
clip_5157,FS-LINDA-MAMA,FS-LINDA-MAMA VERSUS BIRTH CARE COMPARE BIRTH NORMAL FS-LINDA-MAMA UNTIL HOSPITAL DEPEND,"comparing Linda Mama versus Linda Jam when it comes to maternal care. So normal delivery under Linda Mama under President Uhuru Kenyatta was allocating between 3,500 shillings to 6,000 shillings depending on the level of the hospital. For cesarian",signer_YN,10.0,draft_in_vocab_tokens,0.4
clip_5158,OPERATION,OPERATION UNTIL HOSPITAL DEPEND PRIMARY UNDER BIRTH NORMAL,"For cesarian section it was between 10,000 and 17,000 shillings again depending on the level of the hospital and then uh you to look at the primary healthcare under share it is now 10,000 shillings for normal delivery and 30,000 shillings",signer_YN,10.0,draft_in_vocab_tokens,0.4
clip_5159,OPERATION,OPERATION FOUR QUALIFY,"30,000 shillings for CS or cesarian section for ANC meaning antinatal clinic and postnatal clinic it you are you would qualify for four clinics at 500 shillings that is four ANC's four PNC's 500",signer_YN,10.0,draft_in_vocab_tokens,0.4
clip_5160,OPERATION,OPERATION HOSPITAL REACH DIFFICULT,"500 shillings at the moment it's not clear whether case would be allocated. Of course, there's limited access to CS operations at level",signer_YN,10.0,draft_in_vocab_tokens,0.4
clip_5161,OPERATION,OPERATION HOSPITAL REGISTER OPERATION MOST THEREFORE REGISTER PRIMARY REACH CAN LAST,operations at level three hospitals and also shift eligibility is required for most operations and therefore you must be registered with SHA for you to access even the primary health coverage that we're talking about. The last slide we look at is when it comes to shift,signer_YN,10.0,draft_in_vocab_tokens,0.4
clip_5162,VERSUS,VERSUS BIRTH CARE COMPARE BIRTH NORMAL REMEMBER REGISTER PAY REGISTER PAY,"shift versus NHIF on maternity care normal delivery under NHIF was 10,000 shillings. So remember, you have to be registered and contributing at that point. Currently under shift registered and contributing 10,000 shillings cesarian section in NHIF regime",signer_YN,10.0,draft_in_vocab_tokens,0.4
clip_5163,REGISTER,REGISTER PAY UNDER SAME HOSPITAL UNTIL REACH CAN NUMBER PART,"NHIF regime it was 30,000 shillings registered and contributing under shift it is still 30,000 shillings and of course this is accessible at level twos all the way to level six of care and of course that's has that's just part of the numbers of what has been going on",signer_YN,10.0,draft_in_vocab_tokens,0.4
clip_5164,CONVERSATION,CONVERSATION VERSUS LEADER TONIGHT NUMBER LOOK,"what has been going on the discourse between former president Uhuru Kenyatta and the leadership of William R that's where I want us to begin on the news gang tonight. Ivonne, looking at those numbers and at the same time so much",signer_YN,10.0,draft_in_vocab_tokens,0.4
clip_5165,POLITICS,POLITICS NUMBER YOUR,"so much heat from the political scene, what are we talking about? Your numbers are interesting. Um, and",signer_YN,10.0,draft_in_vocab_tokens,0.4
clip_5166,BIRTH,BIRTH CARE NUMBER MOTHER PAY CANNOT HELP RECEIVE CANNOT MAYBE,and it would seem maternal care from the numbers at least um unless I have misunderstood them um that the maternal care for those who cannot contribute is no longer available under this,signer_YN,10.0,draft_in_vocab_tokens,0.4
clip_5167,LOOK,LOOK TRUE,"this current regime. Right? That's what it looks like,",signer_YN,10.0,draft_in_vocab_tokens,0.4
clip_5168,OK,OK THAT,"Okay. So, I for me that that was",signer_YN,10.0,draft_in_vocab_tokens,0.4
clip_5169,NUMBER,NUMBER EXPAND FINISH,that was bottom line lesson uh from from those numbers. Um say what you will about we've expanded,signer_YN,10.0,draft_in_vocab_tokens,0.4
clip_5170,EXPAND,EXPAND BETTER LOOK PAY MOTHER,"we've expanded this, it is better because it looks like um under the current regime, you have to be contributing under shift, Uh when before that, uh mothers could walk into",signer_YN,10.0,draft_in_vocab_tokens,0.4
clip_5171,MOTHER,MOTHER HOSPITAL ENTER CAN REGISTER PAY ALLOW ENTER BABY BIRTH CARE RECEIVE LEAVE PAY,"could walk into a hospital regardless whether they were registered with NHIF or not, regardless of whether they were contributing or not. um were allowed to go in, have their babies, have maternal care and leave without paying a scent.",signer_YN,10.0,draft_in_vocab_tokens,0.4
clip_5172,PAY,PAY THINK ALWAYS,scent. Um I think like you constantly,signer_YN,10.0,draft_in_vocab_tokens,0.4
clip_5173,ALWAYS,ALWAYS NUMBER PROBLEM SAME MOTHER GO,"you constantly say Sam, numbers don't lie, but it seems in this country counting is a problem. So on the same thing on what Ivonne is talking about how mothers would go",signer_YN,10.0,draft_in_vocab_tokens,0.4
clip_5174,MOTHER,MOTHER GO BIRTH PAY LEAVE MOTHER PROBLEM ANY CARE RECEIVE FS-LINDA-MAMA,mothers would go and give birth and come out without paying anything even mothers who ended up having some complications you know things can happen postpartum bleeding or any of that were actually cared for because the whole thing was kinda mama so she's given birth their,signer_YN,10.0,draft_in_vocab_tokens,0.4
clip_5175,BIRTH,BIRTH PROBLEM CARE RECEIVE RESULT HOSPITAL GO,given birth their complications and she's actually taken care of. What did this lead to? It led to a lot more women going,signer_YN,10.0,draft_in_vocab_tokens,0.4
clip_5176,HOSPITAL,HOSPITAL BIRTH GO BIRTH COST HIGH HOSPITAL GO MOTHER DIE REDUCE,"lot more women going to the hospital to give birth. Remember we had a lot of instances where women would give birth at home because of the cost of going to hospital to give birth. So they would do it in the hospital. Number one. Number two, it also meant that there was a a reduction in maternal mortality uh deaths that",signer_YN,10.0,draft_in_vocab_tokens,0.4
clip_5177,MOTHER,MOTHER DIE REDUCE HOSPITAL GO PROBLEM DOCTOR EARLY MOTHER CHILD SAVE CAN PURPOSE LIFE SAVE MOTHER SAVE CHILD SAVE,"that were reported because more women were going to the hospital. If there were any complications, the doctors were able to catch it and and and be able to save the mother and the children because why do this in the first place? Save lives. Save the life of the mother. Save the life of the child. But now with",signer_YN,10.0,draft_in_vocab_tokens,0.4
clip_5178,NORMAL,NORMAL SAME MEMBER PAY PAY,"But now with Linda Jam although we are seeing what you're talking about here 30,000 for CS 10,000 for normal and it's the same as it was under NHIF but if you're not a paid up member of you need to go pay",signer_YN,10.0,draft_in_vocab_tokens,0.4
clip_5179,MEAN,MEAN LIFE THINK SAD VERY POLITICS,then what is the essence of it we not saving lives we are not doing everything that we can and I think that's very sad and of course bono because this heat was started,signer_YN,10.0,draft_in_vocab_tokens,0.4
clip_5180,SYSTEM,SYSTEM PURPOSE TRUE EASY,heat was started by the former president who say that um now we have untested untried schemes being introduced and it's very possible to lose the sight of what exactly is the essence of healthcare or health insurance,signer_YN,10.0,draft_in_vocab_tokens,0.4
clip_5181,POLITICS,POLITICS THINK,or health insurance or whatever it is. Why so much heat? Uh thank you. I think uh to be fair to,signer_YN,10.0,draft_in_vocab_tokens,0.4
clip_5182,NAME,NAME PROBLEM MEET SOLVE NEED,"fair to Sha or Linda Jami as they're calling it, it's only been operational for one year and I think in that one year we have to admit there are very many teething problems that it has encountered that needs to be sorted.",signer_YN,10.0,draft_in_vocab_tokens,0.4
clip_5183,SOLVE,SOLVE NEED FS-LINDA-MAMA LOOK AIM CLEAR PURPOSE CLEAR THEREFORE THINK,"needs to be sorted. If you look at Linda Mama, it was very specific to who it was targeting and to what cause it was to achieve. So I think based on that alone uh I find it",signer_YN,10.0,draft_in_vocab_tokens,0.4
clip_5184,THINK,THINK COMPARE FS-LINDA-MAMA BIRTH AIM,I find it unfair comparison in the first place that you're looking at Linda Mama that specifically targeted uh delivery prenatal and postnatal and Linda Jabi,signer_YN,10.0,draft_in_vocab_tokens,0.4
clip_5185,WIDE,WIDE LOOK SOME SAME YES POLITICS LOOK EASY,"Linda Jabi that is slightly wider but because if you look at the rate some of them are the same. Yeah, but then again this is politics. You look at what is the easiest",signer_YN,10.0,draft_in_vocab_tokens,0.4
clip_5186,EASY,EASY MOST CARE STRONG CHOOSE,punch that I can throw to my opponent so that he's caught either flatfooted or completely unawares and that is what Uhuru Kenyatta is doing. He picks what most Kenyans are passionate,signer_YN,10.0,draft_in_vocab_tokens,0.4
clip_5187,CARE,CARE STRONG CHOOSE,are passionate about and that is healthcare. He picks what the rut administration,signer_YN,10.0,draft_in_vocab_tokens,0.4
clip_5188,STRUGGLE,STRUGGLE,rut administration is struggling with and that is healthcare. and he says they repealed what,signer_YN,10.0,draft_in_vocab_tokens,0.4
clip_5189,GOOD,GOOD BRING POLITICS CREATE FUTURE YOUR SIDE,they repealed what we had that was working and they bring in something that is untried and tested and all that. So with that you create that political heat that gives you more talking points as the days go ahead because you'll find so many in your corner,signer_YN,10.0,draft_in_vocab_tokens,0.4
clip_5190,YOUR,YOUR SIDE SYSTEM GOOD WITNESS POLITICS POINT GOOD,in your corner that will attest that this thing is not working and they will give testimony to what worked in the previous regime. So politically it would be a good point to score against,signer_YN,10.0,draft_in_vocab_tokens,0.4
clip_5191,AGAINST,AGAINST POINT LOOK,"score against Linda Jamie. However, if you looked at the practicality of it,",signer_YN,10.0,draft_in_vocab_tokens,0.4
clip_5192,WIDE,WIDE AIM TRUE PROBLEM SOLVE GO,"it, you will find that Linda Jami definitely targets a wider audience. But then again, one year into operations, those things that would teething problem must be arrested and dealt with so that as it moves on its second year, then",signer_YN,10.0,draft_in_vocab_tokens,0.4
clip_5193,SYSTEM,SYSTEM RECORD ACCUSE,"then we have what we could call 100% working system. Mhm. And Lance, have we been here where serving president has to defend their record against uh what claims are coming from a",signer_YN,10.0,draft_in_vocab_tokens,0.4
clip_5194,ACCUSE,ACCUSE YES HAPPEN,"coming from a Yes, we've been and uh",signer_YN,10.0,draft_in_vocab_tokens,0.4
clip_5195,WAY,WAY DIFFERENT CONTROL SELF,"but not in the manner that the two presidents, the current and former uh previous presidents were a lot more",signer_YN,10.0,draft_in_vocab_tokens,0.4
clip_5196,CONTROL,CONTROL SELF CAREFUL REMEMBER,lot more restrained in talking about your successor. Uh remember president Moy Kibaki took over from Moy and u it was only his left tenants that were really throwing those jibes about,signer_YN,10.0,draft_in_vocab_tokens,0.4
clip_5197,ECONOMY,ECONOMY FAIL HEALTH BAD SELF FALL MUCH,"about uh 24 years of a failed economy, 24 years of bad health and all that. Uh it was never Kibaki himself doing that. A lot has collapsed in presidential decorum in this country. Uh we don't have a",signer_YN,10.0,draft_in_vocab_tokens,0.4
clip_5199,FIGHT,FIGHT LIKE POLITICIAN NORMAL SAD,Uh so presidents current and former uh brawlers just like any other politician. And um it's sad because normally,signer_YN,10.0,draft_in_vocab_tokens,0.4
clip_5200,NORMAL,NORMAL FIVE SINCE FIVE PROGRAMME,normally you would want to say there that's a club that has had only five Kenyans since independence. Only five by the way and only two are alive and this is their interaction talking about their programs,signer_YN,10.0,draft_in_vocab_tokens,0.4
clip_5201,PROGRAMME,PROGRAMME WHO LOOK DEPUTY DEPUTY FS-LINDA-MAMA,their programs and who is talking look who is talking president Uhuru Kenyata had a deputy called president deputy President William R. William R was the deputy president of Linda Mama.,signer_YN,10.0,draft_in_vocab_tokens,0.4
clip_5202,THEREFORE,THEREFORE CRITICISE,So what are we talking about? What is he criticizing?,signer_YN,10.0,draft_in_vocab_tokens,0.4
clip_5203,CRITICISE,CRITICISE COMPARE PAST BENCH WRONG SICK CONSTITUTION,he criticizing? What are they trying to to uh to compare? I think some time back um we said right here on this bench that there's something wrong there's something sick about how the constitution,signer_YN,10.0,draft_in_vocab_tokens,0.4
clip_5204,CONSTITUTION,CONSTITUTION HANDLE BAD FIRST,constitution of Kenya has been treated by uh these two first as during the time of president Uhuru Kenyata and now during the time of president President William R. What we are seeing is a continuation,signer_YN,10.0,draft_in_vocab_tokens,0.4
clip_5205,OPEN,OPEN FIGHT NUMBER NUMBER,continuation of of that because now it is open season and u they are brawling. So are they talking in terms of the exactitudes like uh the numbers that you you displayed here those numbers,signer_YN,10.0,draft_in_vocab_tokens,0.4
clip_5206,NUMBER,NUMBER POLITICS FIGHT FIGHT,those numbers don't really matter. These guys are fighting politics. Fighting,signer_YN,10.0,draft_in_vocab_tokens,0.4
clip_5207,POLITICS,POLITICS FIGHT,Fighting politics yet,signer_YN,10.0,draft_in_vocab_tokens,0.4
clip_5208,RESPONSIBILITY,RESPONSIBILITY MANAGE STILL,"still with a big responsibility to manage a country. The former doesn't. Um well,",signer_YN,10.0,draft_in_vocab_tokens,0.4
clip_5209,NO,NO POINT ADD THINK SOMETIME SELF CONVERSATION ENTER,"well, no, but I I just want to add on to that point. I think sometimes the president invites himself into conversations",signer_YN,10.0,draft_in_vocab_tokens,0.4
clip_5210,CONVERSATION,CONVERSATION ENTER RIGHT SPEAK CAN CANNOT,"conversations and defense that he really shouldn't. Um the former president and and we'll talk about that later about whether he has a right to speak, what he can and cannot say and you know and the weight of his words.",signer_YN,10.0,draft_in_vocab_tokens,0.4
clip_5211,SELF,SELF ABOVE RISE RECORD VERSUS RECORD ALLOW,weight of his words. Um but it would be that at some point we have a presidency that elevates itself from this. Let the former president say what he wants to say about his record versus the record of the current. Um I think if the,signer_YN,10.0,draft_in_vocab_tokens,0.4
clip_5212,NUMBER,NUMBER BETTER STRONG NUMBER SPEAK ALLOW ANSWER SELF ENTER,"if the numbers speak to Linda Jami being the better, more superior cover, then let the numbers speak. Um because when he invites himself to respond to everyone, you know what we talk about responding",signer_YN,10.0,draft_in_vocab_tokens,0.4
clip_5213,MARKET,MARKET ANSWER EVERY SITUATION FALL MINISTER HEALTH ALLOW,what we talk about responding to every barking dog in the market. Um this one for me was um you know just I guess another sign of that deterioration of uh of of the state of the nation as we see it. I mean he has a cabinet secretary for health. Let him do that.,signer_YN,10.0,draft_in_vocab_tokens,0.4
clip_5214,HEALTH,HEALTH ALLOW LEAD SPEAK ALLOW ANSWER ALLOW,health. Let him do that. There is a PS there is a CEO in charge of SHA. Uh I mean you know all of these exist. Um let him speak let them speak. Let them respond. Um,signer_YN,10.0,draft_in_vocab_tokens,0.4
clip_5215,LIKE,LIKE FATHER MY CAR FATHER YOUR MY BETTER FATHER MY BETTER FATHER YOUR,Um but you know right now it's just um it's like you know two boys in the playground saying my daddy's car is bigger than your daddy's car and you know mine and and mine is better my daddy is better than your daddy's. So it's just at some point,signer_YN,10.0,draft_in_vocab_tokens,0.4
clip_5216,LIFE,LIFE RISK RISK WAY POOR IMPROVE NEED THINK COMPARE THAT,at some point and and and just to say that lives are at stake money is at stake but the manner in which um this is being discussed leaves a lot to be desired. I think in the in that analogy,signer_YN,10.0,draft_in_vocab_tokens,0.4
clip_5217,COMPARE,COMPARE YOUR NO FATHER MY CAR VERSUS SECOND MATCH,analogy you in the in the analogy you are bringing don't be surprised if one of them says no no my daddy didn't have a car oh sorry yeah dynasties versus hustle two seconds of 20 for that match,signer_YN,10.0,draft_in_vocab_tokens,0.4
clip_5218,BETTER,BETTER FS-LINDA-MAMA WILL REASON,so if better than mama it will show whatever it is that the reason why we came up with this in the first place was,signer_YN,10.0,draft_in_vocab_tokens,0.4
clip_5219,GOOD,GOOD WILL THEREFORE QUIET NUMBER SPEAK ALLOW YES THINK,"works, we'll actually see people talking about how good it is. So I think for now we just keep quiet and let And let the numbers. Yeah. Sam, I think",signer_YN,10.0,draft_in_vocab_tokens,0.4
clip_5220,YES,YES THINK,"Yeah. Sam, I think what would work for",signer_YN,10.0,draft_in_vocab_tokens,0.4
clip_5221,STOP,STOP IF,is if we stop,signer_YN,10.0,draft_in_vocab_tokens,0.4
clip_5222,POLITICS,POLITICS STOP LISTEN POLITICS DRIVE SPACE NEED,stop the political noise and listen to our technocrats. Universal health coverage though driven politically is a space of exactitudes. Mhm. We need our technocrats,signer_YN,10.0,draft_in_vocab_tokens,0.4
clip_5223,QUALIFY,QUALIFY HEAR NEED ISSUE THEREFORE,We need to hear people who have qualified opinions to actually talk about this. This is not a rallies issue. Which is why you notice,signer_YN,10.0,draft_in_vocab_tokens,0.4
clip_5224,EDUCATION,EDUCATION HEALTH POLITICIAN,notice education and health are not very popular topics in in uh the campaign trail. You can never fix that. What what what our politicians,signer_YN,10.0,draft_in_vocab_tokens,0.4
clip_5225,POLITICIAN,POLITICIAN EVERY THEREFORE,what our politicians say every weekend which is why,signer_YN,10.0,draft_in_vocab_tokens,0.4
clip_5226,EDUCATION,EDUCATION HEALTH SPACE,but they they will not put education. They will not put health because this is the space,signer_YN,10.0,draft_in_vocab_tokens,0.4
clip_5227,SPACE,SPACE SAVE SOMETIME POLITICS ABOVE FAIL,this is the space of our technocracy. And you know the saving grace in this country is we have some of the finest brains only that they they sometimes fail to overcome the political uh umbrella that is,signer_YN,10.0,draft_in_vocab_tokens,0.4
clip_5228,POLITICS,POLITICS ABOVE HEALTH SECTOR GOOD VERY CAN GOOD GOOD ACHIEVE HOW,that is uh above them. We have people in this country who can run the health sector very very well. We have people who are who have very good brains and uh uh ideas on how to actually actualize,signer_YN,10.0,draft_in_vocab_tokens,0.4
clip_5229,ACHIEVE,ACHIEVE CONVERSATION POLITICS DRIVE,actualize universal uh healthcare. Um but but right now the conversation is driven politically and it just means there's a lot of fog in it because those are not our specialists. You actually realize in all,signer_YN,10.0,draft_in_vocab_tokens,0.4
clip_5230,SPEAK,SPEAK DOCTOR NUMBER YES NUMBER NUMBER FEW DEBT ABOUT YES TRUE,"that have been speaking there's no medical doctor or even a nurse um saying anything about and there were no numbers either. Oh yes, there are no numbers. There are a few numbers about fictitious debts. We'll talk about that later. Yes, that's right. When news",signer_YN,10.0,draft_in_vocab_tokens,0.4
clip_5231,HEALTH,HEALTH STORY HEALTH WORKER PROTEST SALARY LATE WORKER GOVERNOR OFFICE LEADER ACCUSE,"But speaking of health, there's a story here that I want to bring you about Nairobi County health workers who staged street protest of uh delayed salaries. The workers who marched to the governor's office there, the county executive accused the county executive of betrayal,",signer_YN,10.0,draft_in_vocab_tokens,0.4
clip_5232,ACCUSE,ACCUSE HOSPITAL STOP SALARY MONTH THREE PAY UNTIL SALARY MONTH TODAY PAY PROMISE CLEAR WEEK,"executive of betrayal, threatening to paralyze operations in all health facilities until their three month salaries are paid. And as Emily Tibet now reports, the county government says they have paid two month salaries today and pledged to clear the pending aras within one week.",signer_YN,10.0,draft_in_vocab_tokens,0.4
clip_5233,WEEK,WEEK WORKER HEALTH SEVEN UNDER GATHER,within one week. The workers under seven health unions merged from,signer_YN,10.0,draft_in_vocab_tokens,0.4
clip_5234,OFFICE,OFFICE WORKER SALARY LATE LIFE SPOIL LIVE MONTH THREE PAY,merged from Jevanjee guidance to the Nairobi county offices. The workers say the delay in salaries have disrupted their lives and those of their families. Imagine living in Nairobi with three months without being,signer_YN,10.0,draft_in_vocab_tokens,0.4
clip_5235,PAY,PAY MONTH THREE SALARY PAY PAY PAY WALK PROMISE MONTH EVERY PAY,"without being paid three month salary. In Nairobi, you have rents to pay, you have school fees to pay, you have to transport yourself to work. It's not like we walk to work. They committed to be paying by 5th of every month.",signer_YN,10.0,draft_in_vocab_tokens,0.4
clip_5236,MONTH,MONTH EVERY LOOK TODAY WORKER HEALTH STRIKE,"every month. We are giving them an allowance of one or two days. But look here, today is a is four is is a third The health workers threatened to continue with the strike",signer_YN,10.0,draft_in_vocab_tokens,0.4
clip_5237,STRIKE,STRIKE HEALTH SERVICE CITY STOP DEMAND MEET UNTIL SERVICE REACH CANNOT STOP LATE,the strike and suspend health services in the city until their demands are met. They are also claiming that they cannot access medical services after their social health authority cover was suspended following delayed remittances.,signer_YN,10.0,draft_in_vocab_tokens,0.4
clip_5238,LATE,LATE COME REDUCE COME REDUCE ECONOMY HARD SALARY SAME,"remittances. SH came, it reduced our pay slip. House Levy came, it reduced our pay slip. But on our side, we're not being promoted in this tough economy. Imagine living with the same salary you lived 10 years ago, 5",signer_YN,10.0,draft_in_vocab_tokens,0.4
clip_5239,PROMISE,PROMISE ISSUE SOLVE,"ago, 5 years ago. How are you going to meant to survive? We have had the employer commit to resolve these issues",signer_YN,10.0,draft_in_vocab_tokens,0.4
clip_5240,ISSUE,ISSUE SOLVE PROMISE AGREEMENT BREAK AGREEMENT REASON PROTEST SIT ISSUE,"these issues only for them to go against the agreements. So nonhonoring of agreements is one of the reasons why we are out here. So we are wondering why would we always sit on a table and discuss issues that don't end up being implemented. In response,",signer_YN,10.0,draft_in_vocab_tokens,0.4
clip_5241,ANSWER,ANSWER MEMBER,"In response, county executive committee member",signer_YN,10.0,draft_in_vocab_tokens,0.4
clip_5242,MEMBER,MEMBER SALARY THURSDAY PAY PROMISE WEEK CLEAR TREASURY NATIONAL PROMISE,"committee member for finance Charles Kerit said August and September salaries were paid Thursday and pledged to settle within a week. According to Kerich, the national treasury has assured the county that the September equitable",signer_YN,10.0,draft_in_vocab_tokens,0.4
clip_5243,SHARE,SHARE WEEK RELEASE DEBT CLEAR ALLOW,"the September equitable share allocation will be released this week of October to allow them settle their rares. Meanwhile, members of parliament from Kiambu County",signer_YN,10.0,draft_in_vocab_tokens,0.4
clip_5244,WORRY,WORRY BAD WORSE DOCTOR STRIKE MONTH THREE BABY MINIMUM,County have raised concerns over the deteriorating state of healthcare in the county following a more than 3 months doctor's strike. would read that at least 136 infants,signer_YN,10.0,draft_in_vocab_tokens,0.4
clip_5245,BABY,BABY DIE CARE MOTHER BIRTH DIE,infants have died in UNATO and pediatric wards due to the uh absence of personnel to administer care. No fewer than 20 mothers have lost their lives during child birth,signer_YN,10.0,draft_in_vocab_tokens,0.4
clip_5246,BIRTH,BIRTH DIE OR PROBLEM PREVENT CAN DOCTOR WATCH IF DIE HOSPITAL INSIDE,during child birth or for preventable post-d delivery complications. Cases that not have been turned fatal if basic medical supervision had been available. Hospitals of Kiambu County are in ICU,signer_YN,10.0,draft_in_vocab_tokens,0.4
clip_5247,HOSPITAL,HOSPITAL SELF SICK MEDICINE DOCTOR,ICU all of them. The hospitals themselves are sick. There are no medicine. There are no doctors. Uh the cleaners are not there.,signer_YN,10.0,draft_in_vocab_tokens,0.4
clip_5248,BUILDING,BUILDING HOSPITAL GO BAD FAR SPREAD LEADER GOVERNOR SOLVE,"are not there. The facilities are in a mess. Not only even in the hospitals, even if you go to the mogs, the stench is coming from far and wide. The leaders urged Governor Kimani Wamatangi to resolve",signer_YN,10.0,draft_in_vocab_tokens,0.4
clip_5249,SOLVE,SOLVE SERVICE JOIN,"to resolve the stillmate to ensure smooth service delivery for the residents of Kiambu. Emily Ched, Citizen Now, former Chief Justice David Maraga has joined the United",signer_YN,10.0,draft_in_vocab_tokens,0.4
clip_5250,JOIN,JOIN PARTY ELECTION WILL PARTY LEADER ANNOUNCE CHOOSE VALUE PROMISE LEADERSHIP,joined the United Green Movement Party and will vive for the presidency in 2027 on the same ticket. Maraga who was unveiled in Nairobi as party leader and flag bearer said he chose UGM for its values and vowed to anchor his leadership,signer_YN,10.0,draft_in_vocab_tokens,0.4
clip_5251,LEADERSHIP,LEADERSHIP LAW RULE CONSTITUTION BASE TRAVEL PARTY MAKE PROMISE GOVERN SYSTEM FAIL,his leadership on the rule of law and constitutionalism. He said he will traverse the country to popularize the party and promise to reset governance to work for all Kenyans citing failure in current systems.,signer_YN,10.0,draft_in_vocab_tokens,0.4
clip_5252,SYSTEM,SYSTEM,systems. the image of this,signer_YN,10.0,draft_in_vocab_tokens,0.4
clip_5253,PARTY,PARTY RAISE ISSUE FACE DIRECT SOLVE WILL ISSUE SPOIL,the image of this of this party to another level. We are going to deal squarely with the the issue of that has as as as us and,signer_YN,10.0,draft_in_vocab_tokens,0.4
clip_5254,SPOIL,SPOIL SERIOUS,and terribly ruined this country. We we we we are going to give the necessary,signer_YN,10.0,draft_in_vocab_tokens,0.4
clip_5255,POLITICS,POLITICS WILL NEED FIGHT BELIEVE,the necessary political will to fight it. We believe in teamwork but we,signer_YN,10.0,draft_in_vocab_tokens,0.4
clip_5256,SAME,SAME SAME,but we work with people who share our our ideologies. Those those who share our ideologies.,signer_YN,10.0,draft_in_vocab_tokens,0.4
clip_5257,ISSUE,ISSUE,our ideologies. We have two major issues to,signer_YN,10.0,draft_in_vocab_tokens,0.4
clip_5258,ISSUE,ISSUE SOLVE LAW RULE CERTIFICATE SYSTEM,issues to deal with and the rule of law. K launches electronic certificate of origin,signer_YN,10.0,draft_in_vocab_tokens,0.4
clip_5259,CERTIFICATE,CERTIFICATE REGISTER MAKE AFRICA EAST ANNOUNCE,of origin system to digitize the registration of exporters. This African brewery EABL has unveiled its fifth standalone,signer_YN,10.0,draft_in_vocab_tokens,0.4
clip_5260,COMPANY,COMPANY PROMISE FUTURE CONFIRM MIDDLE COMPANY WATER CARE,its fifth standalone sustainability report reaffirming their company's commitment to a sustainable future. At the heart of the report is the company's water stewardship,signer_YN,10.0,draft_in_vocab_tokens,0.4
clip_5261,WATER,WATER CARE PROGRAMME UNDER PROJECT COMPANY INCLUDE WORKER REACH AIM,stewardship with landmark initiatives under the water for life program as well as the company's efforts in any inclusion to get a 50/50 gender balance in its workforce by 2030. Jimmy Bogle has more.,signer_YN,10.0,draft_in_vocab_tokens,0.4
clip_5262,PAST,PAST AFRICA EAST INVEST DEEP,"In the last year, the East African Breweries has continued to deepen",signer_YN,10.0,draft_in_vocab_tokens,0.4
clip_5263,INVEST,INVEST FARMER LOCAL TRAINING COMPANY PART,"continued to deepen its investment in regenerative agriculture, working with more than 20,000 local farmers through demonstration plants, training program, and fair contract arrangements. As part of the company's efforts towards",signer_YN,10.0,draft_in_vocab_tokens,0.4
clip_5264,COMPANY,COMPANY AIM ECONOMY USE IMPORTANT REACH,"efforts towards ensuring a grainto glass circular economy, the Bureau further reports that over 70% of its operation now runs on renewable energy, a critical step towards achieving net zero by 2030, boosted",signer_YN,10.0,draft_in_vocab_tokens,0.4
clip_5265,HELP,HELP DIFFERENT,boosted by biomass energy efficiency gains and the adoption of cleaner logistics fleets. What we spent with diver on diverse suppliers,signer_YN,10.0,draft_in_vocab_tokens,0.4
clip_5266,COMPANY,COMPANY INSIDE SPEND BILLION UNTIL INCREASE,suppliers or women suppliers within the organization was up to 6 billion um which was a 12% yearon-year increase.,signer_YN,10.0,draft_in_vocab_tokens,0.4
clip_5267,INCREASE,INCREASE DIFFERENT TRAIN,increase. We also trained a lot of um diverse,signer_YN,10.0,draft_in_vocab_tokens,0.4
clip_5268,DIFFERENT,DIFFERENT COMMUNITY INSIDE TRAIN TARGET PASS ECONOMY LOOK BILLION,"diverse people within the communities again over hitting our target. From an economic perspective, the brewer has had a 24",signer_YN,10.0,draft_in_vocab_tokens,0.4
clip_5269,BILLION,BILLION VALUE ADD IMPACT DIRECT BILLION HOUSEHOLD IMPACT BILLION IMPACT BILLION JOB LOOK,"had a 24 billion shillings gross value ad with a direct impact of 35 billion shillings while induced impact on households stood at 14 billion shillings. Even downstream impact stood at 66 billion shillings. On the jobs front,",signer_YN,10.0,draft_in_vocab_tokens,0.4
clip_5270,JOB,JOB LOOK COMPANY JOB FORMAL PLUS JOB FORMAL CREATE ILLEGAL CONTROL,"On the jobs front, the company boasts of 900 formal jobs while an additional 57,000 formal jobs were created from the supply chain. The brewer is now calling on the government to reign in on illicit",signer_YN,10.0,draft_in_vocab_tokens,0.4
clip_5271,ILLEGAL,ILLEGAL CONTROL JOB CREATE ALLOW PROBLEM,on illicit alcohol to allow the value chain to create more jobs. The biggest menace we have right now in this country,signer_YN,10.0,draft_in_vocab_tokens,0.4
clip_5272,ILLEGAL,ILLEGAL ILLEGAL SOLVE NUMBER GROW WILL,"in this country is illicit alcohol. And we deal with illicit alcohol, even 25%. That number is going to go another 50%.",signer_YN,10.0,draft_in_vocab_tokens,0.4
clip_5273,ILLEGAL,ILLEGAL SOLVE GENERATION FUTURE FOR,50%. Let's address illicit for the sake of our future generations,signer_YN,10.0,draft_in_vocab_tokens,0.4
clip_5274,GENERATION,GENERATION FUTURE FOR TREASURY COLLECT IMPROVE FOR LAST JOB IMPROVE FOR CONTRIBUTE DIRECT,future generations and for the sake of improving the excheer collection and the last one for improving employment in And I've seen that there's a direct contributions.,signer_YN,10.0,draft_in_vocab_tokens,0.4
clip_5275,CONTRIBUTE,CONTRIBUTE ILLEGAL USE REDUCE HEALTH,"contributions. We lower the consumption of illicit. We have two main effects. Number one, health of our young people,",signer_YN,10.0,draft_in_vocab_tokens,0.4
clip_5276,HEALTH,HEALTH IMPORTANT VERY BILLION TREASURY GROW EASY CAN COMPANY,"people, which is very critical. And number two, uh we also have from the 114 billion uh that you're giving to the X-Techer, we can easily grow that here. Be now says it is set to integrate the company's sustainability efforts",signer_YN,10.0,draft_in_vocab_tokens,0.4
clip_5277,GLOBAL,GLOBAL MATCH FOLLOW PLUS MARKET,"efforts with global standards, aligning disclosures to FRS1 and S2 sustainability reporting framework. Jimmy Bogen TV Nairobi. Now the Kenya Revenue Authority in collaboration in the common market for",signer_YN,10.0,draft_in_vocab_tokens,0.4
clip_5278,MARKET,MARKET AFRICA EAST SOUTH CERTIFICATE TRADE REGION EASY AIM SYSTEM CERTIFICATE ISSUE,common market for Eastern and Southern Africa COMESA has begun the pilot implementation of the electronic certificates of origin in a move aimed at easing regional trade. The system will automate the issuance and verification of certificates,signer_YN,10.0,draft_in_vocab_tokens,0.4
clip_5279,CERTIFICATE,CERTIFICATE REDUCE REDUCE FOR OFFICIAL SYSTEM BUSINESS MARKET REGION REACH QUICK TRADE IMPROVE,of certificates cutting paperwork and reducing processing times for exporters. Officials say the new platform will make it cheaper and faster for Kenyan businesses to access regional markets while enhancing crossber trade efficiency,signer_YN,10.0,draft_in_vocab_tokens,0.4
clip_5280,BAD,BAD REDUCE EASY,efficiency and cbing world practices. It will be easier for exporters,signer_YN,10.0,draft_in_vocab_tokens,0.4
clip_5281,CERTIFICATE,CERTIFICATE EASY CERTIFICATE TRADE FOR MEAN AGREE,exporters or even importers for the verification of the certificates because uh this uh electronic certificate of origin is with regard to preferential uh trade which means that uh where countries have agreed,signer_YN,10.0,draft_in_vocab_tokens,0.4
clip_5282,AGREE,AGREE TRADE TERM AGREEMENT TERM AGREE EXAMPLE TAX REDUCE,have agreed uh to have uh preferential terms of trading and they have a preferential uh agreement. So there are terms that they have agreed to in for example either reduced taxes or,signer_YN,10.0,draft_in_vocab_tokens,0.4
clip_5283,TAX,TAX REDUCE SLOW,taxes or uh graduate gradually reducing tax. There have also been cases of fraud uh which have,signer_YN,10.0,draft_in_vocab_tokens,0.4
clip_5284,ENVIRONMENT,ENVIRONMENT CERTIFICATE ENVIRONMENT IMPORTANT TRUST,uh which have been reported even environmentally because of the paperless use of certificates. uh it's environmentally uh friendly but also important that uh it confers trust,signer_YN,10.0,draft_in_vocab_tokens,0.4
clip_5285,TRUST,TRUST ECONOMY DIFFERENT ACROSS CERTIFICATE TRUST,trust among different uh economic agents across the across the countries whether the the revenue authorities or or even the policemen uh all that across that there is a trust in that certificate,signer_YN,10.0,draft_in_vocab_tokens,0.4
clip_5286,DEPUTY,DEPUTY SHARE MARKET WORLD GROW TRADE OPEN SPEAK,deputy president professor Kithure Kindiki has called for tourism diversification to boost Kenya's share of the global tourism market speaking during the opening of the magical Kenya trade expo at Uhuru Gardens in Nairobi. The deputy president called,signer_YN,10.0,draft_in_vocab_tokens,0.4
clip_5287,DEPUTY,DEPUTY MILLION WELCOME,"president called for enhanced diversification of tourist sites and destinations to attract more visitors. In 2024, Kenya welcomed over 2.4 million visitors,",signer_YN,10.0,draft_in_vocab_tokens,0.4
clip_5288,MILLION,MILLION INCREASE YEAR-2023 COMPARE HOPE SECTOR GROW CONTRIBUTE EXPECT ECONOMY,"million visitors, marking a 15% increase from 2023. This Kindi expressed optimism that the sector will continue on an upward trajectory with tourism expected to contribute upwards of 1.2 2 trillion economy",signer_YN,10.0,draft_in_vocab_tokens,0.4
clip_5289,ECONOMY,ECONOMY NATIONAL EQUAL MINISTER SECTOR MOST,"economy in 2025, an equivalence to more than 7% of national gross domestic Cabinet secretary for tour's most dynamic",signer_YN,10.0,draft_in_vocab_tokens,0.4
clip_5290,SECTOR,SECTOR MOST TRADE DRIVE THINK MARKET HOW,most dynamic sectors which drives G on trade. We must also deliberate on how to market Kenya,signer_YN,10.0,draft_in_vocab_tokens,0.4
clip_5291,MARKET,MARKET DETAIL EXPERIENCE SPECIAL ABOVE,Kenya and the nuances that characterize the Kenyan experience. Over over and above the,signer_YN,10.0,draft_in_vocab_tokens,0.4
clip_5293,LEADERSHIP,LEADERSHIP HOST MOST SOUTH GLOBAL,"the Kenya of Wangari Maathai. the Kenya of innovation and leadership. The Kenya that hosts the United Nations, the biggest United Nations facility in the global south",signer_YN,10.0,draft_in_vocab_tokens,0.4
clip_5294,SOUTH,SOUTH GLOBAL CITY PLACE THAT MARKET BUSINESS NEWS BUSINESS BRING,the global south is situated in this city. We must market that Kenya business news brought to you by Safariccom business.,signer_YN,10.0,draft_in_vocab_tokens,0.4
clip_5295,PARTNER,PARTNER SOLUTION CHOOSE REACH HELP,We choose partners with solutions that get us there.,signer_YN,10.0,draft_in_vocab_tokens,0.4
clip_5296,PROGRESS,PROGRESS POWER CAN BUSINESS JOIN TODAY PROGRESS POWER,us there. You could also power your progress. Join Safariccom business today. Power your progress at Say a big thank you,signer_YN,10.0,draft_in_vocab_tokens,0.4
clip_5297,YOUR,YOUR SEARCH,big thank you to ambassador in Tokyo Moira. Your excellency he did amazing job to look for.,signer_YN,10.0,draft_in_vocab_tokens,0.4
clip_5298,SEARCH,SEARCH GOLD,"to look for. I don't think gold medal. Taking stock of gains made, President R",signer_YN,10.0,draft_in_vocab_tokens,0.4
clip_5299,WORLD,WORLD HOST,President R hosts Tokyo World Beatas at state house.,signer_YN,10.0,draft_in_vocab_tokens,0.4
clip_5300,WORLD,WORLD SCHEME FIRST,"Now the medal is from the world athletics championships in Tokyo, Japan are the first beneficiaries of the new reward scheme.",signer_YN,10.0,draft_in_vocab_tokens,0.4
clip_5301,SCHEME,SCHEME GLOBAL GOOD GOLD EACH MILLION RECEIVE MILLION MILLION,"scheme. But the government for sportsmen and women who do well at global championships with each gold medalist receiving 3 million shillings, silver medalist getting 2 million shillings and bronze medalists earning 1",signer_YN,10.0,draft_in_vocab_tokens,0.4
clip_5302,MILLION,MILLION RECEIVE WORLD CHAMPION MOST MILLION RECEIVE CHAMPION MILLION,"earning 1 million shillings. World 10,000 meter and 5,000 m champion Beatrice Chebet has was the biggest beneficiary getting 6 million shillings while 1500 meter champion Faith Kipyegon received 5 million shillings for",signer_YN,10.0,draft_in_vocab_tokens,0.4
clip_5303,MILLION,MILLION GOLD WIN RECEIVE SPORT,million shillings for winning gold and silver. Our sports editor Michael Kenya reports,signer_YN,10.0,draft_in_vocab_tokens,0.4
clip_5304,TEAM,TEAM THURSDAY MORNING SPECIAL HOST TEAM WIN,"team Kenya were the special guests at state house Nairobi on Thursday morning where they were hosted by President William R. The team did exceptionally well, winning",signer_YN,10.0,draft_in_vocab_tokens,0.4
clip_5305,WIN,WIN GOLD SEVEN FULL TOTAL MILLION PAY FINISH,"well, winning seven gold medals, two silver medals, and two bronze medals. They were all smiles as they displayed their medals their pockets full with a cumulative 27 million shillings already paid by the government.",signer_YN,10.0,draft_in_vocab_tokens,0.4
clip_5306,MINISTER,MINISTER SPORT TEAM CAREFUL,Sports cabinet secretary Salim Mvurya says the team was thoroughly,signer_YN,10.0,draft_in_vocab_tokens,0.4
clip_5307,TEAM,TEAM TEST THEREFORE CONFIRM TEAM,team was thoroughly tested for doping before and during the competition by the athletics integrity unit AIU and therefore that confirms that our,signer_YN,10.0,draft_in_vocab_tokens,0.4
clip_5308,TEAM,TEAM WIN PROBLEM SPORT ACHIEVE GLOBAL,that our team won with integrity and there will be no issues. Athletics has been Kenya's number one sport in terms of global achievements,signer_YN,10.0,draft_in_vocab_tokens,0.4
clip_5309,ACHIEVE,ACHIEVE GLOBAL WORLD PUT STRONG AMONG CONFIRM SECOND GLOBAL FINISH NATION BRING UNITE,"terms of global achievements putting Kenya on the world map among the heavy hitters. This was confirmed in Tokyo as Kenya finished second globally, bringing joy to the whole nation. unites Kenya",signer_YN,10.0,draft_in_vocab_tokens,0.4
clip_5310,UNITE,UNITE SPORT GLOBAL,Kenya more than sports. Nothing profiles Kenya globally,signer_YN,10.0,draft_in_vocab_tokens,0.4
clip_5311,GLOBAL,GLOBAL SPORT IMPROVE YEAR-2023 GOLD THREE WIN,globally more than sports. Assistant team captain Faith Kipyegon pointed out that Tokyo was an improved performance from the previous championship in Budapest in Hungary in 2023 where Kenya won three gold,signer_YN,10.0,draft_in_vocab_tokens,0.4
clip_5312,GOLD,GOLD THREE WIN SHE MINISTRY SPORT EMBASSY TOGETHER GOLD WIN HELP,"won three gold medals. She attributed the success in Tokyo to combined efforts by Athletics Kenya, the Ministry of Sports and the Kenyan Embassy in Tokyo, Japan, who actually helped the team win one gold medal. Let me also",signer_YN,10.0,draft_in_vocab_tokens,0.4
clip_5313,CHANCE,CHANCE TAKE,Let me also take this opportunity to say,signer_YN,10.0,draft_in_vocab_tokens,0.4
clip_5314,YOUR,YOUR SEARCH,"to say a big thank you to ambassador in Tokyo, your excellency. He did amazing job to look for. I don't think",signer_YN,10.0,draft_in_vocab_tokens,0.4
clip_5315,GOLD,GOLD,don't think gold medali,signer_YN,10.0,draft_in_vocab_tokens,0.4
clip_5316,TEAM,TEAM STILL BETTER CAN,team still has the potential to do better at the 2027,signer_YN,10.0,draft_in_vocab_tokens,0.4
clip_5317,WORLD,WORLD TEAM YOUNG VERY THINK,at the 2027 World Championships and the 2028 Olympic Games. This team is very young. I think I was the,signer_YN,10.0,draft_in_vocab_tokens,0.4
clip_5318,OLD,OLD MOST TEAM PLUS LOOK YOUNG VERY MEAN FUTURE,"was the oldest member of the team together with Faith and Messa. And if you see the medalists, apart from faith, the other athletes are very young. So it means the future of our of our athletics is very",signer_YN,10.0,draft_in_vocab_tokens,0.4
clip_5319,FUTURE,FUTURE GOOD SAME REACH,is very And just like he did with the Harambe stars for getting to the quarterfinals,signer_YN,10.0,draft_in_vocab_tokens,0.4
clip_5320,REACH,REACH HOUSE CHOOSE COST PAY WILL HOUSE FREE,getting to the quarterfinals of the CH competition. President R asked all medalists to pick an affordable housing unit of their choice and the government will pay 50% of the cost. There is no affordable house that is going to be given to,signer_YN,10.0,draft_in_vocab_tokens,0.4
clip_5321,HOUSE,HOUSE,to be given to anybody without being paid for. When we say that we are going to make affordable,signer_YN,10.0,draft_in_vocab_tokens,0.4
clip_5322,HOUSE,HOUSE ANY INCLUDE MEAN PAY WILL TEAM USE RETURN,"going to make affordable house available to anybody including our athletes here, it means the government of Kenya is going to pay. The ceremony at state house was also used by the team to return",signer_YN,10.0,draft_in_vocab_tokens,0.4
clip_5323,TEAM,TEAM FLAG RETURN FOUR ENTER,the team to return the Kenyan flag to the president after the stellar performance in Japan. Mini for citizen The Kenya Premier League will enter around 4 from tomorrow,signer_YN,10.0,draft_in_vocab_tokens,0.4
clip_5324,MATCH,MATCH HOST LEADER TEAM SATURDAY SUNDAY PLAY,from tomorrow with two matches lined up in Nairobi. Sofa Paka will host Kakamega home boys while league leaders post Rangers invite AFC Leopards. The rest of the teams will be in action on Saturday and Sunday.,signer_YN,10.0,draft_in_vocab_tokens,0.4
clip_5325,SUNDAY,SUNDAY CHAMPION STADIUM MATCH THREE PLAY MATCH THREE PLAY WIN LOSE MATCH PLAY,"and Sunday. 21 times champions Gormma here will be at the Dura Stadium for the third match in a row when they take on the unpredictable KCBFC. KCB has played three matches, winning two and losing one. GMA has played two matches, winning",signer_YN,10.0,draft_in_vocab_tokens,0.4
clip_5326,MATCH,MATCH PLAY WIN LOSE MATCH IMPORTANT TEAM BOTH BREAK WEEK INTERNATIONAL,"matches, winning one and losing one. This will be a crucial match for both teams as the league will take a break after the weekend for the FIFA International Week.",signer_YN,10.0,draft_in_vocab_tokens,0.4
clip_5327,ATTACK,ATTACK,Realized that we lack uh attacking options,signer_YN,10.0,draft_in_vocab_tokens,0.4
clip_5328,ATTACK,ATTACK SINCE MATCH SECOND AREA THAT IMPROVE CHANCE CLEAR ATTACK ESPECIALLY FINAL,attacking options in the final third and we've been working on it since uh even our second match and we want to improve in that area. We want to be able to have a clear cut when we attacking especially in the final,signer_YN,10.0,draft_in_vocab_tokens,0.4
clip_5329,MATCH,MATCH EASY READY,in the final third. It will not be an easy match but again we are prepared,signer_YN,10.0,draft_in_vocab_tokens,0.4
clip_5330,READY,READY MATCH FIRST WIN SINCE FACE TEAM BELIEVE WIN CAN KNOW,prepared and since we have won our first match I believe it has given us the confidence to face them and we believe in the I believe in our team and we know we can emerge victorious in that,signer_YN,10.0,draft_in_vocab_tokens,0.4
clip_5331,CALL,CALL,Harambe Starlet's coach Beldine Odemba has called,signer_YN,10.0,draft_in_vocab_tokens,0.4
clip_5332,CALL,CALL SIX TEAM LAST CALL SUNDAY,has called up six players from the rising starlets team in the provisional squad for the last phase of the Africa Women Cup of Nations qualifiers. Odemba has called up 38 players to report to camp on Sunday 5th of October. Beha Queen's goalkeeper Masia,signer_YN,10.0,draft_in_vocab_tokens,0.4
clip_5333,MATCH,MATCH BOTH AGAINST JOIN PLUS,"goalkeeper Masia who missed both rising starlets matches against Ethiopia and a maiden collab to the Harambe starlets alongside Loren Ilvonga Filambo, Elizabeth Muteshi, Charlene Opisa and Charity",signer_YN,10.0,draft_in_vocab_tokens,0.4
clip_5334,FOUR,FOUR BENCH WEAK HOST LEG RETURN PLAY,and Charity Midawa. The squad has four new defenders as the technical bench looks to seal the defensive frailties. Harambe Starlet will host the Gambia on the 24th of October in Nairobi before playing the return leg,signer_YN,10.0,draft_in_vocab_tokens,0.4
clip_5335,LEG,LEG RETURN FOUR LEG QUALIFY,the return leg in Synagog four days later. The aggregate winner of the two legs will qualify for the women,signer_YN,10.0,draft_in_vocab_tokens,0.4
clip_5336,FINAL,FINAL QUALIFY,for the women afon finals. The professional golfers of Kenya equ.,signer_YN,10.0,draft_in_vocab_tokens,0.4
clip_5337,LEG,LEG SUNDAY UNTIL POINT SEARCH,The fifth leg will run until Sunday as the golfers seek ranking,signer_YN,10.0,draft_in_vocab_tokens,0.4
clip_5338,POINT,POINT SEARCH QUALIFY QUALIFY FIGHT EXPECT,seek ranking points in the race to qualify for the 2026 Magical Kenya Open as well as the 2028 Los Angeles Olympic Games. More than 40 Kenyan professionals are expected to fight for the coveted Olympic qualification slot. Mutaga's Greg Snow,signer_YN,10.0,draft_in_vocab_tokens,0.4
clip_5339,PLAY,PLAY LEG THREE LAST WIN TOP POINT EVENT FOUR WIN THREE PLACE,"Snow has been on fire, winning the last three legs to top the leaderboard with 3,330 points from four events. The three victories came at the Great Rift Lodge Golf Club um Mount Kipipiri Golf Resort",signer_YN,10.0,draft_in_vocab_tokens,0.4
clip_5340,SECOND,SECOND TOUR IMPORTANT BECOME DIFFERENT TEST PREPARE,Golf Resort and Lemuru Country Club. Jerro Kibugu is in second place followed by Daniel Nova in third. The tour has become a critical platform that has tested the players in different conditions. This will prepare them for the magical,signer_YN,10.0,draft_in_vocab_tokens,0.4
clip_5341,PREPARE,PREPARE LOCAL PLAY EXPERIENCE NEED,for the magical Kenya Open as they will have played in many tournaments locally to give them the much needed,signer_YN,10.0,draft_in_vocab_tokens,0.4
clip_5342,LAST,LAST POINT SIX JOIN,"And finally, Arsenal joined the six points club of",signer_YN,10.0,draft_in_vocab_tokens,0.4
clip_5343,TEAM,TEAM SIX RECORD MATCH SECOND WIN,points club of six teams with a 100% record in the UEFA Champions League. Arsenal won their second match with 2-nil margin,signer_YN,10.0,draft_in_vocab_tokens,0.4
clip_5344,AGAINST,AGAINST STADIUM BEHIND,margin against onos at home at the Emirates Stadium. Giving chase in behind,signer_YN,10.0,draft_in_vocab_tokens,0.4
clip_5345,BEHIND,BEHIND PUT GOAL EASY SEASON,in behind and will put it home. and he won't score an easier goal all season.,signer_YN,10.0,draft_in_vocab_tokens,0.4
clip_5346,SEASON,SEASON PLUS GOAL SECOND INSIDE NEED,"season. The strength from Victor Yarez and the anticipation from Gabrielle Martinelli, his second Champions League goal in two Champions League games. needs a big one into the box",signer_YN,10.0,draft_in_vocab_tokens,0.4
clip_5347,INSIDE,INSIDE SAVE,one into the box for it's a brilliant save. That's a lovely swivel from the Arsenal captain.,signer_YN,10.0,draft_in_vocab_tokens,0.4
clip_5348,RIGHT,RIGHT CHANCE,Just to his left and right is Leandro Trussard. Big opportunity for the Belgians.,signer_YN,10.0,draft_in_vocab_tokens,0.4
clip_5349,TARGET,TARGET AIM THERE,Now has some targets to aim for. Elab's there. Rice,signer_YN,10.0,draft_in_vocab_tokens,0.4
clip_5350,FOLLOW,FOLLOW FLAG THERE,"there. Rice says, but Elby follows up and the offside flag. Zaka to the by line. There's Erdigards",signer_YN,10.0,draft_in_vocab_tokens,0.4
clip_5351,LINE,LINE ON STADIUM INSIDE THINK GOAL SECOND,"on the line. Well, everyone inside the stadium thought that was a second for the gunners.",signer_YN,10.0,draft_in_vocab_tokens,0.4
clip_5352,GOAL,GOAL SECOND STILL LATE HOLD,"second for the gunners. Still on the front foot to the beat of Saka and it's squirmed in. And Arsenal not only managed to hold on with this late pressure, but they make",signer_YN,10.0,draft_in_vocab_tokens,0.4
clip_5353,POINT,POINT THREE SURE MAKE RECORD,but they make sure of the three points and they're 100% stuck.,signer_YN,10.0,draft_in_vocab_tokens,0.4
clip_5354,BENCH,BENCH STORY LAST YOUR,So there's a bit of uh unnecessary happiness on the bench uh because of that last uh story. Why unnecessary? What is your mic is off. So no,signer_YN,10.0,draft_in_vocab_tokens,0.4
clip_5355,YOUR,YOUR ON CANNOT,my please your mic is off. Thank you for switching on you can't say Why why can't we,signer_YN,10.0,draft_in_vocab_tokens,0.4
clip_5356,CAN,CAN,Why why can't we be happy? You can be happy but it's unnecessary.,signer_YN,10.0,draft_in_vocab_tokens,0.4
clip_5357,CAN,CAN NO SIT LIKE,You can be happy but it's unnecessary. No no no sit and be like,signer_YN,10.0,draft_in_vocab_tokens,0.4
clip_5358,OK,OK CHAMPION CHAMPION,"okay cool. Crown Champions, Crown Champions",signer_YN,10.0,draft_in_vocab_tokens,0.4
clip_5359,CHAMPION,CHAMPION OK BREAK SHORT COME WEEK EVENT LOOK CONVERSATION FUTURE,"Crown Champions last night. Okay. Um, so we're taking a short break. Uh, upcoming is the news gang as you take stock of the events of the week and what's in forming conversations in the days to",signer_YN,10.0,draft_in_vocab_tokens,0.4
clip_2000,TODAY,TODAY FEAR VILLAGE LOCAL HOSPITAL TREATMENT SEARCH HEALTH,to today panic and fear has hit Villages of Amaro nyab and nyiro in southern Murango with tens of residents flocking hospitals seeking treatment most health,signer_YN,10.0,draft_in_vocab_tokens,0.4
clip_2001,HOSPITAL,HOSPITAL MOST HEAR MINISTRY HEALTH DISEASE INVESTIGATE HELP,most health facilities are overwhelmed as you can imagine as you'll hear now from Brenda Wanga the Ministry of Health says it is working to determine what the disease is and how to help the,signer_YN,10.0,draft_in_vocab_tokens,0.4
clip_2002,AFFECT,AFFECT WEAK DISEASE SPREAD QUICK VILLAGE VICTIM DAUGHTER HER SICK,affected a visibly weakened bet K rubo is amongst the latest victims of an unknown disease that is spreading fast in South Mango's Villages of nyaro nyab and nyiro her daughter too is suffering the,signer_YN,10.0,draft_in_vocab_tokens,0.4
clip_2003,SAME,SAME SICK HER FIVE,is suffering the same symptoms five other members of her family have been infected by the,signer_YN,10.0,draft_in_vocab_tokens,0.4
clip_2004,DISEASE,DISEASE MOTHER DAUGHTER,disease mother and daughters stated terate,signer_YN,10.0,draft_in_vocab_tokens,0.4
clip_2005,EYE,EYE QUICK HOSPITAL LOCAL NEAR MOVE SEVEN SICK CARE,terate right before our eyes and soon enough it necessitates a quick evacuation to a local health facility care a few meters away another family of seven are nursing their illnesses at,signer_YN,10.0,draft_in_vocab_tokens,0.4
clip_2006,SICK,SICK CARE HOSPITAL PAY CANNOT THEREFORE CHOOSE,home they can't afford to get medical health on account of lack of funds and they have resorted to Home Care,signer_YN,10.0,draft_in_vocab_tokens,0.4
clip_2007,CHOOSE,CHOOSE,have resorted to Home Care,signer_YN,10.0,draft_in_vocab_tokens,0.4
clip_2008,DISEASE,DISEASE WEEK THREE FIRST,this disease was first noted about 3 weeks ago,signer_YN,10.0,draft_in_vocab_tokens,0.4
clip_2009,WEEK,WEEK THREE SPREAD DESTROY,3 weeks ago and continues to ravage these,signer_YN,10.0,draft_in_vocab_tokens,0.4
clip_2010,SPREAD,SPREAD DESTROY,and continues to ravage these,signer_YN,10.0,draft_in_vocab_tokens,0.4
clip_2011,HOSPITAL,HOSPITAL AREA HEAVY,health facilities in these areas are now straining under the weight,signer_YN,10.0,draft_in_vocab_tokens,0.4
clip_2012,PATIENT,PATIENT COME EXAMPLE CLEAR PATIENT MINIMUM MORNING CARE RECEIVE,under the weight of those seeking relief and nowhere is this more evident than atab Health Center at least 30 patients receiving care in just one morning an indication,signer_YN,10.0,draft_in_vocab_tokens,0.4
clip_2013,SITUATION,SITUATION SERIOUS,an indication of the ity of the situation,signer_YN,10.0,draft_in_vocab_tokens,0.4
clip_2014,SITUATION,SITUATION PATIENT SHARE FORCE HOSPITAL TAKE LOCAL VILLAGE AREA AFFECT COMPLAIN,of the situation patients are forced to share beds in the facility While others have been taken to hospitals in KY and migori counties residents of The Villages and the larger affected areas decry what they term as neglect from government in the face,signer_YN,10.0,draft_in_vocab_tokens,0.4
clip_2015,DISEASE,DISEASE FACE,in the face of this un,signer_YN,10.0,draft_in_vocab_tokens,0.4
clip_2016,DISEASE,DISEASE FACE,face of this un,signer_YN,10.0,draft_in_vocab_tokens,0.4
clip_2018,CRISIS,CRISIS ANSWER FINISH,the government maintains that it has responded to the unfolding,signer_YN,10.0,draft_in_vocab_tokens,0.4
clip_2019,CRISIS,CRISIS ANSWER OFFICER GROUND SEND FINISH,to the unfolding crisis uple we have already sent our officers on the ground they are working,signer_YN,10.0,draft_in_vocab_tokens,0.4
clip_2020,TOGETHER,TOGETHER CLOSE COLLECT FIND MOVE HOW MUCH,they are working very closely with the KY County uh government to establish from the samples that they are collecting to um uh the extent at which we need to move and also the kind of,signer_YN,10.0,draft_in_vocab_tokens,0.4
clip_2021,MEDICINE,MEDICINE WHAT NEED MAYBE HEALTH OFFICIAL VILLAGE AFFECT VISIT AFFECT TEST CHOOSE POLITICS,the kind of medication that probably that needs to be done indeed Health officials have visited the affected Villages and picked 15 affected people for testing Brenda Wanga Citizen TV straight into politics now and President William Ruto,signer_YN,10.0,draft_in_vocab_tokens,0.4
clip_2022,TODAY,TODAY QUIET BREAK PROGRAMME PROBLEM PROMISE PROBLEM WILL CRITICISE,and President William Ruto has today broken his silence on the challenges facing his government's Health Care Program assuring Kenyans that the troubled social health authority will eventually work president Ruto also chided sections,signer_YN,10.0,draft_in_vocab_tokens,0.4
clip_2023,CRITICISE,CRITICISE PART POLITICIAN REFUSE POSITION,chided sections of the Christian church in Kenya over its stance on donations from politicians this as the president gave get this,signer_YN,10.0,draft_in_vocab_tokens,0.4
clip_2024,MILLION,MILLION MINISTRY NATION REPORTER,get this 20 million shillings to a church named Jesus winner M Ministry in Roy sambu right here in the nation's capital we get more from our very own,signer_YN,10.0,draft_in_vocab_tokens,0.4
clip_2025,HIGH,HIGH,abdad high on spirit and drawing from,signer_YN,10.0,draft_in_vocab_tokens,0.4
clip_2026,PROGRAMME,PROGRAMME STRUGGLE CONGREGATION GOOD,analogies President William Ruto finally spoke on his administration's struggling Healthcare program admitting to the congregation that all was not well with the social health authority it is the,signer_YN,10.0,draft_in_vocab_tokens,0.4
clip_2027,WILL,WILL BELIEVE,me it is going to work believe you,signer_YN,10.0,draft_in_vocab_tokens,0.4
clip_2028,BELIEVE,BELIEVE PROMISE HEAD STATE GOD NAME CALL,believe you me and wopping in the Divine the president kept his reassurances coming the head of statea invoked God's name as he claimed,signer_YN,10.0,draft_in_vocab_tokens,0.4
clip_2029,FAIL,FAIL,as he claimed his critics wanted him to,signer_YN,10.0,draft_in_vocab_tokens,0.4
clip_2030,FAIL,FAIL GOD,fail it is not what you are saying it is God's favor,signer_YN,10.0,draft_in_vocab_tokens,0.4
clip_2031,GOD,GOD NATION ORDER PROTEST POSITION TAKE,God's favor Upon Our Nation and in a reversal of his own directive issued in the aftermath of the Gen Z demonstrations last year the president took a new stance on charge,signer_YN,10.0,draft_in_vocab_tokens,0.4
clip_2032,STATE,STATE,donations no State,signer_YN,10.0,draft_in_vocab_tokens,0.4
clip_2033,OFFICER,OFFICER STATE PUBLIC PUBLIC JOIN FUTURE,officer or public servant shall participate in public contributions or harambees going forward,signer_YN,10.0,draft_in_vocab_tokens,0.4
clip_2034,FUTURE,FUTURE,forward,signer_YN,10.0,draft_in_vocab_tokens,0.4
clip_2036,MONTH,MONTH THREE REFUSE,and three months after the Catholic Church rejected his donation,signer_YN,10.0,draft_in_vocab_tokens,0.4
clip_2037,HEAD,HEAD STATE CRITICISE,his donation the head of state chared the,signer_YN,10.0,draft_in_vocab_tokens,0.4
clip_2040,GOD,GOD,of giving to God and I am Unapologetic about giving to,signer_YN,10.0,draft_in_vocab_tokens,0.4
clip_2041,GOD,GOD PARTY LEADER ISSUE NATION SICK SOLVE,to God a abdad citizen TV odm party leader Raila Odinga wants the government to address key issues ailing the nation,signer_YN,10.0,draft_in_vocab_tokens,0.4
clip_2042,NATION,NATION INCLUDE CORRUPTION HIGH HEALTH SECTOR UNDER EDUCATION SECTOR SPEAK COMPLAIN,the nation including rampant corruption High Cost of Living confusion in the health sector under the social health authority and the education sector speaking in Mombasa the former prime minister also lamented what he termed the shrinking,signer_YN,10.0,draft_in_vocab_tokens,0.4
clip_2043,ABDUCT,ABDUCT INCREASE AGREEMENT FORMAL,shrinking Free Speech citing an increase in abduction cases in the country Francis Malaki has more from Mombasa odinga is in Mombasa for a series of consultations ahead of the anticipated formalization,signer_YN,10.0,draft_in_vocab_tokens,0.4
clip_2044,AGREEMENT,AGREEMENT FORMAL POLITICS WITH MEET WEEK DEMAND PROBLEM SOLVE,formalization of his political p with President William rut odinga who met the president less than a week ago has demanded that the Kenya Kwanza government must address the challenges ranging from,signer_YN,10.0,draft_in_vocab_tokens,0.4
clip_2045,PROBLEM,PROBLEM CORRUPTION HIGH HEALTH SECTOR UNDER SUFFER,ranging from rampant corruption High Cost of Living confusion in the health sector under the social health authority that has left Kenyans,signer_YN,10.0,draft_in_vocab_tokens,0.4
clip_2046,SUFFER,SUFFER,authority that has left Kenyans,signer_YN,10.0,draft_in_vocab_tokens,0.4
clip_2048,FAIL,FAIL SYSTEM EDUCATION,odinga has also pointed out systemic failures in the education,signer_YN,10.0,draft_in_vocab_tokens,0.4
clip_2049,EDUCATION,EDUCATION SECTOR JOB PROGRESS BLOCK LEAD,in the education sector Tri bolism unemployment rate and Devolution that he says have continued to chold progress in the two and a half years of the administration's leadership,signer_YN,10.0,draft_in_vocab_tokens,0.4
clip_2050,LEAD,LEAD,administration's leadership,signer_YN,10.0,draft_in_vocab_tokens,0.4
clip_2051,CONDEMN,CONDEMN ABDUCT,father the former prime minister condemn the wanton abduction,signer_YN,10.0,draft_in_vocab_tokens,0.4
clip_2052,ABDUCT,ABDUCT KILL TELL LOSE PROTEST,abduction harassment and killings in the country telling president dut's Administration to compensate families who lost their loved ones during the Gen Z-led protest last,signer_YN,10.0,draft_in_vocab_tokens,0.4
clip_2053,PROTEST,PROTEST,the Gen Z-led protest last,signer_YN,10.0,draft_in_vocab_tokens,0.4
clip_2054,MOVE,MOVE NEXT ANNOUNCE EXPECT INCLUDE MAYBE,expected to announce his next move that may include claiming,signer_YN,10.0,draft_in_vocab_tokens,0.4
clip_2055,INCLUDE,INCLUDE MAYBE SHARE CLAIM ABDUCT STILL FRIEND GATHER,may include claiming a greater stake in president rut Kenya Kwanza government Francis Citizen TV Mombasa and still on abductees families and friends of abductees gathered at the AIC casin Church in,signer_YN,10.0,draft_in_vocab_tokens,0.4
clip_2056,TODAY,TODAY SERVICE HOPE HOLD MIDDLE STILL LOVE SEARCH DISAPPEAR PROTEST JUNE,Church in mulongo today for a solemn service clinging to Hope amid heartbreak 17 families are still searching for loved ones who vanished under mysterious circumstances during the Gen Z protest back in June,signer_YN,10.0,draft_in_vocab_tokens,0.4
clip_2057,JUNE,JUNE AMONG DISAPPEAR MONTH EIGHT SEARCH,back in June last year now as OD Francis reports among them is the family of mura who disappeared on June the 25th and8 months later their search for him,signer_YN,10.0,draft_in_vocab_tokens,0.4
clip_2058,SEARCH,SEARCH LISTEN LONG ANSWER WAIT SINCE DISAPPEAR MOTHER,continues take a listen of Agony that's how long Emmanuel Mura's family has been waiting for answers since his disappearance on June 25th of 2024 his mother,signer_YN,10.0,draft_in_vocab_tokens,0.4
clip_2059,MOTHER,MOTHER HOPE HOLD BELIEVE SON HER AGE STILL,his mother suzan wangare clings to Hope believing her 25y old son is still alive,signer_YN,10.0,draft_in_vocab_tokens,0.4
clip_2060,STILL,STILL,still alive,signer_YN,10.0,draft_in_vocab_tokens,0.4
clip_2062,DISAPPEAR,DISAPPEAR AMONG,Emmanuel is one of 17 who have vanished,signer_YN,10.0,draft_in_vocab_tokens,0.4
clip_2063,DISAPPEAR,DISAPPEAR ANSWER FOUR ABDUCT FIND MURDER,have vanished without tray living families desperate for answers in [ __ ] four young men were abducted two late found brutally murdered,signer_YN,10.0,draft_in_vocab_tokens,0.4
clip_2064,MURDER,MURDER LOVE MISSING SEARCH,murdered while Kalani M's family continues their agonizing search for their missing loved,signer_YN,10.0,draft_in_vocab_tokens,0.4
clip_2065,NUMBER,NUMBER LOVE SEARCH,one the number of families that are searching for their loved,signer_YN,10.0,draft_in_vocab_tokens,0.4
clip_2066,LOVE,LOVE SEARCH HELP ACTIVIST COURT INTERNATIONAL JOIN ABDUCT CRISIS GROW SOLVE ABDUCT,searching for their loved ones stand at 17 with no help from government activists are urging the international criminal court cc to step in and address the growing crisis of abductions in the country but we as the surviving abduct people,signer_YN,10.0,draft_in_vocab_tokens,0.4
clip_2067,ABDUCT,ABDUCT,abduct people who,signer_YN,10.0,draft_in_vocab_tokens,0.4
clip_2069,ABDUCT,ABDUCT CRIME INTERNATIONAL,are M abduction is an international crime,signer_YN,10.0,draft_in_vocab_tokens,0.4
clip_2070,CRIME,CRIME INTERNATIONAL AGAINST COMPLAIN JUSTICE SLOW FRUSTRATE ARREST MONTH FOUR ISSUE MEDIA,international crime against humanity they decry the slow will of Justice frustrated by the lack of arrest a month ago that we had the mulongo 4 issue on all media,signer_YN,10.0,draft_in_vocab_tokens,0.4
clip_2071,MEDIA,MEDIA TODAY CAR ON AGAIN VOTE,houses but today it's forgotten and people are back on rooftop of cars campaigning for 2027 they want to turn the families of the abductees to just voting,signer_YN,10.0,draft_in_vocab_tokens,0.4
clip_2072,VOTE,VOTE WHAT KNOW FILE OR,voting machines who don't care of the government of the day what does to their people we know that there are files that are presently either with the DCI or with the ODPP,signer_YN,10.0,draft_in_vocab_tokens,0.4
clip_2073,FILE,FILE SEVEN MINIMUM OFFICER SEVEN MINIMUM INVESTIGATE SAME DISAPPEAR,the ODPP and uh according to what they have told us is they have at least seven files with at least seven officers who are being investigated Emanuel mura case mirrors that of 16 other abductees who vanished,signer_YN,10.0,draft_in_vocab_tokens,0.4
clip_2074,DISAPPEAR,DISAPPEAR MONTH EIGHT QUIET STILL DISAPPEAR ABOUT,who vanished 8 months ago as the government remains silent on their disappearances OD Francis Citizen TV,signer_YN,10.0,draft_in_vocab_tokens,0.4
clip_2075,MISSING,MISSING STILL WEEK ATTACK BORDER,Nairobi more than 20 people from toyang inana County are still missing one week after the Horror Attack on Fisher folk along the Kenya,signer_YN,10.0,draft_in_vocab_tokens,0.4
clip_2076,BORDER,BORDER EIGHT RESCUE FINISH EXPERT SPECIAL SEARCH RECOVER MISSION,the Kenya Ethiopia border Kenya Red Cross says eight people have so far been rescued from the troubled waters and reunited with their families with expert divers on Specialized boats still undertaking a search and Recovery Mission,signer_YN,10.0,draft_in_vocab_tokens,0.4
clip_2077,MISSION,MISSION HEAR AUTHORITY SEARCH FIND WEEK ATTACK,Mission as you'll hear now from Loro the Kenyon authorities are also on the lookout for 25 boats which are yet to be for one week after the deadly attack in,signer_YN,10.0,draft_in_vocab_tokens,0.4
clip_2078,ATTACK,ATTACK NORTH SEARCH RECOVER MISSION INCREASE EIGHT RESCUE INSIDE HIDE FEAR ATTACK,attack in toyang turana North the Kenya red Cru has intensified its search and Recovery mission in Lake turana rescuing eight people who are reportedly hiding in the Reids within the lake in fear of the scathing attack,signer_YN,10.0,draft_in_vocab_tokens,0.4
clip_2079,ATTACK,ATTACK MANAGE HEAD MISSING STILL NEWS GOOD WAIT EXPERT SEND,attack according to venant Nilla the head of disaster management operations at the Kenya Red Cross more than 20 people are still missing with families eagerly waiting for good news from the expert divers deployed,signer_YN,10.0,draft_in_vocab_tokens,0.4
clip_2080,SEND,SEND TEAM INCLUDE TOGETHER,deployed from a multi- agency team including the Kenya Red Cross the Kenya Maritime Authority and the Kenya guards the Kenya Red Cross further revealed that it has been working with the Ethiopian Red Cross in the operation while calling for,signer_YN,10.0,draft_in_vocab_tokens,0.4
clip_2081,HELP,HELP COMMUNITY AREA GROW COME MINISTER SECURITY,while calling for more humanitarian intervention as the community around toyang is yet to resume the economic activity of fishing due to the mounting tension in the area the update comes 3 days after interior,signer_YN,10.0,draft_in_vocab_tokens,0.4
clip_2082,THREE,THREE MINISTER SECURITY CONFIRM BODY RECOVER ATTACK AREA TOUR MINISTER PLAN REDUCE,days after interior CS Kipchumba Moran confirmed that two bodies had been recovered following the attack in his speech while touring the area the Cs had hinted plans of long-term interventions to alleviate the intermittent,signer_YN,10.0,draft_in_vocab_tokens,0.4
clip_2083,COMMUNITY,COMMUNITY BETWEEN INCLUDE BORDER LIVE,the intermittent clashes between the tana and asach communities including the proper documentation of those residing in the Border,signer_YN,10.0,draft_in_vocab_tokens,0.4
clip_2084,BORDER,BORDER,the Border,signer_YN,10.0,draft_in_vocab_tokens,0.4
clip_2085,TEAM,TEAM SEARCH RECOVER,to the multi agency search and Recovery,signer_YN,10.0,draft_in_vocab_tokens,0.4
clip_2086,ATTACK,ATTACK MAYBE THREE KILL WATER FIGHT BORDER,the toyang attack is reported to have been retaliatory following The Killing of three Dage fishermen in a battle for fishing Waters along the Kenya Ethiopia border Laura oo Citizen,signer_YN,10.0,draft_in_vocab_tokens,0.4
clip_2087,POLITICS,POLITICS AGAIN DEPUTY OPPOSITION PLAN MOST OFFICE REMOVE SPEAK,TV all right back to politics now and former deputy president Rigathi Gachagua now says the most urgent plan by the opposition is to kick out President William Ruto from office now speaking in machakos,signer_YN,10.0,draft_in_vocab_tokens,0.4
clip_2088,TODAY,TODAY SERVICE OPPOSITION GATHER STRONG ELECTION NEXT FIRST LOSE MAKE,speaking in machakos county today during a church service Gaga said he will Galvanize the opposition troops to ensure president Ruto loses in the next election in the first round as Emanuel Tona reports,signer_YN,10.0,draft_in_vocab_tokens,0.4
clip_2089,PARTY,PARTY LEADER QUESTION MILLION,reports wiper party leader Kalonzo Musyoka has also question the source of 20 million Shillings that the president contributed to a church in Nairobi earlier,signer_YN,10.0,draft_in_vocab_tokens,0.4
clip_2090,TODAY,TODAY EARLY SERVICE OPPOSITION LEADER DEPUTY LEAD SET,earlier today the church service at the gospel confirmation Center GCC in machakos County set the stage for the opposition leaders led by the former deputy president R gagua,signer_YN,10.0,draft_in_vocab_tokens,0.4
clip_2091,WEEK,WEEK PAST,gagua to fire back at President William rut's remarks who had last week dismissed them as conmen and,signer_YN,10.0,draft_in_vocab_tokens,0.4
clip_2092,US,US CALL,and clueless and when you call Usman Mr,signer_YN,10.0,draft_in_vocab_tokens,0.4
clip_2093,TAKE,TAKE,Mr President take aor,signer_YN,10.0,draft_in_vocab_tokens,0.4
clip_2094,FIRST,FIRST KNOW WHO OFFICE REMOVE PUSH PLAN,first the people of this country know who is a in this Kya saying their push to have Ruto out of office will set the ball rolling for other plans plan,signer_YN,10.0,draft_in_vocab_tokens,0.4
clip_2095,PEACE,PEACE CORRUPTION END KILL END ABDUCT END FOREIGN,plan a plan B is to restore the PE Le is to end corruption is to end extrajudicial killing is to end abduction is to restore our dignity in the Foreign,signer_YN,10.0,draft_in_vocab_tokens,0.4
clip_2096,PLAN,PLAN REMOVE FIRST,so we'll talk about so so we have many plans Mr President but removing you is a prerequisite of us,signer_YN,10.0,draft_in_vocab_tokens,0.4
clip_2097,PLAN,PLAN DEPUTY SIDE STILL CAREFUL TELL,of us implementing our plans the former DP still wooing the former prime minister R oinga to his Corner urging him to beware of betrayal from president Ruto life support machine William toing,signer_YN,10.0,draft_in_vocab_tokens,0.4
clip_2101,SICK,SICK IF SICK TREAT NEED THAT TEAM TEAM,doesn't wait if you are sick you're sick you need to be treated this sh Manos is fraud that's what it is the team you are the only team,signer_YN,10.0,draft_in_vocab_tokens,0.4
clip_2102,TEAM,TEAM SAVE CAN LEADER ATTACK SAME,the only team which can redeem this country elsewhere leader Kalonzo Musyoka was also launching a similar attack on President tro,signer_YN,10.0,draft_in_vocab_tokens,0.4
clip_2103,MILLION,MILLION CONSTITUENCY INVESTIGATE SUNDAY MILLION OK,President tro calling for an investigation into the 20 million Shillings donated by President tro to a church in Ro sambu constituency Sunday and of course 20 million it's okay we congratulate,signer_YN,10.0,draft_in_vocab_tokens,0.4
clip_2104,MILLION,MILLION OK THEN SELF ALLOW TELL,Bishop another million that's okay when compromise then you allow yourself I want to tell William,signer_YN,10.0,draft_in_vocab_tokens,0.4
clip_2105,FRIEND,FRIEND LATE NAME,William R Kenyans will not be bribable if that's correct English uel to Citizen TV Nairobi family and friends of the late Josiah Mwangi Kariuki famously known as,signer_YN,10.0,draft_in_vocab_tokens,0.4
clip_2106,DEATH,DEATH SAD MARK SERVICE HOLD REMEMBER POLITICIAN,known as JM Kariuki marked the 50th anniversary of his tragic death a memorial service was held at the All Saints Cathedral with his two widows remembering him as a Fearless politician who had no hesitation in,signer_YN,10.0,draft_in_vocab_tokens,0.4
clip_2107,CRITICISE,CRITICISE FATHER MURDER EVIDENCE POINT BODY FOREST,hesitation in criticizing the government and a husband and father with a big heart he was murdered in mysterious circumstances with evidence pointing to the Rogue special Branch with his body dumped in Ngong Forest despite,signer_YN,10.0,draft_in_vocab_tokens,0.4
clip_2108,JUSTICE,JUSTICE RESPONSIBLE DEATH FINISH ATTEND SUNDAY LIKE,despite 50 years with without Justice his family says it has forgiven those responsible for his death Mita olenas attended the memorial and filed this report on a Sunday like this 2nd March,signer_YN,10.0,draft_in_vocab_tokens,0.4
clip_2109,DEATH,DEATH EVENT THAT AMONG,2nd March 1975 JM Kariuki was assassinated a death that made headlines not only for the tragedy itself but also for the strange events surrounding that day among the many rumors was a claim that he had been in Zambia,signer_YN,10.0,draft_in_vocab_tokens,0.4
clip_2110,HOUR,HOUR DISAPPEAR KNOW SICK BODY FOREST FIND CITY TAKE,in Zambia after mysteriously disappearing for hours despite his family knowing he was unwell and at home the last time they saw him his body was later found in Ngong Forest and taken to the city mortuary who was lying,signer_YN,10.0,draft_in_vocab_tokens,0.4
clip_2111,BODY,BODY GOOD THAT KNOW,there a body well dressed he had a jacket Olive kind of actually it was Olive I knew that jacket because he was given,signer_YN,10.0,draft_in_vocab_tokens,0.4
clip_2112,FRIEND,FRIEND EMBASSY FIRST,because he was given by his friend from American embassy so I said anyway and but he didn't have the the shoes so the first thing to see his,signer_YN,10.0,draft_in_vocab_tokens,0.4
clip_2113,LEG,LEG DEATH SINCE PUBLIC INVESTIGATION,legs there was a tag unnown person since his death The Killers of JM Kariuki have never been caught or publicly identified despite investigations being carried out,signer_YN,10.0,draft_in_vocab_tokens,0.4
clip_2114,LOOK,LOOK CHILD KILL STRUGGLE GOD,look at us you saw the wives did you see the children you killed them we have struggled but God has been with us now there are,signer_YN,10.0,draft_in_vocab_tokens,0.4
clip_2115,SOME,SOME INSIDE PARTNER BUSINESS KNOW COME PARTY TOGETHER HELP,there are also people who are in games you know Partners in so many business do you know what they did they is to come we party together and what not J helped them they,signer_YN,10.0,draft_in_vocab_tokens,0.4
clip_2116,PROPERTY,PROPERTY DEATH STILL REMEMBER LOVE DEEP,they grabbed Jam's properties though his death remains a painful memory for the family they also remember JM as a charismatic and down to earth man deeply loved by the people and passionate about his country,signer_YN,10.0,draft_in_vocab_tokens,0.4
clip_2119,CHILD,CHILD FATHER,jm's children are calling for their father to be recognized,signer_YN,10.0,draft_in_vocab_tokens,0.4
clip_2120,FATHER,FATHER SERVICE NATIONAL POLITICIAN LEADERSHIP EXAMPLE FOLLOW REMEMBER,father to be recognized by the National Youth service NYS as one of its Founders while politicians advocate for the current leadership to follow his example as this esteemed institution commemorates his formation in 1965,signer_YN,10.0,draft_in_vocab_tokens,0.4
clip_2121,IMPORTANT,IMPORTANT RECORD REMEMBER,1965 it is essential that his contributions be documented in the history of the NYS and you remember this saying that Kenya cannot be about 10 Millionaires,signer_YN,10.0,draft_in_vocab_tokens,0.4
clip_2122,POOR,POOR MILLION TODAY POOR MILLION,about 10 Millionaires and 10 million poor today we are about 50 billionaires and 50 million poor,signer_YN,10.0,draft_in_vocab_tokens,0.4
clip_2123,POOR,POOR CHAOS,poor people what has changed milita or Citizen TV 50 years and counting now Switching gears and Chaos erupted at Christ Impact Church in Roo,signer_YN,10.0,draft_in_vocab_tokens,0.4
clip_2124,SUNDAY,SUNDAY ANGRY ENTER PASTOR ARREST DEMAND ACCUSE SEX ABUSE PROTESTER SELF NAME LOCAL,in Roo in Kiambu County on Sunday when an enraged mob stormed the sanctuary demanding the arrest of the pastor over alleged sexual perversion the protesters identifying themselves as local ticktockers,signer_YN,10.0,draft_in_vocab_tokens,0.4
clip_2125,PROTESTER,PROTESTER PASTOR ACCUSE INSIDE ACTIVITY INCLUDE MAN CONGREGATION THEN SEX ABUSE ANGRY CONTROL FIGHT,ticktockers accused the cleric of engaging in suspicious activities within the church including get this drugging male congregants before sodomizing them now police fought to restrain the Furious mob,signer_YN,10.0,draft_in_vocab_tokens,0.4
clip_2126,ANGRY,ANGRY PASTOR ARREST DEMAND PASTOR PROTESTER ENTER,Furious mob as they pelted Stones demanding the pastor arrest and Vengeance and as our very own marry Mori reports the pastor fled as protesters stormed the,signer_YN,10.0,draft_in_vocab_tokens,0.4
clip_2127,SUNDAY,SUNDAY MORNING PEACE PLAN ANGER DESTROY BECOME SERVICE STOP,church what was meant to be a peaceful Sunday morning at Christ Impact Church in Royo turned into a scene of outrage destruction worship service came to an abrupt,signer_YN,10.0,draft_in_vocab_tokens,0.4
clip_2128,STOP,STOP MAN ANGRY GROUP ENTER BREAK PROPERTY DESTROY FULL,to an abrupt halt as a group of furious young men and women stormed the church pelting Stones smashing worship instrument ments and vandalizing property the air once filled with hyms,signer_YN,10.0,draft_in_vocab_tokens,0.4
clip_2129,ANGER,ANGER LEAVE QUESTION GROUP SELF NAME PASTOR ACCUSE YOUNG SEX ABUSE,with hyms now echoed with anger living behind a trail of wreckage and unanswered questions as a group identifying themselves as Tik Tok High Cott accused the pastor of sodomizing young boys and even,signer_YN,10.0,draft_in_vocab_tokens,0.4
clip_2130,PASTOR,PASTOR FELLOW,and even fellow pastors,signer_YN,10.0,draft_in_vocab_tokens,0.4
clip_2132,FORCE,FORCE TEAR-GAS PROPERTY DESTROY PASTOR VICTIM ACCUSE MOST MAN YOUNG CONGREGATION ACCUSE,with police forcing officers to fire tear gas as the mob rain Riot vandalizing Church property most of the pastors alleged victims are young men from the church congregation he is also accused of repeatedly dragging,signer_YN,10.0,draft_in_vocab_tokens,0.4
clip_2133,PROTESTER,PROTESTER ACCUSE PASTOR TOGETHER,of repeatedly dragging drivers and border border Riders who have been running his errands over a period of two years the protesters accused the police of colluding with the pastor,signer_YN,10.0,draft_in_vocab_tokens,0.4
clip_2134,PASTOR,PASTOR TOGETHER JUSTICE BLOCK,with the pastor to obstruct Justice and derail the,signer_YN,10.0,draft_in_vocab_tokens,0.4
clip_2135,BLOCK,BLOCK,and derail the,signer_YN,10.0,draft_in_vocab_tokens,0.4
clip_2137,PASTOR,PASTOR SEARCH PROTESTER,police are hunting for the pastor who fled as protesters,signer_YN,10.0,draft_in_vocab_tokens,0.4
clip_2138,PROTESTER,PROTESTER ENTER,protesters stormed his church however R sub County Police Commander Maya B,signer_YN,10.0,draft_in_vocab_tokens,0.4
clip_2139,COMPLAINT,COMPLAINT FORMAL FILE COMPLAINT FORMAL FIND YES SUNDAY NORMAL,B insists no formal complaints have been filed against him Mary Mori Citizen TV no formal complaints have been found against him yeah it's not the sort of thing you typically see on a,signer_YN,10.0,draft_in_vocab_tokens,0.4
clip_2140,SUNDAY,SUNDAY NO YES THEREFORE VERY HOPE AUTHORITY INVESTIGATE FIND STORY,see on a Sunday no it's not yeah but it's been going on for 2 years so it's very disturbing and I hope the authorities investigate and get to the bottom of the matter but speaking of church there was a story uh President William Ruto in church and he said he doesn't know where in the Bible it says,signer_YN,10.0,draft_in_vocab_tokens,0.4
clip_2141,PART,PART HAND YOUR HAND RIGHT WHAT KNOW SECRET FATHER YOUR,the Bible it says when you give the the the clergy gives back and I'm curious about the bit in the Bible where it says your left hand should not know what your right hand is doing when you're giving you should Give in secret so your father in heaven will bless,signer_YN,10.0,draft_in_vocab_tokens,0.4
clip_2142,SECRET,SECRET YES LINE BELONG GOD GOD BELONG CAN GOOD BREAK YES RETURN,bless you for what you've done in secret so that right yeah what about the line give to Caesar what is Caesar's and to God what is God's all right we could debate it I guess nice one should we take a break yes come back plenty more ahead folks including our,signer_YN,10.0,draft_in_vocab_tokens,0.4
clip_2143,INCLUDE,INCLUDE NEWS HASHTAG BREAK TAKE RETURN WILL COME,folks including our regular feature citizen planet and plenty more news keep tweeting at Jeff at bar at Citizen TV Kenya the hashtag is Sunday live Sunday live takes a break we'll be back in the meantime coming,signer_YN,10.0,draft_in_vocab_tokens,0.4
clip_2144,CHAOS,CHAOS ALLOW AUTHORITY SECURITY PROMISE LATE,up chaos will not be allowed authorities assure security ahead of the late Wula burial in kiminini,signer_YN,10.0,draft_in_vocab_tokens,0.4
clip_2164,MINUTE,MINUTE PAST WELCOME AGAIN TELEVISION,it is exactly 37 minutes past the hour welcome back to Sunday live here at citizen television,signer_YN,10.0,draft_in_vocab_tokens,0.4
clip_2165,TELEVISION,TELEVISION PREPARE LATE,at citizen television or right and we begin with an update on the preparations for the burial of the former chairman of Kenya's independent electoral and boundaries commission the late waa chabuka they are underway at his home in,signer_YN,10.0,draft_in_vocab_tokens,0.4
clip_2166,CONSTITUENCY,CONSTITUENCY WARN STRONG SPOIL PLAN CHAOS CAUSE LAW FULL FACE WILL,home in sabata kimini constitu County Commissioner Gideon oyagi has issued a Stern warning to anyone planning to disrupt the ceremony saying anyone found causing chaos will face the full force of the law National Assembly,signer_YN,10.0,draft_in_vocab_tokens,0.4
clip_2167,VISIT,VISIT PREPARE WILL,National Assembly speaker Moses wetangula who visited the family to assess the preparations said the government will give the IEBC boss a dignified sendoff,signer_YN,10.0,draft_in_vocab_tokens,0.4
clip_2169,KNOW,KNOW LIFE,Mr you all know the kind of life he l,signer_YN,10.0,draft_in_vocab_tokens,0.4
clip_2170,LIFE,LIFE QUIET GOOD KNOW HIM WILL,life he l a nice quiet respectful life isn't it I know you're going to do that for him there's no doubt about,signer_YN,10.0,draft_in_vocab_tokens,0.4
clip_2171,ELECTION,ELECTION,that presal elections,signer_YN,10.0,draft_in_vocab_tokens,0.4
clip_2174,NEWS,NEWS LEADERSHIP LEAD,in other news police leadership led by Inspector General,signer_YN,10.0,draft_in_vocab_tokens,0.4
clip_2175,DEPUTY,DEPUTY OFFICER FALL DIE VISIT PROMISE HANDLE,Inspector General Douglas Kanja and his two deputies visited the family of Fallen officer Samuel kayui who died in the line of duty in Haiti now the IG assured the family that the government will handle the burial,signer_YN,10.0,draft_in_vocab_tokens,0.4
clip_2176,COST,COST INCLUDE BODY RETURN TELL BODY FLY THURSDAY WEEK NEXT BETWEEN AGE,the burial expenses including the repatriation of the body back to the country the Inspector General told the family that Kay's body will be flown into the country between Tuesday and Thursday of next week the 26-year-old,signer_YN,10.0,draft_in_vocab_tokens,0.4
clip_2177,AGE,AGE FIRST,the 26-year-old police Constable is the first reported,signer_YN,10.0,draft_in_vocab_tokens,0.4
clip_2178,DIE,DIE LEAD MISSION SECURITY OFFICER WITH SERVICE ATTEND OFFICER FALL,reported casualty suffered by the Kenyan Le multinational security support mission in hati the Inspector General and the officers that accompanied him attended a church service in tribute to the fallen soldier,signer_YN,10.0,draft_in_vocab_tokens,0.4
clip_2179,OFFICER,OFFICER FALL,the fallen soldier,signer_YN,10.0,draft_in_vocab_tokens,0.4
clip_2180,LINE,LINE SERVE THEREFORE PLACE SPECIAL PUT WILL,line of Dy and serving the country and therefore is's an hero and he will be placed in a special,signer_YN,10.0,draft_in_vocab_tokens,0.4
clip_2181,PLACE,PLACE SPECIAL YOUNG READY SERVE FINISH,special um place in this country proud of him because he was a young man and ready to serve this and he has just done that to the,signer_YN,10.0,draft_in_vocab_tokens,0.4
clip_2182,SERVICE,SERVICE,to the family our condolences go out to the family and to the Police Service,signer_YN,10.0,draft_in_vocab_tokens,0.4
clip_2183,HIGH-SCHOOL,HIGH-SCHOOL GATHER,the alumni of Alliance High School gathered at the,signer_YN,10.0,draft_in_vocab_tokens,0.4
clip_2184,GATHER,GATHER SINCE MARK CELEBRATE HOLD,gathered at the alma mat to Mark 99 years since the founding of the institution in 1926 the celebration held just a year shy of the school Centennial,signer_YN,10.0,draft_in_vocab_tokens,0.4
clip_2185,STUDENT,STUDENT TEACHER FRIEND TOGETHER BRING ALMOST EDUCATION EVENT HIGH-SCHOOL ORGANISE,of the school Centennial brought together former students faculty and friends to honor nearly a century of educa of educational excellence and camaraderie the event organized by The Alliance High School old boys club,signer_YN,10.0,draft_in_vocab_tokens,0.4
clip_2186,SUPPORT,SUPPORT GATHER TRY PROJECT BUILDING OLD MAKE AIM,old boys club was a Showcase of the school's achievements and efforts to Rally support for ongoing capital projects aimed at modernizing the Aging infrastructure ahead of the 100-year milestone in 2026,signer_YN,10.0,draft_in_vocab_tokens,0.4
clip_2187,AMONG,AMONG SPECIAL INCLUDE JOIN,among the highlights was a n to tradition with organizers Reviving The Art of letter writing to invite peers from rival schools including Lenana School and liveborn Society to join the,signer_YN,10.0,draft_in_vocab_tokens,0.4
clip_2188,JOIN,JOIN CELEBRATE ACTION UNITY HIGH-SCHOOL LONG DIFFERENT REMEMBER,join the festivities the gesture underscored the spirit of unity and friendly competition that has long defined Alliance High School's Legacy alumni from various graduating classes reminisced about their time at the prestigious School known for its,signer_YN,10.0,draft_in_vocab_tokens,0.4
clip_2189,HARD,HARD KNOW ESPECIALLY LAST ENGAGE SPECIAL EVENT REASON,for its rigorous academics and storied history you know especially the last one we getting to engage schools from I mean alumni from other schools in unique invitations to them for this particular event one of the reasons why I'm here with a lot of,signer_YN,10.0,draft_in_vocab_tokens,0.4
clip_2190,GIRL,GIRL OLD WITH SUPPORT TOGETHER GOOD BAD THROUGH PARENT MY HIGH-SCHOOL,with a lot of Alliance girls ex old girls is to really give them support because we've been together through thick and thin for me it starts even before that because my parents were also uh alumni of Alliance High School,signer_YN,10.0,draft_in_vocab_tokens,0.4
clip_2191,HIGH-SCHOOL,HIGH-SCHOOL VERY CELEBRATE SUPPORT WILL THROUGH TODAY HIGH-SCHOOL CELEBRATE WITH,High School and I'm really happy that that they're celebrating 100 years and we'll be supporting them through through the celebrations we here today at Alliance High School our rival school to celebrate with them 99 years doesn't necessarily,signer_YN,10.0,draft_in_vocab_tokens,0.4
clip_2192,BETTER,BETTER MEAN ALWAYS BETTER WRONG YES THERE TODAY,doesn't necessarily mean that you're better but it means you are ahead we are always better than them except when it's misreported yes oh by the way our Aeroplane is packed right there we we did some Bush Landing today it's not Bush who landed it's m who,signer_YN,10.0,draft_in_vocab_tokens,0.4
clip_2193,BECOME,BECOME JOURNEY,landed from predator to protect her a Po's Journey To One,signer_YN,10.0,draft_in_vocab_tokens,0.4
clip_2194,JOURNEY,JOURNEY,Po's Journey To One,signer_YN,10.0,draft_in_vocab_tokens,0.4
clip_2212,MINUTE,MINUTE PAST WELCOME AGAIN TELEVISION WEEK BETWEEN,brilliant it is exactly 47 minutes past the hour welcome back to Sunday live here at citizen television and on to our weekly feature citizen planet now between the years 2 1985 and 2000,signer_YN,10.0,draft_in_vocab_tokens,0.4
clip_2213,FEAR,FEAR MOST TODAY AGE LEAD ACTIVE TEACH,and 2000 kapuna Leal Nuki was one of Kenya's most feared poachers today at the age of 55 he has transformed from Hunter to Guardian leading efforts to raise awareness among active poachers,signer_YN,10.0,draft_in_vocab_tokens,0.4
clip_2214,ACTIVE,ACTIVE COMMUNITY WILDLIFE IMPORTANT TEACH JOURNEY,among active poachers and teaching his community about the vital importance of wildlife conservation now this remarkable Journey from Predator to protector was produced by Agnes,signer_YN,10.0,draft_in_vocab_tokens,0.4
clip_2215,MORNING,MORNING EARLY WILDLIFE,by Agnes Olo an early morning routine for wildlife Rangers,signer_YN,10.0,draft_in_vocab_tokens,0.4
clip_2216,WILDLIFE,WILDLIFE BUILD RISE LONG AMONG AGE,Rangers at Lea Wildlife Conservancy here discipline and strength are forged long before the sun fully Rises among them 55y,signer_YN,10.0,draft_in_vocab_tokens,0.4
clip_2217,AGE,AGE EYE SIDE,old kapuna Leal Nuki stands out his movements are precise his gaze unwavering he wasn't always on this side of the fight once,signer_YN,10.0,draft_in_vocab_tokens,0.4
clip_2218,FEAR,FEAR MOST,once he was one of Kenya's most feared porches notorious for slipping through the government's grasp with,signer_YN,10.0,draft_in_vocab_tokens,0.4
clip_2219,EASY,EASY,ease Nuki began poaching as a,signer_YN,10.0,draft_in_vocab_tokens,0.4
clip_2220,TEAM,TEAM LEAD DESTROY ARREST UNTIL TEAM KILL,as a teenager it wasn't long before he commanded a team that left Devastation across Kenya's game parks and reserves by the time of his arrested reform his team had killed 73 elephants and countless other,signer_YN,10.0,draft_in_vocab_tokens,0.4
clip_2221,MAN,MAN HOPE,countless other species determination in his tride is a man now hunting for hope not,signer_YN,10.0,draft_in_vocab_tokens,0.4
clip_2223,CHANCE,CHANCE SECOND GET,he was lucky to get a second chance,signer_YN,10.0,draft_in_vocab_tokens,0.4
clip_2224,CHANCE,CHANCE SECOND WILDLIFE PROTECT LAND WALK EYE,this time to protect the very well life he kuki navigates the rugged terrain of the L wildli Conservancy his eyes,signer_YN,10.0,draft_in_vocab_tokens,0.4
clip_2225,EYE,EYE PURPOSE MORNING,his eyes sharp his movements purposeful His Mornings are now spent traversing the vast,signer_YN,10.0,draft_in_vocab_tokens,0.4
clip_2226,COMMUNITY,COMMUNITY MEMBER REACH MISSION WILDLIFE,the vast Conservancy reaching out to as many community members as possible his mission to inspire a new mindset one of coexistence and respect for wildlife,signer_YN,10.0,draft_in_vocab_tokens,0.4
clip_2227,WILDLIFE,WILDLIFE,wildlife,signer_YN,10.0,draft_in_vocab_tokens,0.4
clip_2229,FEW,FEW GET,few years ago he got an award that is given to,signer_YN,10.0,draft_in_vocab_tokens,0.4
clip_2230,CHOOSE,CHOOSE WORLD FIVE AMONG AMONG,award that is given to selected Rangers all over the world Imaging to be among the five best Rangers in the continent during the wild Ranger day he was among the Rangers in Kenya who are Ed by Kenya Wildlife Service,signer_YN,10.0,draft_in_vocab_tokens,0.4
clip_2231,WEAPON,WEAPON CARRY SPECIAL HIGH MOST TEAM AMONG FEW,service director General the weapon he carries is distinctive a privilege reserved for only the most highly skilled Rangers among his team only a select few,signer_YN,10.0,draft_in_vocab_tokens,0.4
clip_2232,FEW,FEW TRUST EXPERT GOOD VERY,few are trusted with such Firepower at Testament of their exceptional expertise and precision 308 arrival is one of the best shooter around and also a Tracker he is a very good,signer_YN,10.0,draft_in_vocab_tokens,0.4
clip_2233,GOOD,GOOD VERY,he is a very good tracker,signer_YN,10.0,draft_in_vocab_tokens,0.4
clip_2234,GOOD,GOOD VERY,very good tracker,signer_YN,10.0,draft_in_vocab_tokens,0.4
clip_2236,FELLOW,FELLOW WATCH RESULT GOOD ESPECIALLY,Nuki and his fellow Rangers tiess vigilance is paying off especially in,signer_YN,10.0,draft_in_vocab_tokens,0.4
clip_2237,ESPECIALLY,ESPECIALLY SAVE SAVE CELEBRATE,especially in Saving rhinos from the brink their dedication is turning the tide for this endangered giant we are so proud as Le life Conservancy uh to celebrate with,signer_YN,10.0,draft_in_vocab_tokens,0.4
clip_2238,CELEBRATE,CELEBRATE MOST JOIN LESS FEW,with 267 rhinos um and most of them of those rhinos are born here on Lea I join Lea when the rhinos are less than 20 and as we speak couple of rhinos we have moved out of L,signer_YN,10.0,draft_in_vocab_tokens,0.4
clip_2239,AGE,AGE PURPOSE PROTECT,out of L because of the habitant and because of the carrying capacity at 55 Nuki faces the present with purpose protecting,signer_YN,10.0,draft_in_vocab_tokens,0.4
clip_2240,PROTECT,PROTECT LIFE PAST SAME SET WATCH,protecting One Life to atone for his past and inspiring others to do the same as the sun sets Nuki stands watch a guardian shaped by Redemption and,signer_YN,10.0,draft_in_vocab_tokens,0.4
clip_2241,PURPOSE,PURPOSE THERE,and purpose some breathtaking pictures there,signer_YN,10.0,draft_in_vocab_tokens,0.4
clip_2242,FEEL,FEEL GO FINISH STORY,pictures there I feel like I've just gone on a game drive a story,signer_YN,10.0,draft_in_vocab_tokens,0.4
clip_2243,STORY,STORY TELL RADIO RETURN STRONG,a story beautifully told by Agnes Olo radio citizens Roomba has made a powerful return this time setting Neri County Ablaze with rhythm and energy,signer_YN,10.0,draft_in_vocab_tokens,0.4
clip_2244,ENTERTAIN,ENTERTAIN JOURNEY MARK,and energy the collaboration marks the start of an exciting entertainment,signer_YN,10.0,draft_in_vocab_tokens,0.4
clip_2245,ENTERTAIN,ENTERTAIN JOURNEY RADIO HEAD FAN PROMISE EXPERIENCE FAR REACH,entertainment Journey with radio citizens head Tina oal promising fans an electrifying Roomba experience that will soon reach audiences far and,signer_YN,10.0,draft_in_vocab_tokens,0.4
clip_2246,FAR,FAR WIDE ENTERTAIN WELCOME,and wide the transit entertainment joint in Yuri welcomed the,signer_YN,10.0,draft_in_vocab_tokens,0.4
clip_2247,WELCOME,WELCOME RETURN STRONG SIX BREAK CAUSE,welcomed the return of Citizen Roomba bits making a triumphant comeback after six year haters caused by the covid-19 pandemic,signer_YN,10.0,draft_in_vocab_tokens,0.4
clip_2248,PRESENTER,PRESENTER EVENT CHIEF,2020 the legendary Roomba presenter Uncle Fred Obachi Machoka gra the occasion as the chief,signer_YN,10.0,draft_in_vocab_tokens,0.4
clip_2249,CHIEF,CHIEF ENTERTAIN VERY,as the chief guest at the launch of this entertainment Hub in ner County and we really appreciate that,signer_YN,10.0,draft_in_vocab_tokens,0.4
clip_2250,RADIO,RADIO CALL ANSWER,for the first time radio citizen responded to the call to collaborate with FK resort to quench The Thirst,signer_YN,10.0,draft_in_vocab_tokens,0.4
clip_2251,FAN,FAN GO,to quench The Thirst of Roomba fans in near and surroundings and indeed they did not disappoint they took to the dance flow with unmatched energy reving the authentic,signer_YN,10.0,draft_in_vocab_tokens,0.4
clip_2252,MUSIC,MUSIC RADIO RADIO,reving the authentic Roomba and country music rhythm K of Kenya's number one radio station radio,signer_YN,10.0,draft_in_vocab_tokens,0.4
clip_2253,TAKE,TAKE ROAD GO ENTERTAIN,citizen take Roomba uh to the people get on the road and entertain people,signer_YN,10.0,draft_in_vocab_tokens,0.4
clip_2255,THINK,THINK MUSIC,think Roomba music has never lost,signer_YN,10.0,draft_in_vocab_tokens,0.4
clip_2256,GENERATION,GENERATION YOUNG,has never lost its continuing to Captivate even the younger,signer_YN,10.0,draft_in_vocab_tokens,0.4
clip_2257,GENERATION,GENERATION YOUNG,to Captivate even the younger,signer_YN,10.0,draft_in_vocab_tokens,0.4
clip_2259,TOUR,TOUR FINISH PROMISE ENTERTAIN CENTRE NEAR STOP,without a doubt the tour has just begun with a promise to dock at an entertainment center near you Steve sha Citizen TV,signer_YN,10.0,draft_in_vocab_tokens,0.4
clip_3000,TONIGHT,TONIGHT GO EASTER SUNDAY CELEBRATE MARK DANCE STRONG,"Our sign language interpreter tonight is Joy Shay. Now, Christians across the nation thronged to churches to celebrate Easter Sunday, marking the resurrection of Jesus Christ with vibrant songs, dance, and powerful",signer_JS,10.0,draft_in_vocab_tokens,0.4
clip_3001,STRONG,STRONG UNITY GATHER DEEP CARRY CHANCE USE GOVERN GOOD CORRUPTION END,"powerful sermons. Mhm. From Nairobi to Mombasa and Neri, the faithful gathered in unity, but the celebrations carried a deeper message. Cludgemen used the occasion to call for good governance and an end to corruption",signer_JS,10.0,draft_in_vocab_tokens,0.4
clip_3002,CORRUPTION,CORRUPTION END ACCOUNTABLE DEBT NATIONAL GROW TAX BURDEN SOLVE PART DIFFERENT,end to corruption as well as accountability in addressing Kenya's ballooning national debt and tax burden. Mary Moi has the highlights from different parts of the country.,signer_JS,10.0,draft_in_vocab_tokens,0.4
clip_3003,PART,PART ACROSS,parts of the country. Across,signer_JS,10.0,draft_in_vocab_tokens,0.4
clip_3004,ACROSS,ACROSS EASTER SUNDAY THINK DANCE CELEBRATE,"Across churches in Kenya, Easter Sunday was a mix of joy and reflection. Christian faithful danced and sang in celebration",signer_JS,10.0,draft_in_vocab_tokens,0.4
clip_3005,CELEBRATE,CELEBRATE ACROSS FULL MOMENT THINK SERIOUS,"celebration of the resurrection of Jesus Christ in churches across Kenya. At the SK Cathedral in Nairobi, worshippers filled the pews reflecting somberly on the significance of the moment.",signer_JS,10.0,draft_in_vocab_tokens,0.4
clip_3006,MOMENT,MOMENT NATION SITUATION THINK DEEP COME,"moment. These celebrations weren't just about faith. They were a platform for reflection on the state of the nation. From the pulpit came a deeper message, a",signer_JS,10.0,draft_in_vocab_tokens,0.4
clip_3007,LEADERSHIP,LEADERSHIP ACCOUNTABLE CORRUPTION FIGHT SERVE,a call for accountability in leadership and the fight against corruption. That mandate to serve in government,signer_JS,10.0,draft_in_vocab_tokens,0.4
clip_3008,ON,ON RESPONSIBILITY RESOURCE MANAGE CAREFUL,"government rests on their shoulders a huge responsibility to ensure prudent management of resources. For we want to ask all the principal secretaries,",signer_JS,10.0,draft_in_vocab_tokens,0.4
clip_3009,MINISTRY,MINISTRY THINK SERVICE RECEIVE MATCH,"secretaries, all the cabinet secretaries to please take into consideration the welfare of the people across all ministries uh so that Kenyans can get quality service that is commenurate to the",signer_JS,10.0,draft_in_vocab_tokens,0.4
clip_3010,TAX,TAX PAY CORRUPTION AGAINST STRONG NATION,"to the tax uh they pay. In Archbishop Anthony Muheria took a firm stand against corruption. The archbishop made a passionate plea for moral integrity in all arms of government in our nation,",signer_JS,10.0,draft_in_vocab_tokens,0.4
clip_3011,NATION,NATION PARLIAMENT CORRUPTION GOD POWER PLUS TOGETHER WILL EASTER CORRUPTION AGAINST PROMISE,"nation, in our society, in the judiciary, in the parliament. Corruption will be vanquished through God's power and our collaboration. We must commit this Easter to work against corruption. We",signer_JS,10.0,draft_in_vocab_tokens,0.4
clip_3012,REMOVE,REMOVE,We must root out the root of,signer_JS,10.0,draft_in_vocab_tokens,0.4
clip_3013,THING,THING SUFFER CITY,"of a lot of the things that we suffer in this country. And in the coastal city of Mombasa, Archbishop Martin",signer_JS,10.0,draft_in_vocab_tokens,0.4
clip_3014,TRAVEL,TRAVEL FOREIGN DEBT NATIONAL GROW QUESTION DEBT NATIONAL GROW WARN,"Martin Kivuva turned his forecast to President William Rut's frequent foreign trips and Kenya's spiraling national debt. Archbishop Kuva questioned the government's borrowing spree, warning of the ballooning national debt that",signer_JS,10.0,draft_in_vocab_tokens,0.4
clip_3015,DEBT,DEBT RISK PUBLIC FRUSTRATE USE TAX BURDEN HEAVY,debt that risks crippling the common mwananchi. His remarks highlighting public frustration over the lack of transparency in loan utilization and the heavy tax burden weighing on ordinary,signer_JS,10.0,draft_in_vocab_tokens,0.4
clip_3016,TAX,TAX BURDEN HEAVY,tax burden weighing on ordinary,signer_JS,10.0,draft_in_vocab_tokens,0.4
clip_3017,HEAVY,HEAVY,weighing on ordinary Safaris national,signer_JS,10.0,draft_in_vocab_tokens,0.4
clip_3019,UNTIL,UNTIL EASTER STRONG,"From the pews to the pulpits, Kenya's Easter celebrations were a powerful blend of faith,",signer_JS,10.0,draft_in_vocab_tokens,0.4
clip_3020,DIFFERENT,DIFFERENT CLEAR NATION JUSTICE GOVERN GOOD BASE,"of faith, joy, and a call for change. And for the various pullpits, the call was clear. A call not just for spiritual renewal, but for a national rebirth rooted in justice, good governance,",signer_JS,10.0,draft_in_vocab_tokens,0.4
clip_3021,GOVERN,GOVERN GOOD ECONOMY ACCOUNTABLE,"governance, and economic accountability. Mary Moi, Citizen TV.",signer_JS,10.0,draft_in_vocab_tokens,0.4
clip_3022,POPE,POPE OPEN ENTER SINCE,"In the meantime, as Jeff indicated right at the start, Pope Francis entered St. Peter's Square in an open air Pope mobile for the first time since surviving double pneumonia,",signer_JS,10.0,draft_in_vocab_tokens,0.4
clip_3023,EASTER,EASTER MASS CELEBRATE AGE POPE SIT,"double pneumonia, greeting tens of thousands of Catholics after the Vatican's celebration of Easter Mass. That's right. Now, the 88-year-old pontiff sat",signer_JS,10.0,draft_in_vocab_tokens,0.4
clip_3024,SIT,SIT CHAIR HIGH CAR INSIDE LINE FLAG NATIONAL POPE,"sat in a raised chair in the back of the white vehicle as people aligned the aisles inside the square, many holding a loft national flags and shouting, ""Long live the Pope.""",signer_JS,10.0,draft_in_vocab_tokens,0.4
clip_3025,POPE,POPE PLACE STOP SHORT EASTER BABY BRING POPE,"Pope."" The Pope mobile briefly stopped at several points around the square, decorated with colorful flowers for Easter as papal aids brought forward babies from the crowd for Pope Francis to bless. M. Mhm.",signer_JS,10.0,draft_in_vocab_tokens,0.4
clip_3026,REPORTER,REPORTER YES,"M. Mhm. We get more from our very own Nimro Tabu. Yes, let's do",signer_JS,10.0,draft_in_vocab_tokens,0.4
clip_3027,POPE,POPE RECOVER,let's do it. Pope Francis emerged from his convalescence,signer_JS,10.0,draft_in_vocab_tokens,0.4
clip_3028,RECOVER,RECOVER EASTER SUNDAY THROUGH,"convalescence on Easter Sunday to bless the thousands of people in St. Peter Square and treat them to a surprise Pope mobile romp through the Piazza, drawing wild",signer_JS,10.0,draft_in_vocab_tokens,0.4
clip_3029,RECOVER,RECOVER SOMETIME STOP BABY BRING,drawing wild cheers and applause as he continues his recovery from a near fatal bout of double pneumonia. He stopped occasionally to bless babies brought up,signer_JS,10.0,draft_in_vocab_tokens,0.4
clip_3030,BABY,BABY BRING PAST WEEK FEW THINK AGE LIFE FIGHT,"brought up to him. A scene that was common in the past, but unthinkable just a few weeks ago as the 88-year-old Francis fought for his life.",signer_JS,10.0,draft_in_vocab_tokens,0.4
clip_3031,POPE,POPE EASTER MASS,Pope Francis did not celebrate the Easter Mass in the,signer_JS,10.0,draft_in_vocab_tokens,0.4
clip_3032,MASS,MASS MASS,"Mass in the Piazza, delegating it to Cardinal Angelo Comastri, the retired arch priest of St. Peter's Basilica. But after the mass",signer_JS,10.0,draft_in_vocab_tokens,0.4
clip_3033,MASS,MASS FINISH ABOVE MINUTE,"after the mass ended, Francis appeared on the Loggia balcony over the basilica entrance for more than 20 minutes and imparted the apostolic blessing in Latin.",signer_JS,10.0,draft_in_vocab_tokens,0.4
clip_3035,PLAY,PLAY,cheers as a military band kicked off rounds of the Holy See and Italian,signer_JS,10.0,draft_in_vocab_tokens,0.4
clip_3036,POPE,POPE,The Pope waved from the balcony as a Vatican,signer_JS,10.0,draft_in_vocab_tokens,0.4
clip_3037,GLOBAL,GLOBAL PEACE WORLD EASTER MARK,a Vatican Archbishop read aloud his speech. A global appeal for peace in the world's hotspots that is the hallmark of the Vatican's Easter celebrations.,signer_JS,10.0,draft_in_vocab_tokens,0.4
clip_3038,GO,GO ROAD MEET SHORT,"On his way to the basilica, Francis met briefly",signer_JS,10.0,draft_in_vocab_tokens,0.4
clip_3039,MEET,MEET SHORT DEPUTY EASTER WITH SPEND EASTER FATHER MEET,"met briefly in his hotel with US Vice President JD Vance was spending Easter in Rome with his family. Find yourself. Thank you. Happy Easter to you, father. The Vatican said the encounter",signer_JS,10.0,draft_in_vocab_tokens,0.4
clip_3040,MINUTE,MINUTE FEW EASTER PURPOSE POPE PUBLIC FEW RETURN SINCE HOSPITAL STAY,a few minutes and was designed to allow for an exchange of Easter greetings. Pope Francis has only appeared in public a handful of times since returning to the Vatican on March 23rd after a 38 day hospital stay.,signer_JS,10.0,draft_in_vocab_tokens,0.4
clip_3041,HOSPITAL,HOSPITAL STAY SERVICE,hospital stay. He skipped the solemn services of Good Friday and Holy Saturday,signer_JS,10.0,draft_in_vocab_tokens,0.4
clip_3042,EASTER,EASTER POPE REDUCE DOCTOR ORDER FOLLOW MONTH,and Holy Saturday leading up to Esa. The Pope has sharply cut back his workload as he follows doctor's orders of two months of convalescence and respiratory,signer_JS,10.0,draft_in_vocab_tokens,0.4
clip_3043,IMPROVE,IMPROVE VOICE PROJECT EFFORT NEED STILL HARD STILL GOOD POPE WITH EASTER SUNDAY YES,and respiratory therapy to improve his lung function. He still seems to require great effort to project his voice and his breathing remains labor. It's great to see the Pope hanging out with the folks on Easter Sunday. Yeah.,signer_JS,10.0,draft_in_vocab_tokens,0.4
clip_3044,SUNDAY,SUNDAY YES YES LIKE,"Sunday. Yeah. Amazing, isn't it? Yeah. And that sounded like Millie Toletting.",signer_JS,10.0,draft_in_vocab_tokens,0.4
clip_3045,YES,YES TRUE OK VOICE GO NO,"Millie Toletting. Yeah, it did. Oh, okay. He voiced it. All right. You You ever been to the Vatican? No, never. I haven't.",signer_JS,10.0,draft_in_vocab_tokens,0.4
clip_3046,GO,GO SINCE OK RETURN,So far since I went to you did all right back,signer_JS,10.0,draft_in_vocab_tokens,0.4
clip_3047,POLITICS,POLITICS GOVERNOR ROAD CONTROL PUSH STOP NAME SHARE ALLOW,back home and politics. President William R has called on the on governors to stop the push to control the contentious roads maintenance levy fund. it's called the RMLF and allow him to disperse,signer_JS,10.0,draft_in_vocab_tokens,0.4
clip_3048,ROAD,ROAD SHARE POSITION LEADER AGAINST GOVERNOR PART,to disperse the roads funds himself. The president's position now at loggerheads with that of the ODM leader Ry Odinga who called for the money to be given to the governors as part of their devolved function. As our very own Emanuel Torin,signer_JS,10.0,draft_in_vocab_tokens,0.4
clip_3049,WEEK,WEEK THREE PASS LISTEN,"Emanuel Torin now reports, the president also gave the members of parliament a 3-week ultimatum to pass the conflict of interest bill 2025 with new amendments. Take a listen.",signer_JS,10.0,draft_in_vocab_tokens,0.4
clip_3050,LISTEN,LISTEN FIGHT CONTROL BILLION,Take a listen. The tussle over the control of the 10.5 billion,signer_JS,10.0,draft_in_vocab_tokens,0.4
clip_3051,BILLION,BILLION ROAD FOR MONTH COURT VERSUS GOVERNOR SUNDAY SIDE BOTH,billion shilling marked for road maintenance which has been going on in and out of court for months now between the members of the national assembly and the governors. Sunday took another twist as President William R urged both sides to,signer_JS,10.0,draft_in_vocab_tokens,0.4
clip_3052,SIDE,SIDE BOTH FIGHT STOP NATIONAL CONTROL ALLOW,sides to seize fire and let the national government have control of the money.,signer_JS,10.0,draft_in_vocab_tokens,0.4
clip_3053,CONTROL,CONTROL,have control of the money.,signer_JS,10.0,draft_in_vocab_tokens,0.4
clip_3054,EASTER,EASTER SERVICE SPEAK,Speaking during an interdenominational Easter service in Tlele,signer_JS,10.0,draft_in_vocab_tokens,0.4
clip_3055,SERVICE,SERVICE GOVERNOR ROAD RESPONSIBILITY HANDLE,"service in Tlele Naro County, R said the governors who have been maintaining roads in their counties had not demonstrated the capacity to handle more responsibilities.",signer_JS,10.0,draft_in_vocab_tokens,0.4
clip_3056,RESPONSIBILITY,RESPONSIBILITY,responsibilities.,signer_JS,10.0,draft_in_vocab_tokens,0.4
clip_3058,GOVERNOR,GOVERNOR BLOCK,The MPs have maintained that their move to bar the governors,signer_JS,10.0,draft_in_vocab_tokens,0.4
clip_3059,GOVERNOR,GOVERNOR BLOCK ROAD AGENCY UNDER CONTROL PREVENT RESOURCE PUBLIC STOP CHIEF POSITION,bar the governors from having control of the monies currently under the government road trade agencies is to prevent looting of public resources. ODM chief Raila Odinga has maintained a position opposite,signer_JS,10.0,draft_in_vocab_tokens,0.4
clip_3060,HOLD,HOLD GO ROAD BUSINESS,opposite to the one held by the president saying the money should go to counties. Members of parliamentary excellency have no business concerning rules.,signer_JS,10.0,draft_in_vocab_tokens,0.4
clip_3062,LAW,LAW,"role of member of parliament is representation, good",signer_JS,10.0,draft_in_vocab_tokens,0.4
clip_3063,LAW,LAW MAKE WEEK PAST MAKE PASS CORRUPTION STOP AIM,legislation and oversight. President R also calling for immediate passage of the conflict of interest bill with amendments he made last week in a bid to c corruption.,signer_JS,10.0,draft_in_vocab_tokens,0.4
clip_3064,CORRUPTION,CORRUPTION,corruption. The president,signer_JS,10.0,draft_in_vocab_tokens,0.4
clip_3065,MILLION,MILLION PROMISE BUILD,The president who pledged 10 million shillings to construct,signer_JS,10.0,draft_in_vocab_tokens,0.4
clip_3066,BUILD,BUILD PASTOR UNITY NATIONAL UNITY GOD,to construct a pastor's plaza in Narrow County calling for national unity. The unity we are prosecuting in Kenya is divine. It is God ordained for us,signer_JS,10.0,draft_in_vocab_tokens,0.4
clip_3067,UNITE,UNITE WAY THAT NATION RECEIVE CAN,for us to be united. That is how we can be blessed as a nation.,signer_JS,10.0,draft_in_vocab_tokens,0.4
clip_3068,YOUR,YOUR,President. So your excellency,signer_JS,10.0,draft_in_vocab_tokens,0.4
clip_3069,YOUR,YOUR,So your excellency,signer_JS,10.0,draft_in_vocab_tokens,0.4
clip_3072,VILLAGE,VILLAGE,A family in a Makoko village Tala,signer_JS,10.0,draft_in_vocab_tokens,0.4
clip_3073,DAUGHTER,DAUGHTER AGE DIE LIONESS AREA KILL STUDENT,Tala Hungatarongai is in pain and agony following the death of their 13-year-old daughter who was killed by a lioness roaming the area. Now peace a grade seven student met her,signer_JS,10.0,draft_in_vocab_tokens,0.4
clip_3074,SHE,SHE DIE LIONESS ATTACK SHE FRIEND PLAY SHE OPERATION,met her death when the lioness struck their home while she was playing with her two friends before taking off with her. The Kenya Wildlife Services have launched an operation to,signer_JS,10.0,draft_in_vocab_tokens,0.4
clip_3075,OPERATION,OPERATION LIONESS AREA CAUSE HUMAN WILDLIFE CONFLICT EVENT MAN AGE,an operation to capture the lioness which has been causing havoc in the area. And yet another human wildlife conflict incident. A family in Yerry is mourning after an elephant trampled on a 54,signer_JS,10.0,draft_in_vocab_tokens,0.4
clip_3076,AGE,AGE MAN FRIDAY REPORTER SUNDAY VILLAGE VISIT MEET LIONESS,"on a 54 year old man on Friday. We get more from our own. Our Sunday visit to a Makoko village and we are received by an unusual character, a lioness. Our",signer_JS,10.0,draft_in_vocab_tokens,0.4
clip_3077,THERE,THERE LIONESS FORCE FOLLOW,Our presence forces it to change route. We follow,signer_JS,10.0,draft_in_vocab_tokens,0.4
clip_3078,FOLLOW,FOLLOW CLOSE STOP LIONESS NEAR,We follow it closely and stop when it rests under nearby,signer_JS,10.0,draft_in_vocab_tokens,0.4
clip_3079,NEAR,NEAR CAR CLOSE,"under nearby bushes. Despite parking our car close to the bushes, our",signer_JS,10.0,draft_in_vocab_tokens,0.4
clip_3080,THERE,THERE LIONESS VILLAGE SATURDAY EVENING ATTACK,"our presence did little to deter the lioness from prowling. And in all its majesty, the big cat stared at us unflinchingly, oblivious that the whole village was in a state of shock following Saturday evening attack.",signer_JS,10.0,draft_in_vocab_tokens,0.4
clip_3081,EVENING,EVENING ATTACK LIONESS DAUGHTER SHE CHILD WITH PLAY,"evening attack. The lioness reportedly sneaked into the home of Kennedy Keegan before pouncing on his daughter, who was playing with other children within the",signer_JS,10.0,draft_in_vocab_tokens,0.4
clip_3082,CHILD,CHILD WITH PLAY,with other children within the,signer_JS,10.0,draft_in_vocab_tokens,0.4
clip_3083,ALMOST,ALMOST,almost 80%.,signer_JS,10.0,draft_in_vocab_tokens,0.4
clip_3084,EVENT,EVENT LIFE COST,"A horrific incident that cost the life of peace,",signer_JS,10.0,draft_in_vocab_tokens,0.4
clip_3085,LIFE,LIFE GIRL AGE LOCAL ANGRY EVENT,"life of peace, a 13-year-old girl in grade seven who was on holiday. Angered residents say this is not",signer_JS,10.0,draft_in_vocab_tokens,0.4
clip_3086,EVENT,EVENT LIONESS KILL BLAME ACT FAIL,"this is not an isolated incident as there have been cases of lionesses sneaking into people's homes, mauling goats, sheeps, and dogs. They now blame Kenya Wildlife Services for failing to act and arrest the",signer_JS,10.0,draft_in_vocab_tokens,0.4
clip_3087,SITUATION,SITUATION CONTROL FAIL,arrest the situation.,signer_JS,10.0,draft_in_vocab_tokens,0.4
clip_3088,SITUATION,SITUATION,situation.,signer_JS,10.0,draft_in_vocab_tokens,0.4
clip_3090,STATEMENT,STATEMENT EVENT SAD CONFIRM,KWS. in a statement confirmed the unfortunate,signer_JS,10.0,draft_in_vocab_tokens,0.4
clip_3091,EVENT,EVENT SAD CONFIRM TEAM SEND TRAP SET LIONESS EVENT CONFIRM MAN LIFE LOSE,confirmed the unfortunate incident and said it has deployed such teams and set a trap for the roaming lioness. They have also confirmed another incident in Keneri County where a man lost his life after he was,signer_JS,10.0,draft_in_vocab_tokens,0.4
clip_3092,MAN,MAN ATTACK SERIOUS HOSPITAL DIE ANNOUNCE EVENT HUMAN WILDLIFE CONFLICT INCREASE,life after he was attacked by an elephant while grazing his livestock. He sustained serious injuries and was pronounced dead at Karatina level 4 hospital. It is an incident that points to an escalation of human wildlife conflict,signer_JS,10.0,draft_in_vocab_tokens,0.4
clip_3093,CONFLICT,CONFLICT VICTIM ACT QUICK SITUATION CONTROL VILLAGE NEWS SAD BODY,"wildlife conflict with victims calling on KWS to act with speed and arrest the situation gate citizen TVO village Kiedo County. All right, more sad news here in the body of a driver",signer_JS,10.0,draft_in_vocab_tokens,0.4
clip_3094,FRIDAY,FRIDAY NIGHT RECOVER FINISH SEARCH MISSING AREA,of a driver who was swept away by flash floods at the KMC bridge in Eio on Friday night has been recovered as a search operation continues for another in missing individual in the area. Mhm.,signer_JS,10.0,draft_in_vocab_tokens,0.4
clip_3095,AREA,AREA BODY KILOMETRE FIND,the area. Mhm. The body of Paul Gonga was found several kilometers,signer_JS,10.0,draft_in_vocab_tokens,0.4
clip_3096,KILOMETRE,KILOMETRE PLACE FIND HEAVY CAUSE INFRASTRUCTURE PART DESTROY ROAD BLOCK,"kilometers downstream in a place called Langishu. Meanwhile, heavy rains have caused landslides and destroyed infrastructure in parts of Murang'a County, leaving families displaced and roads impassible. We hear again from",signer_JS,10.0,draft_in_vocab_tokens,0.4
clip_3097,AGAIN,AGAIN HEAR VILLAGE AREA,"again from Mita Olette. Kagina village, Kibuda area of Kangma",signer_JS,10.0,draft_in_vocab_tokens,0.4
clip_3098,CONSTITUENCY,CONSTITUENCY NIGHT LATE DESTROY PROPERTY BECOME HEAD ABOVE,"of Kangma constituency. A family is counting losses after a late night landslide destroyed their home, reducing their belongings to rubble. They survived by a whisker. The roof that was above their heads",signer_JS,10.0,draft_in_vocab_tokens,0.4
clip_3099,SATURDAY,SATURDAY NIGHT MOMENT UNDER HEAVY BURDEN BUILD SAME GROUND ABOVE,above their heads moments before tragedy struck on Saturday night is now beneath a mound of soil. A mound as heavy as the burden of building a fresh wondering where to even begin. They say the ground above them gave,signer_JS,10.0,draft_in_vocab_tokens,0.4
clip_3100,GROUND,GROUND FORCE,them gave way suddenly forcing them to flee in the,signer_JS,10.0,draft_in_vocab_tokens,0.4
clip_3102,LOCAL,LOCAL WARN,Local administration has warned residents,signer_JS,10.0,draft_in_vocab_tokens,0.4
clip_3103,GROUND,GROUND BUILD LIFE RISK,"residents against building homes on lower ground, saying it puts lives at risk during landslides.",signer_JS,10.0,draft_in_vocab_tokens,0.4
clip_3104,IMPACT,IMPACT INFRASTRUCTURE AFFECT,The impact of the rains has affected significant infrastructure,signer_JS,10.0,draft_in_vocab_tokens,0.4
clip_3105,INFRASTRUCTURE,INFRASTRUCTURE ROAD BLOCK AREA ACCESS CUT ROAD RISK SERIOUS,infrastructure with Kanye to the road being rendered impossible due to a massive landslide at Gigumo area that has completely cut off access. This has posed serious risks for road users.,signer_JS,10.0,draft_in_vocab_tokens,0.4
clip_3106,NIGHT,NIGHT,users. the whole night.,signer_JS,10.0,draft_in_vocab_tokens,0.4
clip_3108,CAR,CAR FRIDAY HEAVY BODY KILOMETRE AREA RECOVER,"after flash floods swept away a vehicle at the KMC bridge during Friday's heavy downpour, the body of the driver, Paul Gonga, was recovered several kilometers downstream in an area known as Langishu.",signer_JS,10.0,draft_in_vocab_tokens,0.4
clip_3109,TEAM,TEAM SEARCH RESCUE AREA STILL SEARCH,Langishu. Search and rescue teams are still combing the area for,signer_JS,10.0,draft_in_vocab_tokens,0.4
clip_3110,MISSING,MISSING SAME EVENT BELIEVE ESTATE HARD,"the area for another missing individual believed to have been swept away in the same incident. So, Jingga and Safi estates have also been hit hard by the",signer_JS,10.0,draft_in_vocab_tokens,0.4
clip_3111,ALERT,ALERT STAY,floods. The county government is urging residents to remain alert. Melita,signer_JS,10.0,draft_in_vocab_tokens,0.4
clip_3112,DEBT,DEBT PAY INFRASTRUCTURE TOP VISIT STATE FIVE,"Melita or Ling Citizen TV. All right. Debt payment and infrastructure refinancing are President William Rut's top priorities when he embarks on a 5-day state visit to Beijing, China,",signer_JS,10.0,draft_in_vocab_tokens,0.4
clip_3113,MEET,MEET HIGH,"Beijing, China, starting Tuesday. Mhm. Go ahead. No, you go. The high stakes meeting between",signer_JS,10.0,draft_in_vocab_tokens,0.4
clip_3114,MEET,MEET TAKE,"stakes meeting between President, this why I wanted you to take",signer_JS,10.0,draft_in_vocab_tokens,0.4
clip_3115,NATION,NATION AGREEMENT TECHNOLOGY AGRICULTURE SEARCH,"why I wanted you to take it. Xi Jinping and President R will also see the two nations sign bilateral agreements on manufacturing, technology, climate change, and agriculture. That's right. Now, as Kenya seeks to leverage",signer_JS,10.0,draft_in_vocab_tokens,0.4
clip_3116,TRADE,TRADE WAR BETWEEN,"leverage on the ongoing trade war between Washington and Beijing that's been marked by placements, signs of other",signer_JS,10.0,draft_in_vocab_tokens,0.4
clip_3117,REPORTER,REPORTER,other unease. Our very own Seth Olal with the latest update on the,signer_JS,10.0,draft_in_vocab_tokens,0.4
clip_3118,VISIT,VISIT STATE PLAN LISTEN,on the scheduled state visit. Take a listen. President,signer_JS,10.0,draft_in_vocab_tokens,0.4
clip_3119,FIRST,FIRST,President William R will register his first,signer_JS,10.0,draft_in_vocab_tokens,0.4
clip_3120,FIRST,FIRST VISIT STATE WEEK OFFICE TAKE SINCE WELCOME LONG,his first state visit to China this week since taking office. Welcome. In a bid to reaffirm Nairobi's long-standing,signer_JS,10.0,draft_in_vocab_tokens,0.4
clip_3121,ECONOMY,ECONOMY WITH LONG CONFIRM WEEK LONG HOST DEBT PAY INFRASTRUCTURE PROJECT,long-standing diplomatic and economic ties with Beijing. The week-long deliberations with his host President Xi Jinping will focus on debt payment and financing for major infrastructure projects,signer_JS,10.0,draft_in_vocab_tokens,0.4
clip_3122,PROJECT,PROJECT INCLUDE UNTIL ROAD PROJECT IMPORTANT VERY,projects which include the extension of the Standard Gauge Railway from Naivasha to Malaba via Kisumu and request for the proposed Rironi-Mau Summit dual carriage. These are very important projects and uh we're,signer_JS,10.0,draft_in_vocab_tokens,0.4
clip_3123,HOPE,HOPE FINISH-NOT PROJECT FINISH HOW,uh we're looking forward to concluding those which are not concluded. and uh having a conversation on how,signer_JS,10.0,draft_in_vocab_tokens,0.4
clip_3124,BRING,BRING IMPROVE TRADE IMPROVE REGION INSIDE,"uh to bring the others into being so that we can enhance commerce, we can enhance trade uh within our region.",signer_JS,10.0,draft_in_vocab_tokens,0.4
clip_3125,AGREEMENT,AGREEMENT FORMAL,Kenna and China will formally sign bilateral,signer_JS,10.0,draft_in_vocab_tokens,0.4
clip_3126,AGREEMENT,AGREEMENT TRADE SECURITY TECHNOLOGY AGRICULTURE EDUCATION SECTOR INSIDE IMPROVE,"bilateral agreements in trade, security, manufacturing, technology transfer, agriculture, climate change, tourism and education sector. And not just improving connectivity within Kenya,",signer_JS,10.0,draft_in_vocab_tokens,0.4
clip_3127,REGION,REGION IMPROVE,"Kenya, but is also improving regional The Kenna China Cooperation",signer_JS,10.0,draft_in_vocab_tokens,0.4
clip_3128,INFRASTRUCTURE,INFRASTRUCTURE TRADE INVEST UNDER WAR RESULT,"Cooperation in Infrastructure, Trade and Investment under the Belt and Road Initiative, BRI, leveraging on the Beijing Washington diplomatic fallout as a result of the ongoing war tariffs to Kenya's advantage.",signer_JS,10.0,draft_in_vocab_tokens,0.4
clip_3129,INCREASE,INCREASE,advantage. There is increasing and pressure to leverage on this south to south cooperation between,signer_JS,10.0,draft_in_vocab_tokens,0.4
clip_3130,SOUTH,SOUTH GLOBAL,um the countries in the global south and bricks is an option for Kenya. We,signer_JS,10.0,draft_in_vocab_tokens,0.4
clip_3131,LOOK,LOOK,We are looking at the opportunities,signer_JS,10.0,draft_in_vocab_tokens,0.4
clip_3132,MEMBER,MEMBER COME NEWS MINISTRY HEALTH,"that come with membership of bricks. Seth Ol Citizen TV. In other words, the Ministry of Health",signer_JS,10.0,draft_in_vocab_tokens,0.4
clip_3133,MINISTRY,MINISTRY HEALTH CAREFUL THREE CONFIRM NUMBER RAISE CONFIRM LEAD,"Health is urging more vigilance after three new color cases were confirmed, raising the number of cases to 125. Migori, Nairobi, Kisumu counties lead in confirmed cases",signer_JS,10.0,draft_in_vocab_tokens,0.4
clip_3134,HEALTH,HEALTH PUBLIC ALERT HIGH,cases reported so far. Mhm. Public health principal secretary Mary Muthoni says the country remains on high,signer_JS,10.0,draft_in_vocab_tokens,0.4
clip_3135,ALERT,ALERT HIGH STAY HEALTH OFFICER SEND DISEASE FIGHT HOW TEACH,remains on high alert and health officials have been deployed across the country to sensitize Kenyans on how to combat the disease.,signer_JS,10.0,draft_in_vocab_tokens,0.4
clip_3136,EFFORT,EFFORT PROBLEM SOLVE,Efforts to tackle the challenge of,signer_JS,10.0,draft_in_vocab_tokens,0.4
clip_3137,PREGNANT,PREGNANT PARENT EARLY GIRL YOUNG SLOW RESULT GOOD GIRL PREGNANT FEW OK GROW WORRY,"of teen pregnancy and early parenthood for young girls have been gradually bearing fruit with fewer girls getting pregnant in the last year. Okay. However, as the campaigns gather steam, there are concerns",signer_JS,10.0,draft_in_vocab_tokens,0.4
clip_3138,WORRY,WORRY MAN YOUNG SAME PROBLEM FATHER EARLY FALL FATHER YOUNG,are concerns about how adolescent boys and young men have been left out and are also falling into the same pitfalls of early fatherhood. Brena Wanga spoke to young,signer_JS,10.0,draft_in_vocab_tokens,0.4
clip_3139,FATHER,FATHER YOUNG BABY STRUGGLE JOURNEY FATHER LISTEN,"Wanga spoke to young fathers who are the sole caregivers to their young babies, soul caregivers, and highlights their struggles and triumphs in the journey to fatherhood. It's definitely not something you see every day. Not every day. Let's take a listen.",signer_JS,10.0,draft_in_vocab_tokens,0.4
clip_3140,LISTEN,LISTEN,Let's take a listen.,signer_JS,10.0,draft_in_vocab_tokens,0.4
clip_3143,FIGHT,FIGHT DAILY DIE OFTEN HEAVY CARRY AGE,and sunbecked earth of Nairobi sprawling Kibera slums where survival is a daily battle and dreams often wither before they bloom. James Karaoke carries a weight far beyond his 19 years. That,signer_JS,10.0,draft_in_vocab_tokens,0.4
clip_3144,BABY,BABY GIRL MONTH FIVE PREGNANT EARLY PARENT FORCE SHE CHILD LIFE ALWAYS LEAVE,That weight comes in the form of his 5 months old baby girl. James and his then girlfriend dropped out of school due to early pregnancy and were thrust into parenthood. She isn't a constant presence in their child's life. This has left James,signer_JS,10.0,draft_in_vocab_tokens,0.4
clip_3145,HARD,HARD HANDLE RESPONSIBILITY QUIET AGE,"has left James handling the demanding role of soul caregiver, a responsibility he shoulders with quiet determination that belies his age.",signer_JS,10.0,draft_in_vocab_tokens,0.4
clip_3146,AGE,AGE,his age.,signer_JS,10.0,draft_in_vocab_tokens,0.4
clip_3148,SMALL,SMALL TEMPORARY,"Their home is a small makeshift dwelling,",signer_JS,10.0,draft_in_vocab_tokens,0.4
clip_3149,TEMPORARY,TEMPORARY LIFE INSIDE LOVE DEEP GROW,"makeshift dwelling, a testament to the precariousness of life in the slum. Yet within its corrugated iron walls, a profound love blossoms. Kuki's days are a relentless cycle",signer_JS,10.0,draft_in_vocab_tokens,0.4
clip_3150,HARD,HARD GET SELF DAUGHTER,relentless cycle of manual backbreaking jobs. The income he gets keeps him and his daughter,signer_JS,10.0,draft_in_vocab_tokens,0.4
clip_3151,DAUGHTER,DAUGHTER CARE,daughter taken care of.,signer_JS,10.0,draft_in_vocab_tokens,0.4
clip_3152,SITUATION,SITUATION YOUNG SUPPORT,circumstances would crush But Kuki leans on the support of his younger brother,signer_JS,10.0,draft_in_vocab_tokens,0.4
clip_3153,CARRY,CARRY DAILY,brother who bears the duty of looking after the toddler while Kyuki hustles for their daily upkeep.,signer_JS,10.0,draft_in_vocab_tokens,0.4
clip_3154,DAILY,DAILY,for their daily upkeep.,signer_JS,10.0,draft_in_vocab_tokens,0.4
clip_3156,PROBLEM,PROBLEM REFUSE,"Afric despite these challenges, Kuki refuses",signer_JS,10.0,draft_in_vocab_tokens,0.4
clip_3157,REFUSE,REFUSE MISSING,"Kuki refuses to be defined by what's missing. His focus remains firmly on the present,",signer_JS,10.0,draft_in_vocab_tokens,0.4
clip_3158,SMALL,SMALL EACH DAUGHTER PLAY MOMENT SURE DAUGHTER EARLY LIFE PLAN COME,"the present, on the small victories of each day, ensuring his daughter has a meal, a clean set of clothes, and a moment of carefree play. He says although his daughter came a little bit too early in his blueprint of life,",signer_JS,10.0,draft_in_vocab_tokens,0.4
clip_3159,LIFE,LIFE PLAN SHE FUTURE LIFE HARD FACE INCLUDE CRIME ALWAYS FIGHT FATHER BECOME,"blueprint of life, he is keen that she has a future where she doesn't have to navigate the harsh realities of the slum, including the very real allure of crime that he has had to constantly fight against in his quest to be the father",signer_JS,10.0,draft_in_vocab_tokens,0.4
clip_3160,FATHER,FATHER DAUGHTER,the father his daughter deserves.,signer_JS,10.0,draft_in_vocab_tokens,0.4
clip_3161,DAUGHTER,DAUGHTER,his daughter deserves.,signer_JS,10.0,draft_in_vocab_tokens,0.4
clip_3162,CRIME,CRIME,pressure. Crime,signer_JS,10.0,draft_in_vocab_tokens,0.4
clip_3164,NEIGHBOUR,NEIGHBOUR NEIGHBOUR FRIEND EXPERIENCE SHARE FATHER YOUNG AGE FATHER BECOME LAST,"is Karuki's neighbor in Kibera. The two young men are not just neighbors and friends. They are also bound by their shared experience of being young fathers. Kevin, now aged 21, became a father during his final year of secondary school.",signer_JS,10.0,draft_in_vocab_tokens,0.4
clip_3167,FATHER,FATHER AGE CAN,"While he was able to over the stigma of being a father at 18,",signer_JS,10.0,draft_in_vocab_tokens,0.4
clip_3168,FATHER,FATHER AGE PROBLEM WAIT FINISH CHILD CARE QUICK,"a father at 18, the bigger hurdle lay in wait for him after he finished school. With a child to take care of, he had to quickly adjust his focus.",signer_JS,10.0,draft_in_vocab_tokens,0.4
clip_3169,QUICK,QUICK,to quickly adjust his focus.,signer_JS,10.0,draft_in_vocab_tokens,0.4
clip_3170,SUPPORT,SUPPORT,Fore support.,signer_JS,10.0,draft_in_vocab_tokens,0.4
clip_3171,SUPPORT,SUPPORT,support.,signer_JS,10.0,draft_in_vocab_tokens,0.4
clip_3173,AGAIN,AGAIN MOTHER KNOW,again his mother eventually learned of her grandson's existence and has stepped up to,signer_JS,10.0,draft_in_vocab_tokens,0.4
clip_3174,CHILD,CHILD RAISE HELP,stepped up to assist Kevin in raising him.,signer_JS,10.0,draft_in_vocab_tokens,0.4
clip_3175,CHILD,CHILD RAISE HELP,to assist Kevin in raising him.,signer_JS,10.0,draft_in_vocab_tokens,0.4
clip_3178,TOGETHER,TOGETHER RESOURCE SMALL,Together they pull their scanty resources for,signer_JS,10.0,draft_in_vocab_tokens,0.4
clip_3179,RESOURCE,RESOURCE CHILD FOR FATHER YOUNG FATHER PART SMALL,resources for their king's sake. These two young fathers are just a small fraction of teen fathers,signer_JS,10.0,draft_in_vocab_tokens,0.4
clip_3180,FATHER,FATHER CHILD CARE STRUGGLE STUDY HEALTH,of teen fathers grappling with the task of caring for their children. A study conducted in 2024 by BMS Health,signer_JS,10.0,draft_in_vocab_tokens,0.4
clip_3181,STUDY,STUDY AFRICA EAST LEAD FATHER MOST MAN YOUNG AGE UNTIL FATHER STUDY FIND,Health revealed that Kenya leads the East African counties in the prevalence of adolescent fatherhood with 13.37% of young men aged between 15 and 24 being fathers. The study also found that social demographic,signer_JS,10.0,draft_in_vocab_tokens,0.4
clip_3182,PLUS,PLUS HEALTH REASON SOME FATHER BECOME CHANCE DECIDE REASON,"that social demographic characteristics and reproductive health behaviors were some of the factors that played a role in determining the likelihood of one becoming an adolescent father. In Kibera and other informal settlements, these factors combined",signer_JS,10.0,draft_in_vocab_tokens,0.4
clip_3183,GROUND,GROUND STRONG PREGNANT PARENT EARLY,combined to offer a potent ground for underage pregnancies and early parenthood.,signer_JS,10.0,draft_in_vocab_tokens,0.4
clip_3186,MEAN,MEAN,Which means,signer_JS,10.0,draft_in_vocab_tokens,0.4
clip_3187,MEAN,MEAN,means,signer_JS,10.0,draft_in_vocab_tokens,0.4
clip_3188,EFFORT,EFFORT PREGNANT REDUCE,While a lot of effort has gone into reducing teenage pregnancies.,signer_JS,10.0,draft_in_vocab_tokens,0.4
clip_3189,PREGNANT,PREGNANT ACTIVIST EFFORT MAN YOUNG SOLVE SOME LEARN HARD RESULT SEX EARLY,teenage pregnancies. Activists note that there is little effort that has been put in addressing the young men and their role in such occurrences. Some have had to learn the hard way the consequences of engaging in early sexual,signer_JS,10.0,draft_in_vocab_tokens,0.4
clip_3190,SEX,SEX EARLY PROBLEM FACE YOUNG MAN YOUNG FATHER RESPONSIBILITY TAKE PLAN,"sexual relations. The challenges they face notwithstanding this young boys and young men say they are stepping up and taking up the mantle of fatherhood even though it isn't something they had initially planned on. Brenda Wanga, Citizen",signer_JS,10.0,draft_in_vocab_tokens,0.4
clip_3191,GOOD,GOOD GOOD MAN YOUNG,"Wanga, Citizen TV in Kibera, Nairobi County. Great feature there by Brenda, huh? It's good to see the young man",signer_JS,10.0,draft_in_vocab_tokens,0.4
clip_3192,MAN,MAN YOUNG YES HEAR,the young man step up. Stepping up. Yeah. To the plate. Mhm. Cuz you hear about teen,signer_JS,10.0,draft_in_vocab_tokens,0.4
clip_3193,MOTHER,MOTHER HEAR ALWAYS KNOW,you hear about teen moms all the time. I know. I know. It's really,signer_JS,10.0,draft_in_vocab_tokens,0.4
clip_3194,GOOD,GOOD THAT BREAK FIRST TAKE STORY TELL,"It's really good stuff. On that note, we're going to take our first break here on Sunday Live and tell you there's plenty more ahead. That color story we told you earlier on. There is more on that.",signer_JS,10.0,draft_in_vocab_tokens,0.4
clip_3196,STAY,STAY WATCH YES COME COME STAY WATCH YES,"So stay tuned for that. Also, uh another feature. There's another feature. Is that Citizen Planet or Reser? Yeah. Coming up. Coming up. Either way, stay tuned. Yeah. Let's keep tweeting at Quinn",signer_JS,10.0,draft_in_vocab_tokens,0.4
clip_3197,HASHTAG,HASHTAG EASTER SUNDAY SAME CONSTRUCTION COME,"at Quinn at Virus at Citizen TV. K. The hashtag is Sunday live as in Easter Sunday. Women in construction. Oh, women in construction. It's coming up.",signer_JS,10.0,draft_in_vocab_tokens,0.4
clip_3198,COME,COME TELL FINISH YES,"It's coming up. Looking forward to We already told them at Ober TV. Yeah, we did that.",signer_JS,10.0,draft_in_vocab_tokens,0.4
clip_3199,HASHTAG,HASHTAG BREAK TAKE RETURN WILL,we did that. Hashtag is Sunday live. Sun live takes a break. We'll be back in a,signer_JS,10.0,draft_in_vocab_tokens,0.4
clip_3200,MINUTE,MINUTE PAST WELCOME AGAIN TELEVISION STORY TELL MINISTRY HEALTH CAREFUL,"All right, it's exactly uh 40 minutes past the hour. Welcome back to Sunday live here in television. On to that color story we were telling you earlier on. And the Ministry of Health is urging more vigilance",signer_JS,10.0,draft_in_vocab_tokens,0.4
clip_3201,CAREFUL,CAREFUL THREE CONFIRM NUMBER RAISE CONFIRM LEAD PUBLIC,"more vigilance after three new color cases were confirmed, raising the number of cases to 125. That's right. Migori, Nairobi and Kisumu counties leading confirmed cases reported so far. Public",signer_JS,10.0,draft_in_vocab_tokens,0.4
clip_3202,HEALTH,HEALTH PUBLIC,Public health PS Mary Muthoni says the country,signer_JS,10.0,draft_in_vocab_tokens,0.4
clip_3203,ALERT,ALERT HIGH STAY HEALTH OFFICER SEND DISEASE FIGHT HOW TEACH REPORTER,the country remains on high alert and health officials have been deployed across the country to sensitize Kenyans on how to combat the disease. We get more from our very own Francis. Mhm.,signer_JS,10.0,draft_in_vocab_tokens,0.4
clip_3205,GROW,GROW THREE THURSDAY CONFIRM NUMBER CONFIRM RAISE,"The cholera outbreak in the country continues to grow after three new cases were confirmed on Thursday, raising the number of confirmed cases to 125.",signer_JS,10.0,draft_in_vocab_tokens,0.4
clip_3206,DEATH,DEATH LAST CONFIRM SINCE SIX DIE FINISH FIRST SINCE MINISTRY HEALTH CONTROL,"125. No deaths have been reported since the last cases were confirmed, although six people have already died since the first case was reported. According to the Ministry of Health, the outbreak has been contained in Migori and Kisumu. While",signer_JS,10.0,draft_in_vocab_tokens,0.4
clip_3207,ACTIVE,ACTIVE,While the case of Nairobi is being treated as an active,signer_JS,10.0,draft_in_vocab_tokens,0.4
clip_3208,ACTIVE,ACTIVE TREAT MANAGE SYSTEM SET,as an active outbreak after 24 cases were reported in 10 days. cholera incident management system has been instituted,signer_JS,10.0,draft_in_vocab_tokens,0.4
clip_3209,SET,SET MEETING HAPPEN AFFECT,instituted and equally a regular outbreak response uh coordination meetings are happening by the national public health emergency operations center and all the affected counties,signer_JS,10.0,draft_in_vocab_tokens,0.4
clip_3210,LEAD,LEAD SEVEN FOUR EAST THREE EACH SOUTH,"counties in the capital. Kasarani leads with nine cases. Kibra, seven cases. Embakasi central, four cases. Embakasi east and madar three cases each. Dori south constituencies have all recorded two",signer_JS,10.0,draft_in_vocab_tokens,0.4
clip_3211,EACH,EACH HEALTH COMMUNITY,"all recorded two cases so far with Makadara and Kamukunji one case each. our community health promoters, they have commodities",signer_JS,10.0,draft_in_vocab_tokens,0.4
clip_3212,WATER,WATER TREAT HOUSEHOLD AFFECT PREVENT FOR,uh water treatment commodities that they have to distribute to every household that is affected and even those that are not affected for prevention. Uh,signer_JS,10.0,draft_in_vocab_tokens,0.4
clip_3213,WATER,WATER,Uh chlorination of water sources is ongoing,signer_JS,10.0,draft_in_vocab_tokens,0.4
clip_3214,HOUSEHOLD,HOUSEHOLD WATER AFFECT TEST MEET HEALTH PUBLIC ALERT STAY,"is ongoing distribution of wash commodities to the households and equally water testing from the affected sources. In the engagement, public health PS has called on Kenyans to remain vigilant of the prevailing",signer_JS,10.0,draft_in_vocab_tokens,0.4
clip_3215,HEALTH,HEALTH OFFICER SEND DISEASE FIGHT HOW TEACH SEASON INCREASE CAUSE ESPECIALLY,the prevailing cholera outbreak and that the health officers have been sent out to sensitize Kenyans and how to combat the disease. The rainy season has also contributed to the increase of cholera cases especially Nairobi. The government says it's,signer_JS,10.0,draft_in_vocab_tokens,0.4
clip_3216,AGENCY,AGENCY TOGETHER CONTROL IMPROVE INCLUDE ACTIVE SEARCH TEAM QUICK SEND NATIONAL,"government says it's working with other agencies to contain the outbreak and surveillance efforts have been enhanced including active case searching, contact tracing and rapid deployment of response teams at the national and county level. We have also",signer_JS,10.0,draft_in_vocab_tokens,0.4
clip_3218,AREA,AREA AFFECT SURE SUSTAIN,ongoing in the affected areas to just ensure that no more cases we don't have a lot of cases that are also being um coming up just to sustain that and,signer_JS,10.0,draft_in_vocab_tokens,0.4
clip_3219,COMMUNITY,COMMUNITY BASE INCREASE FIND,"that and community based surveillance intensified to identify any other new cases. Francis, Citizen TV, Mombasa.",signer_JS,10.0,draft_in_vocab_tokens,0.4
clip_3220,FOUR,FOUR DIE FEAR,Mombasa. Four people are feared dead after a septic tank,signer_JS,10.0,draft_in_vocab_tokens,0.4
clip_3221,WATCH,WATCH LOCAL UNDER AREA CONSTITUENCY EVENT EVENING FAN WATCH,"tank collapsed beneath a local football viewing hall in Bamburi Musho area nearly constituency in Mombasa County. According to the Mombasa County Commissioner Muhammad N, the incident happened around 6 p.m. while fans were watching",signer_JS,10.0,draft_in_vocab_tokens,0.4
clip_3222,MATCH,MATCH WATCH ABOVE DIRECT BUILD RESCUE OPERATION AUTHORITY FIND,were watching a football match. The hall had been constructed directly over the septic tank which suddenly caved in. Rescue operations are ongoing as authorities work to determine,signer_JS,10.0,draft_in_vocab_tokens,0.4
clip_3223,TRAP,TRAP NUMBER FIND LOCAL ACT,work to determine the number of individuals still trapped. That's right. Residents want the county government to take action,signer_JS,10.0,draft_in_vocab_tokens,0.4
clip_3226,PROPERTY,PROPERTY NUMBER,Propment number,signer_JS,10.0,draft_in_vocab_tokens,0.4
clip_3227,NUMBER,NUMBER,number,signer_JS,10.0,draft_in_vocab_tokens,0.4
clip_3228,SAME,SAME,Same septic,signer_JS,10.0,draft_in_vocab_tokens,0.4
clip_3230,TEAM,TEAM GOVERNOR,disaster team governor,signer_JS,10.0,draft_in_vocab_tokens,0.4
clip_3231,LAW,LAW ACTION TAKE LAND FIGHT BELONG,Minister Raila Odinga has threatened to take legal action to contest or rather yeah to contest the grabbing of an 16 acre piece of land belonging to Congo Mosque,signer_JS,10.0,draft_in_vocab_tokens,0.4
clip_3232,PROPERTY,PROPERTY LAND ACCUSE LAND CENTRE CLAIM TRY,Mosque in Kali County. Ryer who inspected the property called for the prosecution of land grabbers who he accuses of attempting to claim ownership of the prime parcel from the Islamic Center,signer_JS,10.0,draft_in_vocab_tokens,0.4
clip_3233,CENTRE,CENTRE,Center,signer_JS,10.0,draft_in_vocab_tokens,0.4
clip_3234,COMMISSION,COMMISSION CORRUPTION,commission corruption.,signer_JS,10.0,draft_in_vocab_tokens,0.4
clip_3235,CORRUPTION,CORRUPTION,corruption.,signer_JS,10.0,draft_in_vocab_tokens,0.4
clip_3236,BREAK,BREAK TAKE,"All right, on that note, we're going to take another",signer_JS,10.0,draft_in_vocab_tokens,0.4
clip_3237,BREAK,BREAK TAKE,"All right, on that note, we're going to take another break right here on Sunday",signer_JS,10.0,draft_in_vocab_tokens,0.4
clip_3238,CONSTRUCTION,CONSTRUCTION COME WAIT CANNOT,"right here on Sunday live. Mhm. The women in construction coming up on the other side. Can't wait. All right, and plenty more. Keep tweeting at",signer_JS,10.0,draft_in_vocab_tokens,0.4
clip_3239,HASHTAG,HASHTAG BREAK TAKE RETURN MOMENT,tweeting at Quinnjarus at Citizen TV Kenya. # is Sunday live. Sunday Live takes a break. We'll be back in a moment.,signer_JS,10.0,draft_in_vocab_tokens,0.4
clip_3240,MINUTE,MINUTE PAST WELCOME AGAIN,It is exactly 53 minutes past the hour. Welcome back to Sunday,signer_JS,10.0,draft_in_vocab_tokens,0.4
clip_3241,WELCOME,WELCOME AGAIN TELEVISION,Welcome back to Sunday live here at Citizen Television. Now,signer_JS,10.0,draft_in_vocab_tokens,0.4
clip_3242,MARKET,MARKET SMALL HIDE BECOME QUICK MARKET,Now onto a little known market tucked away on the scenic slopes of Murang'a County that is quickly becoming the talk of the town. Karugia market may be trending but not just because it was,signer_JS,10.0,draft_in_vocab_tokens,0.4
clip_3243,PROGRAMME,PROGRAMME UNDER OPEN OR NEAR STORY CONSTRUCTION INSIDE,because it was commissioned by President William Bruto under the economic stimulus program or its proximity to the newly upgraded Michuki Technical. Now the real story lies within the construction site itself. Three remarkable,signer_JS,10.0,draft_in_vocab_tokens,0.4
clip_3244,THREE,THREE SPECIAL CONSTRUCTION,Three remarkable ladies in construction are not,signer_JS,10.0,draft_in_vocab_tokens,0.4
clip_3245,CONSTRUCTION,CONSTRUCTION MARKET BUILD COMMUNITY BREAK,are not just building a market. They are shattering the expectations and inspiration,signer_JS,10.0,draft_in_vocab_tokens,0.4
clip_3246,COMMUNITY,COMMUNITY LOOK STORY,and inspiration of a community. Take a When the story,signer_JS,10.0,draft_in_vocab_tokens,0.4
clip_3247,STORY,STORY MARKET,When the story of Karugia market impressive transformation,signer_JS,10.0,draft_in_vocab_tokens,0.4
clip_3248,TELL,TELL SPECIAL STRONG REGION LAND HARD RESULT LONG,"transformation is told, the spotlight will shine brightly on the remarkable women making it happen. This region long celebrated for its fatted land and the hard work that yields its bounty. It's now witnessing another powerful",signer_JS,10.0,draft_in_vocab_tokens,0.4
clip_3249,FORCE,FORCE STRONG CONSTRUCTION,another powerful force at work. The skills and determination of women in construction.,signer_JS,10.0,draft_in_vocab_tokens,0.4
clip_3250,CONSTRUCTION,CONSTRUCTION VERY MOST BUILDING BUILD,construction. It's really rare to see women doing these kind of jobs. Most of them we prefer but these women are not just building a physical structure.,signer_JS,10.0,draft_in_vocab_tokens,0.4
clip_3251,BUILD,BUILD STORY PROGRESS STRONG BUILD OLD BREAK COMMUNITY SHARE,structure. They are building a powerful narrative of change and progress. They are shattering preconceived notions and inspiring a community by their shared dedication and,signer_JS,10.0,draft_in_vocab_tokens,0.4
clip_3252,MOST,MOST US,Actually most of them congratulate us and encourage,signer_JS,10.0,draft_in_vocab_tokens,0.4
clip_3253,US,US PUSH PROJECT DEEP PUSH EACH RAISE EACH,"and encourage us to keep pushing for massia. This project is deeply personal. With every wheelbarrow of sand pushed, every wall raised",signer_JS,10.0,draft_in_vocab_tokens,0.4
clip_3254,RAISE,RAISE SHE PROGRESS SHE FUTURE,every wall raised and even beam lifted. She sees more than just progress. She sees a future,signer_JS,10.0,draft_in_vocab_tokens,0.4
clip_3255,FUTURE,FUTURE BUILD COMMUNITY FOR,She sees a future built by women for their communities.,signer_JS,10.0,draft_in_vocab_tokens,0.4
clip_3256,COMMUNITY,COMMUNITY FUTURE SHE PROMISE GROW TRAINING THROUGH,"their communities. A future she's committed to grow through training, mentorship, and opportunity. Of course, that's",signer_JS,10.0,draft_in_vocab_tokens,0.4
clip_3257,THING,THING LEARN STILL CONSTRUCTION MARKET,one. But apart from you still learn a lot of things. This is more than just construction of market stores and sheds.,signer_JS,10.0,draft_in_vocab_tokens,0.4
clip_3258,STORY,STORY BREAK ECONOMY GROUND BUILD MARK MARKET LEAVE CONSTRUCTION TAKE,"and sheds. It is the story of women breaking barriers, building economies from the ground up and leaving an incredible mark on Karugia market and beyond, laying the foundation for more women in construction to take up tools, enter the",signer_JS,10.0,draft_in_vocab_tokens,0.4
clip_3259,TRADE,TRADE ENTER FELLOW DAILY SUPPORT CAN,"enter the trade and shape Kenya's skyline. Fellow ladies, I would say as long as your daily bread and able to sustain you",signer_JS,10.0,draft_in_vocab_tokens,0.4
clip_3260,OPEN,OPEN MARKET SIT ECONOMY AGRICULTURE POWER SERVE,"you matter. Commissioned by President William R in April 3rd, 2025, Karugia market sits at the crossroad of growth, a circular economy powered by agriculture serving",signer_JS,10.0,draft_in_vocab_tokens,0.4
clip_3261,FARMER,FARMER SERVE PROJECT DEPEND MEET THAT CHANCE GET,serving farmers who rely on yearround irrigation from the Kaihi and Yanjigi project. for me to meet the president. So that day I got a chance to see him.,signer_JS,10.0,draft_in_vocab_tokens,0.4
clip_3262,VERY,VERY FEEL CONTRIBUTE MUCH MARKET BUILD PROJECT,"to see him. It was really exciting for me and I felt like I've contributed a lot. For the women building Karugia market, it's more than a project. It's",signer_JS,10.0,draft_in_vocab_tokens,0.4
clip_3263,PROJECT,PROJECT JOB CREATE LIFE CONSTRUCTION INDUSTRY GROW PLACE TAKE,"project. It's a new opportunity to create jobs, transform lives, and inspire more women to take their place in Kenya's growing construction industry. Will Luc Citizen",signer_JS,10.0,draft_in_vocab_tokens,0.4
clip_3264,PRESENTER,PRESENTER RADIO STATION DIFFERENT JOIN EASTER SUNDAY MARK YES TRUE PRESENTER,"Citizen TV presenters from royal media services radio stations join Christians in various churches across the country in marking Easter Sunday. No, that's right. The presenters not",signer_JS,10.0,draft_in_vocab_tokens,0.4
clip_3265,PRESENTER,PRESENTER CONGREGATION WITH,"presenters not only worshiped with the congregants,",signer_JS,10.0,draft_in_vocab_tokens,0.4
clip_3266,CONGREGATION,CONGREGATION CHANCE VOICE RADIO EVERY HEAR MEET EASTER SUNDAY PRESENTER,"congregants, but also provided listeners the opportunity to interact with the voices that they hear on the radio every single day. It was a busy Easter Sunday for presenters from",signer_JS,10.0,draft_in_vocab_tokens,0.4
clip_3267,RADIO,RADIO STATION DIFFERENT UNDER PRESENTER JOIN,from various radio stations under the royal media services table and Kakamega and Viga counties. Christian faithful were joined by MMBbe and Vaua FM presenters,signer_JS,10.0,draft_in_vocab_tokens,0.4
clip_3268,PRESENTER,PRESENTER DIFFERENT PRESENTER RADIO HEAD LEAD DEPUTY HEAD LEAD,FM presenters in two different churches. VUA FM presenters led by head of radio were at Verer PG church in Sabatia as MMBbe led by deputy head of,signer_JS,10.0,draft_in_vocab_tokens,0.4
clip_3269,RADIO,RADIO DEPUTY CONGREGATION SERVICE JOIN,deputy head of radioi church in Emuaya where they joined the congregation for the service.,signer_JS,10.0,draft_in_vocab_tokens,0.4
clip_3270,CONGREGATION,CONGREGATION SERVICE JOIN,the congregation for the service.,signer_JS,10.0,draft_in_vocab_tokens,0.4
clip_3272,CONGREGATION,CONGREGATION OLD,in Kifi. Congregants at the century old,signer_JS,10.0,draft_in_vocab_tokens,0.4
clip_3273,OLD,OLD PRESENTER JOIN EASTER CELEBRATE,century old St. John's SCK church in Kolini were joined by their favorite Bahari FM presenters as they too celebrated Easter,signer_JS,10.0,draft_in_vocab_tokens,0.4
clip_3277,VILLAGE,VILLAGE DEEP PRESENTER JOIN,"Deep in the villages of Nyamira, Aesa FM presenters joined faithful at the Esamba PG church",signer_JS,10.0,draft_in_vocab_tokens,0.4
clip_3278,EASTER,EASTER SUNDAY MARK PRESENTER,PG church to mark Easter Sunday. The presenters were not only worshiping at the church but,signer_JS,10.0,draft_in_vocab_tokens,0.4
clip_3279,SPECIAL,SPECIAL BUILD FOR,the church but they also had a special offering towards the construction of the,signer_JS,10.0,draft_in_vocab_tokens,0.4
clip_3281,BEHIND,BEHIND STATION RADIO,Not to be left behind was a firm who took the radio,signer_JS,10.0,draft_in_vocab_tokens,0.4
clip_3282,RADIO,RADIO TAKE PRESENTER STATION EASTER CELEBRATE STATION MEET,who took the radio gospel to Transara County. The presenters at the station were at Soet AGC church for the ISA celebrations and interacted with the station's listeners.,signer_JS,10.0,draft_in_vocab_tokens,0.4
clip_3284,ATTEND,ATTEND RADIO STATION PART RADIO STATION,The church attendances are part of the radio stations CSR. The Royal Media Services has a stable of 30 radio stations that,signer_JS,10.0,draft_in_vocab_tokens,0.4
clip_3285,STATION,STATION ACROSS,"that broadcast across Kenya. Brenda Wanga, Citizen TV.",signer_JS,10.0,draft_in_vocab_tokens,0.4
clip_3286,DANCE,DANCE STRONG RADIO,"They were really jamming, weren't they? Mhm. Speaking of",signer_JS,10.0,draft_in_vocab_tokens,0.4
clip_3287,RADIO,RADIO AGAIN RADIO THROUGH ENTERTAIN NEAR BRING WAY SPECIAL,"radio, royal media services again through radio citizen continued its tradition of bringing listeners closer to entertainment in a unique way. Mhm. The Easter weekend was electrifying for",signer_JS,10.0,draft_in_vocab_tokens,0.4
clip_3288,EASTER,EASTER BECOME NIGHT RADIO TEAM SET NIGHT THINK YES,for CIA residents as VIP Mad Lounge transformed into a vibrant stage for Roomba night with the radio citizen team setting the mood all night long. I think I saw Fred Machoka. Yes. Jamming.,signer_JS,10.0,draft_in_vocab_tokens,0.4
clip_3289,DANCE,DANCE DANCE LISTEN,"Jamming. jamming. Oh, take a listen.",signer_JS,10.0,draft_in_vocab_tokens,0.4
clip_3291,EASTER,EASTER,It kicked off with a bang on Easter,signer_JS,10.0,draft_in_vocab_tokens,0.4
clip_3292,SATURDAY,SATURDAY FAN COME,Saturday as Roomba fans flock to the VIP lounge in SIA for an unforgettable Roomba,signer_JS,10.0,draft_in_vocab_tokens,0.4
clip_3293,NIGHT,NIGHT LEAD RADIO HEAD SURE,crew led the night's festivities. Head of radio tino galachimacha Vincent Kamua Munai general and DJ Mike who ensured that the Roomba hits dropped,signer_JS,10.0,draft_in_vocab_tokens,0.4
clip_3294,FAN,FAN YOUNG DANCE LOVE STILL LOVE MONTH THREE EVERY,hits dropped with unmatched finesse. I'm a fan of Roomba because when I was young I love to dance Roomba and I still love Roomba. Roomba is great and we would wish that every after 3 months we should have Roomba in this place.,signer_JS,10.0,draft_in_vocab_tokens,0.4
clip_3296,HIM,HIM HIM MAKE,I've never seen him TV has made me see him. I really enjoy,signer_JS,10.0,draft_in_vocab_tokens,0.4
clip_3297,FAN,FAN DANCE,Fans danced to their,signer_JS,10.0,draft_in_vocab_tokens,0.4
clip_3298,NIGHT,NIGHT DANCE CHANCE PRESENTER MEET LOVE RADIO,"danced to their night away, swept up in the electrifying vibes of Roomba, while enjoying a rare opportunity to interact with their favorite presenters, showing their unwavering love for Kenya's number one radio station.",signer_JS,10.0,draft_in_vocab_tokens,0.4
clip_3299,FOR,FOR,for CC.,signer_JS,10.0,draft_in_vocab_tokens,0.4
clip_3300,YES,YES NO NIGHT ORGANISE,CC. Yes. No. The Roomba night was organized,signer_JS,10.0,draft_in_vocab_tokens,0.4
clip_3301,NIGHT,NIGHT ORGANISE TOGETHER RADIO HEAD PROMISE RADIO FAN FOR CELEBRATE ALMOST WAY TEAM BRING,night was organized in collaboration with the VIP lounge with the head of radio promising more fun ahead for radio citizen fans. Comes at the backdrop of us actually almost celebrating 10 years. The best way was to actually bring uncle Fred and team and season team,signer_JS,10.0,draft_in_vocab_tokens,0.4
clip_3302,TEAM,TEAM CELEBRATE KNOW MUCH,"season team uh to celebrate. You know, Roomba is something really that has a lot of tradition.",signer_JS,10.0,draft_in_vocab_tokens,0.4
clip_3303,MUCH,MUCH LONG GO,lot of tradition. It goes a long,signer_JS,10.0,draft_in_vocab_tokens,0.4
clip_3304,LOCAL,LOCAL SERVE,The band invited on the stage serving fun top room and local rhythms that,signer_JS,10.0,draft_in_vocab_tokens,0.4
clip_3305,NIGHT,NIGHT,"that kept them glued to the dance floor all night Steve Aera, Citizen TV,",signer_JS,10.0,draft_in_vocab_tokens,0.4
clip_3306,CAN,CAN,"Citizen TV, Mada SA. I can see you doing that. Rumor",signer_JS,10.0,draft_in_vocab_tokens,0.4
clip_3307,SMALL,SMALL,Rumor um in small doses. M.,signer_JS,10.0,draft_in_vocab_tokens,0.4
clip_3308,YES,YES LIKE SLOW SLOW YES MINUTE LIKE,"M. Yes. But I like the pace, you know. Polar pol. Yeah. One song is like 17 minutes.",signer_JS,10.0,draft_in_vocab_tokens,0.4
clip_3309,BREAK,BREAK TAKE,"All right, let's take a break right here on Sunday live. Plenty",signer_JS,10.0,draft_in_vocab_tokens,0.4
clip_3310,SPORT,SPORT YES COME,Sunday live. Plenty more ahead. Sports time. Yep. It's coming up at,signer_JS,10.0,draft_in_vocab_tokens,0.4
clip_3311,HASHTAG,HASHTAG BREAK TAKE RETURN SPORT WITH,Jeffitizen TV Kenya. The hashtag is Sunday live. Sunlight takes a break. We'll be back with sports.,signer_JS,10.0,draft_in_vocab_tokens,0.4
clip_3312,MINUTE,MINUTE PAST,It is exactly 9 minutes past the,signer_JS,10.0,draft_in_vocab_tokens,0.4
clip_3313,MINUTE,MINUTE PAST WELCOME AGAIN TELEVISION,minutes past the hour. Welcome back to Sunday live here on Citizen Television,signer_JS,10.0,draft_in_vocab_tokens,0.4
clip_3314,TELEVISION,TELEVISION SPORT NEWS SUFFER,on Citizen Television onto Sports News. Olive Kenya's junior starlet suffered a setback,signer_JS,10.0,draft_in_vocab_tokens,0.4
clip_3315,SECOND,SECOND QUALIFY TRY LOSE AGAINST LEG FIRST THREE LAST,suffered a setback in their bid to secure a second conse consecutive FIFA under 17 women's world cup appearance falling 1 nil to Cameroon's baby lionesses in the first leg of the third and final round of the qualifiers,signer_JS,10.0,draft_in_vocab_tokens,0.4
clip_3316,STADIUM,STADIUM NATIONAL GOAL MINUTE FIND,of the qualifiers at the national stadium the visitors found the breakthrough in the 30th minute when Tiwan,signer_JS,10.0,draft_in_vocab_tokens,0.4
clip_3317,HIGH,HIGH RISE PLAY AGAINST MATCH PART UNDER LEG RETURN,minute when Tiwan Bong rose highest to head home a corner from Angasa Yolande against the run of play after Kenya had dominated large portions of of the match under head coach Mildred Cheshire. The return leg is scheduled for April the,signer_JS,10.0,draft_in_vocab_tokens,0.4
clip_3318,STADIUM,STADIUM PLAN WIN GOAL MINIMUM NEED QUALIFY KEEP HOST NATION,for April the 25th at the iconic studbe in Yaounde. The starlets will now need to secure a win by at least two clear goals to keep alive their dream of qualifying for the World Cup set for October in the host nation,signer_JS,10.0,draft_in_vocab_tokens,0.4
clip_3319,HOST,HOST NATION EASY VERY,the host nation Cameroon. But it was so so easy,signer_JS,10.0,draft_in_vocab_tokens,0.4
clip_3320,GO,GO STILL TOP RETURN WIN AGAINST STADIUM,"to go up. All right, still on football and Tuska FC returned to the top of the FKF Premier League standings following a 1-0il win over Narrobi City Stars at the Kenyatta Stadium in Machakos.",signer_JS,10.0,draft_in_vocab_tokens,0.4
clip_3321,WIN,WIN AGAINST GOAL MINUTE OPEN,"Now elsewhere, Bitco United recorded a 2nil victory over slum boys Madara United. Clinton Aiago opened the scoring in the 25th minute before Simon",signer_JS,10.0,draft_in_vocab_tokens,0.4
clip_3322,LEAD,LEAD MINUTE MATCH AGAINST WIN,"Simon Abuko double the lead 10 minutes before halftime. In other matches, Murang'a Seals were held to a goalless draw by Kario Bankangi Sharks while KC based Shabbat FC claimed a resounding",signer_JS,10.0,draft_in_vocab_tokens,0.4
clip_3323,WIN,WIN AGAINST STADIUM LOOK,42 win over Talanta FC at the Dondor Stadium. They have the highlights. Take a look,signer_JS,10.0,draft_in_vocab_tokens,0.4
clip_3325,FINAL,FINAL THREE FINISH,Kenya police and the Kenya Defense Forces flexed their muscles in the finals of the 3-day Kenya Open Boxing Championship that wrapped up at Charter Hall in Nairobi.,signer_JS,10.0,draft_in_vocab_tokens,0.4
clip_3326,MINIMUM,MINIMUM STRONG WIN,"in Nairobi. In the minimum weight and flyweight categories, police packed a punch with Silas Onyango and Dio Muimi bagging the titles after beating Victor Kmen of Nakuru and Emanuel Chondo of",signer_JS,10.0,draft_in_vocab_tokens,0.4
clip_3327,FIGHT,FIGHT HARD WIN THREE,"Chondo of Nairobi counties. In the women's division, Veronica Be of KDF edged Faith Nafuna 2-1 in a hardfought bout to lift the light flyweight crown. The championships started on Wednesday and delivered three days of",signer_JS,10.0,draft_in_vocab_tokens,0.4
clip_3328,THREE,THREE ACTION,three days of nonstop action.,signer_JS,10.0,draft_in_vocab_tokens,0.4
clip_1000,ACTIVIST,ACTIVIST LEADER POLITICS PLUS COMMUNITY TOGETHER GATHER SERVICE LIFE LOSE PROTEST REMEMBER,"Cathedral in Nairobi as families, activists, political and religious leaders together with the Gen Z community came together in an emotional interdenominational prayer service to remember young lives lost during last year's protests.",signer_UNK02,10.0,draft_in_vocab_tokens,0.4
clip_1001,PROTEST,PROTEST MOTHER LOSE STILL JUSTICE QUIET SPEAK SPECIAL,year's protests. Mothers still aching with loss cried out for justice even as the church apologized for being silent when they ought to have spoken out. Emily Chabet kicks off our special,signer_UNK02,10.0,draft_in_vocab_tokens,0.4
clip_1002,SPECIAL,SPECIAL ALMOST,Chabet kicks off our special Almost,signer_UNK02,10.0,draft_in_vocab_tokens,0.4
clip_1003,ALMOST,ALMOST ENTER FLAG NATIONAL CARRY CELEBRATE SERVICE LIFE LOSE PROTEST,Almost every person walking into All Saints Cathedral carried the national flag held not in celebration but in mourning. It was a solemn memorial service for the lives lost in the Gen Z-led protest,signer_UNK02,10.0,draft_in_vocab_tokens,0.4
clip_1004,PROTEST,PROTEST GATHER REMEMBER,"protest of 2024. Families gathered in grieve remembering the young,",signer_UNK02,10.0,draft_in_vocab_tokens,0.4
clip_1005,POWER,POWER SPEAK PRICE FINAL PAY TODAY SERVICE VOICE UNITE ACROSS,"the young, the brave youth who dared to speak the truth to power and paid the ultimate prize. Today's interdenominational service united voices across",signer_UNK02,10.0,draft_in_vocab_tokens,0.4
clip_1006,VOICE,VOICE REGION ACROSS ACCOUNTABLE ABOVE JUSTICE NAME EACH LIFE SOME YOUNG CANNOT,"voices across religion and regions, all calling for healing, accountability, and above all for justice. It began with a reading of 63 names. Each one a life cut short. Some too young to understand what was",signer_UNK02,10.0,draft_in_vocab_tokens,0.4
clip_1007,HAPPEN,HAPPEN WHAT,"what was happening. Kevin Madanga, Rex Kik",signer_UNK02,10.0,draft_in_vocab_tokens,0.4
clip_1009,SON,SON HER AGE LOSE PUPIL BUY GO,"Mutetti, Dennis Libanga, Jinta Onyango lost her 12-year-old son, Kennedy, a grade 8 pupil who had gone out to buy a book. He never made it back home.",signer_UNK02,10.0,draft_in_vocab_tokens,0.4
clip_1014,STUDENT,STUDENT HOPE HER CHILD HER SICK,Kennedy was more than just a student. He was her hope. Her remaining two children suffering,signer_UNK02,10.0,draft_in_vocab_tokens,0.4
clip_1015,CHILD,CHILD SICK FINISH SUPPORT HOW,children suffering from sickle cell anaemia and he had already begun dreaming of how he would support them.,signer_UNK02,10.0,draft_in_vocab_tokens,0.4
clip_1016,SUPPORT,SUPPORT,them.,signer_UNK02,10.0,draft_in_vocab_tokens,0.4
clip_1017,INSIDE,INSIDE,"in poetry, song and psalm. The",signer_UNK02,10.0,draft_in_vocab_tokens,0.4
clip_1018,JUSTICE,JUSTICE GROW CLEAR KILL QUIET,The cries for justice grew louder. The message was clear and the killings and the silence,signer_UNK02,10.0,draft_in_vocab_tokens,0.4
clip_1019,QUIET,QUIET,and the silence,signer_UNK02,10.0,draft_in_vocab_tokens,0.4
clip_1021,SAME,SAME DIFFERENT,his injustice. Nikrojo same song different singer,signer_UNK02,10.0,draft_in_vocab_tokens,0.4
clip_1022,DIFFERENT,DIFFERENT BETTER HOPE VOICE YOUR VOICE YOUR TOGETHER BECOME LEADER ACCOUNTABLE HOLD NATION,different singer hoping for better days to young people of this country we say let your voice let the collective voice of your church serve as a moral compass that holds the leaders accountable and shapes the national conscience,signer_UNK02,10.0,draft_in_vocab_tokens,0.4
clip_1023,NATION,NATION SPEAK PROBLEM COME EXAMPLE THROUGH LIFE JUSTICE COST FEAR US ALLOW,national conscience speaking prophetically does come with challenges and intimidation we've seen that through examples like Rose Jerei we've seen that a life committed to justice is costly but let's not let fear sight silence,signer_UNK02,10.0,draft_in_vocab_tokens,0.4
clip_1024,FEAR,FEAR SPEAK COME,fear sight silence us. Speak the truth boldly. The prayers came 2 days,signer_UNK02,10.0,draft_in_vocab_tokens,0.4
clip_1025,PROTEST,PROTEST REMEMBER POSITION CLEAR RIGHT FIGHT SERVICE SIDE,came 2 days before the commemoration of the June 25th protests. The charge came out clear on its position in fighting for the rights of the people. Let me say this also to those who are in the uniformed services because we are not on opposing,signer_UNK02,10.0,draft_in_vocab_tokens,0.4
clip_1026,SIDE,SIDE CHILD YOUR CRISIS LEADER,are not on opposing sides. Your own children are not exempt from the crisis in this The former chief justice David Maraga and Wiper leader Colono,signer_UNK02,10.0,draft_in_vocab_tokens,0.4
clip_1027,LEADER,LEADER RESPONSIBILITY STOP END KILL YEAR-2023,Wiper leader Kalonzo Musyoka said the back stops with the president calling for an end to impunity in the country. the killings of 2023 and,signer_UNK02,10.0,draft_in_vocab_tokens,0.4
clip_1028,KNOW,KNOW STATE MEAN POWER THAT TRY,and 2024 120 people plus there's only one inquest that of Rex Masai and we know that the state I mean the those in rulership are trying to cover up with that one inquest,signer_UNK02,10.0,draft_in_vocab_tokens,0.4
clip_1029,BULLET,BULLET FAIL SECURITY FINAL,one inquest we want to suggest here the inquest be done for all the Kenyans who have been failed by the police bullets president The ultimate security,signer_UNK02,10.0,draft_in_vocab_tokens,0.4
clip_1030,SECURITY,SECURITY HAND YOUR US SEND,security and welfare of the people of Kenya rests in your hands. Please don't send us to the,signer_UNK02,10.0,draft_in_vocab_tokens,0.4
clip_1031,STATE,STATE THAT ALLOW,"to the state where it is. When you allow goons,",signer_UNK02,10.0,draft_in_vocab_tokens,0.4
clip_1032,ALLOW,ALLOW COME PROTESTER PEACE US SEND,"when you allow goons to come and disperse peaceful demonstrators on the streets, you are sending us to",signer_UNK02,10.0,draft_in_vocab_tokens,0.4
clip_1034,SPEAK,SPEAK TONIGHT ACCEPT FALL STOP,"David Maraga is not the only one speaking to President William Rut. Tonight, the Catholic Church is tonight asking President William R to accommodate the views of the country's youthful populace in order to avert the continued descent.",signer_UNK02,10.0,draft_in_vocab_tokens,0.4
clip_1036,PLUS,PLUS BETWEEN JUSTICE LIFE LOSE PROTEST PAST PLUS SEARCH,Anthony Muheria and his Nairobi counterpart Philipo while calling for dialogue between the government and the youth have also sought justice for those who lost their lives in past protests as well as those nursing injuries. Kamwangi,signer_UNK02,10.0,draft_in_vocab_tokens,0.4
clip_1037,HOUR,HOUR PLAN LIFE LOSE SAME PROTEST REMEMBER,Kamwangi has that report. With a little over 60 hours to go before the scheduled June 25th March meant to commemorate those that lost their lives at time like this last year during the 2024 2025 finance bill protests.,signer_UNK02,10.0,draft_in_vocab_tokens,0.4
clip_1038,PROTEST,PROTEST,protests. The Catholic Church is calling for dialogue between Kenya's youth,signer_UNK02,10.0,draft_in_vocab_tokens,0.4
clip_1039,PLUS,PLUS,Kenya's youth and their Arbishops Anthony Muheria of Ner and Nairobi's,signer_UNK02,10.0,draft_in_vocab_tokens,0.4
clip_1040,BOTH,BOTH WARN ACCEPT LIFE PROPERTY LOSE PREVENT FORCE USE MANAGE,Philipo warned both the government and the youth to accommodate each other thus averting a further loss of life and property as has been witnessed in previous demos where the government has used excessive force to manage them. It,signer_UNK02,10.0,draft_in_vocab_tokens,0.4
clip_1041,GOAL,GOAL YOUR WHAT GOAL FIRST HUMAN LIFE PROTECT,"them. It doesn't matter what you hold to be your goals. The most prior goal is human life, protection of",signer_UNK02,10.0,draft_in_vocab_tokens,0.4
clip_1042,HUMAN,HUMAN LIFE PROTECT GOAL FIRST POOR NEED SUFFER ABOVE ACCEPT RIGHT,protection of human life. The most prior goal is to uplift the real needy the poor and miserable and above all to accommodate to listen to listen to listen we have no right,signer_UNK02,10.0,draft_in_vocab_tokens,0.4
clip_1043,RIGHT,RIGHT ANY LIFE HUMAN TAKE BELIEVE LIFE MEAN CARE,right at any time any moment of life to take away the life of our human person even far beyond as we are Catholics we believe the life starts at conception when it begins at conception that means we have to take care of even,signer_UNK02,10.0,draft_in_vocab_tokens,0.4
clip_1044,CARE,CARE MOTHER SUFFER MUCH CHILD BIRTH MAYBE KILL POSITION HARD ACCEPT,care of even people even mothers who are suffering so much because of the children to whom they bore and maybe they have been killed. While calling on the youth to abandon their hardline stands and accommodate,signer_UNK02,10.0,draft_in_vocab_tokens,0.4
clip_1045,POSITION,POSITION ACCEPT SITUATION IMPROVE CAN WHAT BLAME LEADERSHIP POLITICS PART UNITY,"stands and accommodate what can be done to better the country's situation, the clerics lay blame for the intolerance on the country's political leadership. To our young people, we also ask them to be part of this oneness,",signer_UNK02,10.0,draft_in_vocab_tokens,0.4
clip_1046,ACCEPT,ACCEPT US LISTEN TOGETHER WALK DIE TOGETHER,"to be accommodating and listen to us so that we walk together. And so as we also mourn many young people who have died, we also want to pray, let's be together",signer_UNK02,10.0,draft_in_vocab_tokens,0.4
clip_1047,TOGETHER,TOGETHER SOLUTION FIND POLITICS ANY YOUR,and together find a solution. Let us not be so reckless in our speeches politically anywhere where you are. Don't be so reckless in your speeches. We have,signer_UNK02,10.0,draft_in_vocab_tokens,0.4
clip_1048,WAY,WAY ABOUT,We have a way to talk about it. Even in,signer_UNK02,10.0,draft_in_vocab_tokens,0.4
clip_1049,NATIONAL,NATIONAL WAY NATION LIVE PEACE SELF FOLLOW NEED,"it. Even in fact as reflected in our national anthem, a way to talk to one another and to encourage one another to live as a nation. With the calls to a truce, however, the AK bishops expressed the need for the government to conduct itself according to the principles enshrined in the",signer_UNK02,10.0,draft_in_vocab_tokens,0.4
clip_1050,CONSTITUTION,CONSTITUTION INSIDE PROTESTER TARGET BECOME GO HANDLE,enshrined in the constitution when dealing with protesters who have become police targets whenever they hit the Wangi Citizen TV.,signer_UNK02,10.0,draft_in_vocab_tokens,0.4
clip_1051,FRIDAY,FRIDAY MARK DEEP,"Friday, June 20th, marked a deeply",signer_UNK02,10.0,draft_in_vocab_tokens,0.4
clip_1052,DEEP,DEEP FIRST DEATH NATION FIRST KNOW,a deeply emotional first anniversary of Rex Masai's death. The first known casualty of the Gen Zled demonstrations that shook the nation in 2024. A year,signer_UNK02,10.0,draft_in_vocab_tokens,0.4
clip_1053,PASS,PASS JUSTICE SEARCH REACH CANNOT MAN YOUNG PROMISE SON,"A year has gone by, but for his grieving family, the quest for justice remains painfully out of reach. Rex, a promising young man and devoted firstborn son was gunned",signer_UNK02,10.0,draft_in_vocab_tokens,0.4
clip_1054,DIE,DIE JUNE KILL ANGER NATIONAL,"was gunned down in June of 2024. A brutal, senseless killing that ignited national outrage",signer_UNK02,10.0,draft_in_vocab_tokens,0.4
clip_1055,ANGER,ANGER GENERATION FRUSTRATE DEMAND DEATH STILL WITNESS KEY,outrage and exposed the raw frustrations of a generation demanding change. An inquest into his death is still ongoing with key,signer_UNK02,10.0,draft_in_vocab_tokens,0.4
clip_1056,WITNESS,WITNESS KEY EXPECT FUTURE LAW SLOW WAIT HOPE DELAY REDUCE,"with key witnesses expected to take the stand in the coming days. But as the legal wheels turn slowly, the family waits. Their hope tempered by the delays and uncertainties that have defined this",signer_UNK02,10.0,draft_in_vocab_tokens,0.4
clip_1057,ROAD,ROAD LONG JUSTICE JOURNEY STRONG CALL ACCOUNTABLE MARK,"this long road to justice. Citizen TV's Ben Kiri reports on a journey marked by sorrow, resilience, and an unwavering call for accountability.",signer_UNK02,10.0,draft_in_vocab_tokens,0.4
clip_1058,PASS,PASS,It has been one year and two days since Rex,signer_UNK02,10.0,draft_in_vocab_tokens,0.4
clip_1059,OFFICER,OFFICER DIE CENTRE BUSINESS AGE FINISH,since Rex Masai was shot dead by a police officer in Nairobi's central business The 29year-old fresh from work,signer_UNK02,10.0,draft_in_vocab_tokens,0.4
clip_1060,FINISH,FINISH PROTEST JOIN EVENING LAST THURSDAY BULLET THROUGH FALL,"work joined a Gen Z-led protest and aware it will be his final evening. It was Thursday, June 20th, 2024. A single bullet tore through Rex's left thigh. He collapsed on the pavement,",signer_UNK02,10.0,draft_in_vocab_tokens,0.4
clip_1061,FALL,FALL CITY CHAOS ENTER TEAR-GAS FULL HELP QUICK HOPE ANY WITH DISAPPEAR HIM WAIT,"on the pavement, bleeding out as the city descended into chaos. tear gas filled the air and any hope of fast aid faded with a smoke. Back home, his family waited for him at the dinner table and aware that instead",signer_UNK02,10.0,draft_in_vocab_tokens,0.4
clip_1062,WAIT,WAIT REPLACE NEWS ARRIVE WORLD,"that instead of a knock at the door, it will be devastating news that arrived forever altering their world.",signer_UNK02,10.0,draft_in_vocab_tokens,0.4
clip_1063,WORLD,WORLD,altering their world.,signer_UNK02,10.0,draft_in_vocab_tokens,0.4
clip_1064,SIDE,SIDE,The other side Rex,signer_UNK02,10.0,draft_in_vocab_tokens,0.4
clip_1065,SIDE,SIDE,side Rex,signer_UNK02,10.0,draft_in_vocab_tokens,0.4
clip_1068,WEEK,WEEK PREPARE FINAL,"Just a week earlier, Rex had been making final preparations",signer_UNK02,10.0,draft_in_vocab_tokens,0.4
clip_1069,PREPARE,PREPARE FINAL READY LEAVE GO JOB CHANCE WAIT LONG GET,"final preparations for a new chapter, packing his dreams into suitcases, ready to leave for the United Kingdom. He had finally secured a long- aaited job opportunity.",signer_UNK02,10.0,draft_in_vocab_tokens,0.4
clip_1070,TRY,TRY FAIL FOR FEEL PROMISE FUTURE BETTER NEAR,"After many failed attempts for his family, it felt like a turning point. The promise of a brighter, better future was within reach July last year.",signer_UNK02,10.0,draft_in_vocab_tokens,0.4
clip_1071,EVENING,EVENING NEWS REACH,"The evening when the heartbreaking news reached home, his",signer_UNK02,10.0,draft_in_vocab_tokens,0.4
clip_1072,HOSPITAL,HOSPITAL SON HER BODY FIND SHE LIFE SAVE CAN NEAR HIM HELP ALLOW IF ATTACK SHE,"home, his family rushed to the hospital only to find her son's lifeless body. She says his life could have been saved had those around him been allowed to intervene. But the continued police onslaught, she says, turned a tragedy",signer_UNK02,10.0,draft_in_vocab_tokens,0.4
clip_1073,DEATH,DEATH BECOME,tragedy into a fatality.,signer_UNK02,10.0,draft_in_vocab_tokens,0.4
clip_1074,DEATH,DEATH,a fatality.,signer_UNK02,10.0,draft_in_vocab_tokens,0.4
clip_1076,DOCTOR,DOCTOR,How is the doctor?,signer_UNK02,10.0,draft_in_vocab_tokens,0.4
clip_1077,DOCTOR,DOCTOR,is the doctor?,signer_UNK02,10.0,draft_in_vocab_tokens,0.4
clip_1078,SHE,SHE SON HER BODY,Determined to take her son's body to a mortuary,signer_UNK02,10.0,draft_in_vocab_tokens,0.4
clip_1079,CHOOSE,CHOOSE HER TAKE SHE MAKE DEEP INSIDE BULLET,"Determined to take her son's body to a mortuary of her choice, she made a heartbreaking discovery. A metallic object lodged deep in his thigh, a bullet.",signer_UNK02,10.0,draft_in_vocab_tokens,0.4
clip_1080,BULLET,BULLET SHE HIDE TRY FEEL BODY KEEP DIRECT NEXT RETURN BULLET,"a bullet. But what followed, she says, felt like a deliberate attempt to conceal the truth. Police reportedly insisted on keeping the body and directed it to the Nairobi funeral home. When the family returned the next day, the bullet,",signer_UNK02,10.0,draft_in_vocab_tokens,0.4
clip_1081,BULLET,BULLET EVIDENCE IMPORTANT DISAPPEAR,"the bullet, the crucial piece of evidence had mysteriously vanished.",signer_UNK02,10.0,draft_in_vocab_tokens,0.4
clip_1085,EVIDENCE,EVIDENCE REMOVE,The only potential forensic evidence removed without,signer_UNK02,10.0,draft_in_vocab_tokens,0.4
clip_1086,EXPLAIN,EXPLAIN,without explanation.,signer_UNK02,10.0,draft_in_vocab_tokens,0.4
clip_1087,THEREFORE,THEREFORE,So,signer_UNK02,10.0,draft_in_vocab_tokens,0.4
clip_1090,THINK,THINK,I think,signer_UNK02,10.0,draft_in_vocab_tokens,0.4
clip_1091,STILL,STILL COURT BELIEVE,You still want the court to believe that Nairobi?,signer_UNK02,10.0,draft_in_vocab_tokens,0.4
clip_1092,ROAD,ROAD JUSTICE PROBLEM FULL STILL WITNESS CALL,"that Nairobi? Now a year on, the path to justice remains mad with obstacles. An inquest is underway with multiple witnesses called.",signer_UNK02,10.0,draft_in_vocab_tokens,0.4
clip_1093,WITNESS,WITNESS CALL OFFICER DIRECT REFUSE TEAR-GAS KILL CANNOT,"witnesses called. Police officer Isaiah Murangiri, who was directly linked to the shooting, took to the stand in February this year. He has denied any involvement and claimed that teargas launcher could not have killed Masai and suggested",signer_UNK02,10.0,draft_in_vocab_tokens,0.4
clip_1094,CRIMINAL,CRIMINAL REPLACE FRIDAY PAST HOLD,"and suggested that armed criminals were involved instead. Last Friday, a solemn memorial was held at",signer_UNK02,10.0,draft_in_vocab_tokens,0.4
clip_1095,HOLD,HOLD STILL DEMAND JUSTICE ACCOUNTABLE SAME PLAN COURT EXPECT,was held at the family home in Machakos where Rex was laid to rest. The grief remains raw. So do the demands for justice and accountability. The inquest is set to resume on July 16th with the court expected to,signer_UNK02,10.0,draft_in_vocab_tokens,0.4
clip_1096,COURT,COURT EXPECT WITNESS IMPORTANT HEAR FOR JUSTICE WAIT ANY,court expected to hear testimony from a series of critical witnesses for the Masai family and for many Kenyans. The wait for justice continues. No amount of compensation,signer_UNK02,10.0,draft_in_vocab_tokens,0.4
clip_1098,LEAVE,LEAVE VOICE RAISE,Nairobi. They left their home to raise their voices against,signer_UNK02,10.0,draft_in_vocab_tokens,0.4
clip_1099,AGAINST,AGAINST SOME AGAIN PASS,"against injustice, but some were never heard from again. It's been exactly one year since the Gen Z",signer_UNK02,10.0,draft_in_vocab_tokens,0.4
clip_1100,PROTEST,PROTEST JUNE MOMENT NATION DEEP MOVE SOME TRAP STILL SEARCH STILL STILL WAIT,"the Gen Z protests of June 2024. A moment that shook the nation to its core. While Kenya moves forward, there are families that remain trapped in a nightmare. Still searching, still grieving, still waiting",signer_UNK02,10.0,draft_in_vocab_tokens,0.4
clip_1101,STILL,STILL WAIT LOVE TONIGHT SPECIAL STORY BRING MOTHER SON QUIET HEAVY CARRY,"still waiting for their loved ones. Tonight, in our special feature, Missing Voices, Miriam Moi brings us the haunting story of a mother, a son, and a silence too heavy to carry.",signer_UNK02,10.0,draft_in_vocab_tokens,0.4
clip_1102,MOTHER,MOTHER,"One year ago on June 25th, a mother's",signer_UNK02,10.0,draft_in_vocab_tokens,0.4
clip_1103,MOTHER,MOTHER WORLD HER BREAK SON HER AGE LEAVE PROTEST JOIN NAME HER ANY,"a mother's world fell apart. Her 27year-old son, Peter Macharia, left home to join the Gen Z protests. He never came back. Her name is Ali Swamboyi, but ask anyone",signer_UNK02,10.0,draft_in_vocab_tokens,0.4
clip_1104,TELL,TELL SHE SON HER SEARCH EVERY MONTH PAST AGE,"ask anyone around here and they'll tell you she's a woman who's been searching for her son every single day for the last 12 months. Peter Macharia was 27, a dreamer,",signer_UNK02,10.0,draft_in_vocab_tokens,0.4
clip_1105,SON,SON HER MORNING JOIN,"a dreamer, a daughter son, her firstborn. On the morning of June 25th, 2024, he joined thousands",signer_UNK02,10.0,draft_in_vocab_tokens,0.4
clip_1106,PEACE,PEACE JOIN,he joined thousands of youth in the streets of Nairobi chanting for peace. But he never returned home.,signer_UNK02,10.0,draft_in_vocab_tokens,0.4
clip_1108,HOSPITAL,HOSPITAL NATIONAL SHE,at the Kenyatta National Hospital. She was shown papers,signer_UNK02,10.0,draft_in_vocab_tokens,0.4
clip_1109,SON,SON HER TREAT,shown papers indicating her son had been treated,signer_UNK02,10.0,draft_in_vocab_tokens,0.4
clip_1110,TREAT,TREAT INSIDE ANSWER HOSPITAL HER FULL,"had been treated for gunshot wounds and discharged, but there was no trace of him. He wasn't in the woods. They said, ""Nobody, no answer."" Alice maintains the hospital was not entirely forthcoming with her.",signer_UNK02,10.0,draft_in_vocab_tokens,0.4
clip_1111,SHE,SHE,with her. She insists there was no,signer_UNK02,10.0,draft_in_vocab_tokens,0.4
clip_1112,SHE,SHE,insists there was no 27 years.,signer_UNK02,10.0,draft_in_vocab_tokens,0.4
clip_1114,SHE,SHE LOSE JOB HER,"She's lost 25 kg, her job and",signer_UNK02,10.0,draft_in_vocab_tokens,0.4
clip_1115,JOB,JOB HER WILL LIVE ALMOST LOSE SHE SHE CHILD HER WITH BURDEN HER,"her job and nearly her will to go on. Once a provider, she now survives in a one room tin shack with her remaining children. But her greatest burden is not poverty. It is unanswered",signer_UNK02,10.0,draft_in_vocab_tokens,0.4
clip_1116,SAME,SAME,the same day.,signer_UNK02,10.0,draft_in_vocab_tokens,0.4
clip_1117,THAT,THAT SINCE WORLD BREAK,"Since that day, one boy's world has unraveled.",signer_UNK02,10.0,draft_in_vocab_tokens,0.4
clip_1118,BREAK,BREAK SHE JOB LOSE SON HER MISSING WORLD HER FALL SHE JOB ROAD SHE HER WITH LIVE MISSING SHE,"unraveled. She lost her job before her son went missing and her world came crumbling down. She held a job as a caretaker of some apartments along Ngong Road where she also lived with her family. When Peter went missing, she started",signer_UNK02,10.0,draft_in_vocab_tokens,0.4
clip_1119,SHE,SHE COLLECT FOR PART USE TRAVEL COST FOR SHE FRIEND HER CITY TRAVEL SON HER SEARCH JOB THAT LOSE PROBLEM HER INCREASE LOSE SHE,"she started using part of the rent money she collected on behalf of the landlord to cater for logistics. As she and her friends traveled the city looking for her son, she lost that job. Her problems compounded further. She lost her home. She",signer_UNK02,10.0,draft_in_vocab_tokens,0.4
clip_1120,LOSE,LOSE SELF LOSE,home. She lost herself.,signer_UNK02,10.0,draft_in_vocab_tokens,0.4
clip_1121,SELF,SELF LOSE,lost herself.,signer_UNK02,10.0,draft_in_vocab_tokens,0.4
clip_1122,STORY,STORY,Peter's story is not an exception. It's,signer_UNK02,10.0,draft_in_vocab_tokens,0.4
clip_1123,VOICE,VOICE GROW INSIDE ACROSS SON DAUGHTER THAT DISAPPEAR ABDUCT STATE,"It's one voice in a growing anguished choir of missing voices. Families across the country say their sons and daughters vanished that day, abducted, tortured, and silenced. And yet the state insists they",signer_UNK02,10.0,draft_in_vocab_tokens,0.4
clip_1124,STATE,STATE DISAPPEAR ABDUCT,insists they were all released. All the people who disappeared have or who were abducted in uh what you said all of them have um,signer_UNK02,10.0,draft_in_vocab_tokens,0.4
clip_1125,RETURN,RETURN FINISH CLEAR THING THAT AGAIN,um been brought back to their families and to their homes and I have given clarity and firm instructions that nothing of that kind of nature will happen again.,signer_UNK02,10.0,draft_in_vocab_tokens,0.4
clip_1126,AGAIN,AGAIN,nature will happen again.,signer_UNK02,10.0,draft_in_vocab_tokens,0.4
clip_1127,MISSING,MISSING,Despite dozens of missing,signer_UNK02,10.0,draft_in_vocab_tokens,0.4
clip_1128,MISSING,MISSING FILE,Despite dozens of missing persons reports filed,signer_UNK02,10.0,draft_in_vocab_tokens,0.4
clip_1129,FILE,FILE ACROSS ANSWER INVESTIGATION JUSTICE BRING,"reports filed in police stations across the country, not one has yielded answers. Not one investigation has brought justice.",signer_UNK02,10.0,draft_in_vocab_tokens,0.4
clip_1130,CONFIRM,CONFIRM NUMBER HIGH ACCOUNTABLE COMMISSION LOOK SURE,The Kenya National Commission on Human Rights confirmed that the numbers are disturbingly high yet accountability remains painfully absent. We as a commission are looking at ensuring that families,signer_UNK02,10.0,draft_in_vocab_tokens,0.4
clip_1131,LOVE,LOVE FIND OR FOR JUSTICE FOR,that families find their loved ones either dead or alive for purposes of closure. It is the only form of justice to a family,signer_UNK02,10.0,draft_in_vocab_tokens,0.4
clip_1132,DIFFICULT,DIFFICULT ABDUCT DISAPPEAR RISE WORRY ABDUCT,a family even if it is difficult to prosecute. The Kenya National Commission for Human Rights further noted a troubling rise in abductions and disappearances with 71 cases of abductions,signer_UNK02,10.0,draft_in_vocab_tokens,0.4
clip_1133,ABDUCT,ABDUCT MONTH FLAG WORRY DEEP STATE CAR TARGET KNOW GOOD DISAPPEAR FORCE,of abductions flagged over the 4 month period underscoring deep concerns about state actors using unmarked cars and hooded personnel to target young dissenters. We know very well that there is this optional protocol on enforced,signer_UNK02,10.0,draft_in_vocab_tokens,0.4
clip_1134,DISAPPEAR,DISAPPEAR FORCE COMMISSION BELIEVE IF HELP MAYBE,"on enforced disappearance and the commission believes that if this protocol is ratified by Kenya, it may assist Kenya",signer_UNK02,10.0,draft_in_vocab_tokens,0.4
clip_1135,BRING,BRING AGENCY SECURITY SERIOUS DISAPPEAR FORCE MOST,"Kenya to bring awareness to our security agencies, to our on the seriousness and the you know uh the seriousness of enforced disappearances as one of the greatest Human right violation.",signer_UNK02,10.0,draft_in_vocab_tokens,0.4
clip_1137,MISSING,MISSING QUIET STILL CHILD PROTEST,"eager to move on, the silence of the missing still echoes. They were children of protest and now they",signer_UNK02,10.0,draft_in_vocab_tokens,0.4
clip_1138,PROMISE,PROMISE BREAK GENERATION AGAINST RISE RETURN,"now they are ghosts of a broken promise. 25th was a turning point as a generation rose against injustice. But not all of them made it back home. A year later, as",signer_UNK02,10.0,draft_in_vocab_tokens,0.4
clip_1139,NATION,NATION MOVE TRY MISSING CANNOT CARRY CANNOT,"later, as the nation is trying to move forward, the families of the missing cannot. They carry wounds that statistics cannot capture.",signer_UNK02,10.0,draft_in_vocab_tokens,0.4
clip_1140,JUSTICE,JUSTICE SON MISSING ABOUT,"capture. What they want is simple, justice and truth about their missing sons. Mary Moi, Citizen TV, Nairobi.",signer_UNK02,10.0,draft_in_vocab_tokens,0.4
clip_1141,JUNE,JUNE WEEK,wounds of June continues for the rest of the,signer_UNK02,10.0,draft_in_vocab_tokens,0.4
clip_1142,WEEK,WEEK DEPUTY PARTY LEADER STATE ACCUSE PLAN LEADER OPPOSITION TARGET INCLUDE SELF SPEAK,"the rest of the week. Now, former deputy president and DCP party leader Rigathi Gachagua has accused the state of engineering violence targeting opposition leaders, including himself. Speaking after a church",signer_UNK02,10.0,draft_in_vocab_tokens,0.4
clip_1143,SERVICE,SERVICE SEND PROTESTER PEACE CONTROL STOP SECURITY FULL MARK PLAN,"after a church service in Meru County, Gachagua said the government should stop the deployment of goons to contain peaceful protesters, calling for elaborate security measures for Kenyans planning to mark June the 25th. Aub",signer_UNK02,10.0,draft_in_vocab_tokens,0.4
clip_1144,AIM,AIM STATE ACCUSE ORGANISE ARRIVE,"Aub Abdi Kadir Gachagua aimed his shot at his former boss, President William R, accusing the state of orchestrating violence before the arrival",signer_UNK02,10.0,draft_in_vocab_tokens,0.4
clip_1145,ARRIVE,ARRIVE GROUP SERVE BLAME OPPOSITION,"before the arrival of his entourage in Meru County, blaming the administration he served of intolerance to opposition and",signer_UNK02,10.0,draft_in_vocab_tokens,0.4
clip_1146,OPPOSITION,OPPOSITION,intolerance to opposition and,signer_UNK02,10.0,draft_in_vocab_tokens,0.4
clip_1147,DEPUTY,DEPUTY,"The former deputy president, the regime's fiery",signer_UNK02,10.0,draft_in_vocab_tokens,0.4
clip_1148,OFFICE,OFFICE WARN RESULT REGION LOSE,"regime's fiery line of defense before his impeachment from office, talked of how he warned his former boss against making mistakes that will result in the loss of the grip on Mount Kenya region.",signer_UNK02,10.0,draft_in_vocab_tokens,0.4
clip_1149,EXPERIENCE,EXPERIENCE MUCH MAYBE,"I may not be very experienced myself,",signer_UNK02,10.0,draft_in_vocab_tokens,0.4
clip_1150,KNOW,KNOW VOTE MILLION LEAVE MILLION FOR POLITICS POLITICS CANNOT BLAME,but I know leaving 4 5 million votes for 1 million is not political wisdom. It cannot be political wisdom. Attributing the police goons,signer_UNK02,10.0,draft_in_vocab_tokens,0.4
clip_1151,PARTNER,PARTNER CHAOS CENTRE BUSINESS WEEK EVENT,police goons partnership to the mayhem that gripped Nairobi's central business district during this week's demonstrations. The former Madira law maker said the occurrence points to anarchy and instability.,signer_UNK02,10.0,draft_in_vocab_tokens,0.4
clip_1152,CRIMINAL,CRIMINAL CREATE HOW,benchmarking on how to create criminal,signer_UNK02,10.0,draft_in_vocab_tokens,0.4
clip_1153,CRIMINAL,CRIMINAL CREATE HOW,on how to create criminal,signer_UNK02,10.0,draft_in_vocab_tokens,0.4
clip_1154,CRIMINAL,CRIMINAL,criminal,signer_UNK02,10.0,draft_in_vocab_tokens,0.4
clip_1156,THREE,THREE TOUR REGION EAST SPEAK,"spoke on his third day of a tour of the eastern Mount Kenya region of Meo. Aub Abdiad, Citizen TV.",signer_UNK02,10.0,draft_in_vocab_tokens,0.4
clip_1157,HIM,HIM MAYBE,"You may not see him at present, but Jeff Koinange",signer_UNK02,10.0,draft_in_vocab_tokens,0.4
clip_1158,TONIGHT,TONIGHT PART STILL THERE WITH SIT WILL,Jeff Koinange is still very much a part of Sunday live tonight. He is at the Thea Greens and in not too long he will be sitting down with presidential advisor Moses Kuria. So keep it Sunday,signer_UNK02,10.0,draft_in_vocab_tokens,0.4
clip_1159,KEEP,KEEP,Sunday live.,signer_UNK02,10.0,draft_in_vocab_tokens,0.4
clip_4000,COURT,COURT CHARGE TERROR FACE ARREST SATURDAY HOLD ACCUSE TERROR ACTIVITY HELP PROTEST AGAINST,"to be arraigned in court on Monday to face terrorism related charges and this follows his arrest on Saturday. Mwangi who is being held at the Pangani police station, is accused of facilitating terror activities linked to the anti-government protests",signer_YN,10.0,draft_in_vocab_tokens,0.4
clip_4001,PROTEST,PROTEST HOLD TEAR-GAS ARREST FIND SUNDAY ACTIVIST GROUP GATHER RELEASE DEMAND,"protests that were held on June the 25th. Police say they recovered ammunition and unused tear gas canisters during his arrest. On Sunday afternoon, a group of activists gathered outside the police station demanding for Mwangi's immediate",signer_YN,10.0,draft_in_vocab_tokens,0.4
clip_4002,RELEASE,RELEASE CHARGE CONDEMN POLITICS,Mwangi's immediate release. They condemned the charges as politically motivated.,signer_YN,10.0,draft_in_vocab_tokens,0.4
clip_4003,DETAIL,DETAIL SUNDAY MORNING ACTIVIST GROUP GATHER,"motivated. Ben Kirui has those details. Sunday morning, a group of activists gathered outside",signer_YN,10.0,draft_in_vocab_tokens,0.4
clip_4004,GATHER,GATHER ACTIVIST SUPPORT SATURDAY ARREST HOLD ACCUSE TERROR HELP,"gathered outside Pangani police station in a show of solidarity with activist Boniface Mwangi, who was arrested on Saturday and is currently being held on allegations of terror financing.",signer_YN,10.0,draft_in_vocab_tokens,0.4
clip_4005,SUPPORT,SUPPORT ACTIVIST,"Chanting slogans of solidarity, the activists",signer_YN,10.0,draft_in_vocab_tokens,0.4
clip_4006,ACTIVIST,ACTIVIST RELEASE CHARGE POLITICS OPPOSITION WIDE PART CONFIRM,"the activists called for Mwangi's immediate release. Dismissing the charges as politically motivated and part of a wider government crackdown on dissent, they described the accusations as trumped-up and without merit. We can confirm and we can state with",signer_YN,10.0,draft_in_vocab_tokens,0.4
clip_4007,THING,THING THING OFFICE INSIDE,with no uncertainty that those are things that Boniface did not have in his possession. Those are not things that were in possession of his office and,signer_YN,10.0,draft_in_vocab_tokens,0.4
clip_4008,THING,THING US BRING THEREFORE CHARGE TERROR FACE DIRECT MEAN NEED,"and those are not things that were brought to our attention. So, we do not know why they are saying now that they're coming out with terrorism charges, but we will deal with this head-on. I mean, that is why we are here and that is why we will continue to do whatever it is that we are needed to do. I think what we've seen is this intimidation",signer_YN,10.0,draft_in_vocab_tokens,0.4
clip_4009,THINK,THINK,is this intimidation by the police coming for Bonnie is something that was we saw coming. Uh they've arrested many young people and on the same charges,signer_YN,10.0,draft_in_vocab_tokens,0.4
clip_4010,COME,COME EXPECT ARREST CHARGE SAME TERROR SAME THING ABOUT STATEMENT ACCORDING,"on the same charges of terrorism, uh arson, and those are the same things that they're talking uh about Bonnie. According to a statement by the Directorate of Criminal Investigations,",signer_YN,10.0,draft_in_vocab_tokens,0.4
clip_4011,ACCUSE,ACCUSE TERROR ACTIVITY HELP PROTEST AGAINST HOLD SEARCH TEAR-GAS FIND,"Criminal Investigations, Mwangi is accused of facilitating terror activities that during the anti-government protest held on June 25th. Detectives alleged that a search of his Magereza home in Nairobi's Ol Kalou area led to the recovery of two unused",signer_YN,10.0,draft_in_vocab_tokens,0.4
clip_4012,BULLET,BULLET FIND ACTIVIST ACTIVIST CONSTITUTION,"of two unused tear gas canisters and one black round of ammunition. Human rights defenders, activists are not terrorists. Activists are here to defend the constitution.",signer_YN,10.0,draft_in_vocab_tokens,0.4
clip_4013,CONSTITUTION,CONSTITUTION CONSTITUTION PROTEST GO CONSTITUTION FEAR CRISIS,"the constitution. Boniface is here to defend the constitution. When we go for protests, it is a constitutional guarantee. A government that fears its own people is a government in crisis.",signer_YN,10.0,draft_in_vocab_tokens,0.4
clip_4014,CRISIS,CRISIS GROUP,in crisis. Human rights defenders and Pan-Africanist groups have also,signer_YN,10.0,draft_in_vocab_tokens,0.4
clip_4015,GROUP,GROUP ARREST CONDEMN STATEMENT TOGETHER GROUP WARN ARREST CHARGE AGAINST GROW DANGER SERIOUS WRONG,"groups have also condemned the arrest. In a joint statement, the groups have warned that the growing pattern of arbitrary arrest and fabricated charges against critics of the government represents a serious threat to Kenya's democracy. We have done nothing wrong.",signer_YN,10.0,draft_in_vocab_tokens,0.4
clip_4016,TERROR,TERROR ARREST PLUS ACTIVIST COURT FILE MILLION ACCUSE,terrorism. Mungai's arrest comes just two days after he and Ugandan activist Agather Atuhaire filed a lawsuit against the Tanzanian government seeking 130 million Kenyan shillings in compensation over alleged torture,signer_YN,10.0,draft_in_vocab_tokens,0.4
clip_4017,ILLEGAL,ILLEGAL,"torture and unlawful detention. What are they saying? Ben Kirui, Citizen TV,",signer_YN,10.0,draft_in_vocab_tokens,0.4
clip_4018,DEPUTY,DEPUTY,"TV, Nairobi. Allies of former Deputy President Rigathi Gachagua",signer_YN,10.0,draft_in_vocab_tokens,0.4
clip_4019,TEAR-GAS,TEAR-GAS HOLD BLOCK BUILD LEADER ENTER PLAN STOP,Rigathi Gachagua were tear gassed and blocked from holding a rally in Nakuru town. Police erected several road blocks to bar the leaders and supporters from entering the town for a planned rally. As you'll,signer_YN,10.0,draft_in_vocab_tokens,0.4
clip_4020,HEAR,HEAR LEADER,"As you'll hear now from Miriam Nyambura, the leaders",signer_YN,10.0,draft_in_vocab_tokens,0.4
clip_4021,LEADER,LEADER SERVICE TEAR-GAS FULL,"the leaders started their day in a church service at AIC Subukia. Tear gas filled the air at Kwa Kahiga, Subukia, Nakuru",signer_YN,10.0,draft_in_vocab_tokens,0.4
clip_4022,ENTER,ENTER TRY PLAN LEADER STOP PLAN,"Subukia, Nakuru as DCP convoy tried to gain entry into Nakuru for a planned The leaders had planned several stopovers along the route",signer_YN,10.0,draft_in_vocab_tokens,0.4
clip_4023,INCLUDE,INCLUDE NORTH HEAVY SEND POINT DIFFERENT BUILD MEETING HOLD REFUSE,"along the route including one at Kabazi, Maili Sita, and Heshima in Subukia and Nakuru North. Police were heavily deployed along the route with roadblocks erected at different points to deny them from holding the meetings.",signer_YN,10.0,draft_in_vocab_tokens,0.4
clip_4024,LEADER,LEADER,"At Kwa Kahiga roadblock, the leaders engaged with police",signer_YN,10.0,draft_in_vocab_tokens,0.4
clip_4025,WITH,WITH MINUTE TRY AGREE FAIL,"with police for several minutes trying to NEGOTIATE WITH THEM. BUT AFTER THEY FAILED TO AGREE, the convoy",signer_YN,10.0,draft_in_vocab_tokens,0.4
clip_4026,FORCE,FORCE PASS MEETING PLAN LEADER CRITICISE,the convoy forced their way THROUGH THE THE MEETINGS WENT AHEAD AS planned with leaders criticizing,signer_YN,10.0,draft_in_vocab_tokens,0.4
clip_4027,LEADER,LEADER POLITICS CRITICISE,leaders criticizing the government for political persecution.,signer_YN,10.0,draft_in_vocab_tokens,0.4
clip_4031,LEADER,LEADER REGISTER,The leaders called on their supporters to register in large numbers ahead,signer_YN,10.0,draft_in_vocab_tokens,0.4
clip_4032,NUMBER,NUMBER REGISTER ELECTION,large numbers ahead of 2027 GENERAL ELECTIONS.,signer_YN,10.0,draft_in_vocab_tokens,0.4
clip_4037,TONIGHT,TONIGHT AGAIN CRITICISE,"Tonight, President William Ruto has taken yet",signer_YN,10.0,draft_in_vocab_tokens,0.4
clip_4038,CRITICISE,CRITICISE GOVERN GOOD PARENT BAD BLAME,taken yet another dig at the Gen Z. Attributing the current uprising and call for good,signer_YN,10.0,draft_in_vocab_tokens,0.4
clip_4039,PARENT,PARENT BLAME CHILD TEACH FAIL HEAD STATE STAKEHOLDER,"call for good governance to poor upbringing. And while laying blame at the doorstep of the institution of parenting for what he labeled an object failure in inculcating discipline in children, the head of state called on the church and other",signer_YN,10.0,draft_in_vocab_tokens,0.4
clip_4040,VALUE,VALUE SYSTEM SPOIL,church and other stakeholders to roll up their sleeves and restore the decaying value systems. Ayub Abdikadir The installation of Bishop Benjamin Kalonzo accorded,signer_YN,10.0,draft_in_vocab_tokens,0.4
clip_4041,CHANCE,CHANCE POLITICS CRISIS PUBLIC,accorded the president to relieve the recent political crisis. Which dominated public discourse in the country.,signer_YN,10.0,draft_in_vocab_tokens,0.4
clip_4042,MIDDLE,MIDDLE LEAD PROTEST,"At the heart of that, the Gen The president in reference to the youth-led demonstrations",signer_YN,10.0,draft_in_vocab_tokens,0.4
clip_4043,WARN,WARN TRAIN,issuing a cautionary alert. The police are trained,signer_YN,10.0,draft_in_vocab_tokens,0.4
clip_4044,TRAIN,TRAIN CRIMINAL HANDLE PARENT TRAIN THEREFORE,"are trained to deal with criminals. They are not trained in parenting. So,",signer_YN,10.0,draft_in_vocab_tokens,0.4
clip_4045,CHILD,CHILD YOUR EXPECT NO,"if you surrender your children to the what what do you expect? No, police. Concerned and expressing fear over the country's",signer_YN,10.0,draft_in_vocab_tokens,0.4
clip_4046,WORRY,WORRY FEAR VALUE SYSTEM SPOIL BLAME SIDE HELP IMPORTANT,"fear over the country's degenerating value systems, the president kicked the blame ball to the side of the church, seeking its salvation to remedy the situation, billing their role as pivotal. The church, let us work",signer_YN,10.0,draft_in_vocab_tokens,0.4
clip_4047,GENERATION,GENERATION NEXT RAISE,us work Because raising the next generation,signer_YN,10.0,draft_in_vocab_tokens,0.4
clip_4048,GENERATION,GENERATION RAISE RESPONSIBILITY PARENT NEED NEED,"generation of is a societal um responsibility. It takes parents, it takes the church,",signer_YN,10.0,draft_in_vocab_tokens,0.4
clip_4049,NEED,NEED GENERATION NEXT RESPONSIBLE RAISE,"the church, it takes the government to raise the next generation of responsible Monica. Monica, hi, how are you? Fine. Hitting back",signer_YN,10.0,draft_in_vocab_tokens,0.4
clip_4050,DEPUTY,DEPUTY,"Hitting back at former Deputy President Rigathi Gachagua,",signer_YN,10.0,draft_in_vocab_tokens,0.4
clip_4051,WITH,WITH PROTEST UNITY ACCUSE SHARE,"Gachagua, and touting his union with former Prime Minister Raila Odinga, conceived out of the 2024 youth-led demonstrations as a the president, in projecting a unity tone, accused previous administrations of a skewed",signer_YN,10.0,draft_in_vocab_tokens,0.4
clip_4052,SHARE,SHARE NATIONAL BELONG,"of a skewed distribution of national This government belongs to all Kenyans,",signer_YN,10.0,draft_in_vocab_tokens,0.4
clip_4053,TREAT,TREAT SAME MISSION MY THAT NATION UNITE,"all Kenyans, and we are going to treat all Kenyans That is my mission. To unite this nation",signer_YN,10.0,draft_in_vocab_tokens,0.4
clip_4054,NATION,NATION UNITE SURE MAKE,unite this nation and to make sure that no,signer_YN,10.0,draft_in_vocab_tokens,0.4
clip_4055,SURE,SURE PART ANY BEHIND SUPPORT UNITE,"to make sure that no part of Kenya is left behind. WE will support President William Ruto IN UNIFYING THE PEOPLE OF KENYA, regardless of their tribe, regardless",signer_YN,10.0,draft_in_vocab_tokens,0.4
clip_4056,HEAD,HEAD STATE OFFICIAL,"regardless of where they come from, and regardless of their religion. The head of state and ranking government officials have",signer_YN,10.0,draft_in_vocab_tokens,0.4
clip_4057,RECENT,RECENT PROTEST GROUP SITUATION BAD WORSE COMPLAIN,"have in recent days mounted a defense of the authorities' response to protest, with human rights lobby groups decrying the deteriorating state of human rights.",signer_YN,10.0,draft_in_vocab_tokens,0.4
clip_4058,DEPUTY,DEPUTY ACCUSE ECONOMY DESTROY,"to the Former Deputy President Rigathi Gachagua is denied accusing President William Ruto of running down the Kenyan economy,",signer_YN,10.0,draft_in_vocab_tokens,0.4
clip_4059,ECONOMY,ECONOMY LIVE INVEST CHANCE REDUCE LIVE MEET,"Kenyan economy, reducing the chances of any meaningful investments by Kenyans living abroad. Gachagua, who met delegations of Kenyans living in Boston,",signer_YN,10.0,draft_in_vocab_tokens,0.4
clip_4060,CLAIM,CLAIM REFUSE DIVIDE PLAN PART REMOVE,"living in Boston, refuted claims that he is out to divide Kenyans along tribal lines, maintaining that his trip is part of a greater plan to oust President William Ruto come 2027. As",signer_YN,10.0,draft_in_vocab_tokens,0.4
clip_4061,HEAR,HEAR,"As you'll hear now from Kamau Wangi, his",signer_YN,10.0,draft_in_vocab_tokens,0.4
clip_4062,OPPOSITION,OPPOSITION FELLOW CLAIM REFUSE OPPOSITION CHAOS PROTEST RESPONSIBLE REFUSE,"his opposition counterpart Fred Matiang'i, who is also in the United States, has rubbished claims that the opposition is responsible for the chaos that has been witnessed during demos.",signer_YN,10.0,draft_in_vocab_tokens,0.4
clip_4063,ATTACK,ATTACK,"In his continued onslaught on the Ruto administration,",signer_YN,10.0,draft_in_vocab_tokens,0.4
clip_4064,DEPUTY,DEPUTY ECONOMY ECONOMY FALL POLITICS,former Deputy President Rigathi Gachagua shifted focus to the country's economy. While attributing the decline of the economy to the rising political,signer_YN,10.0,draft_in_vocab_tokens,0.4
clip_4065,POLITICS,POLITICS RISE REMOVE SINCE BLAME ACCUSE BUSINESS FIGHT ECONOMY DRIVE DESTROY,"the rising political temperature since his ouster, Gachagua laid blame at the doorstep of his former boss, accusing him of fighting the entrepreneurial spirit of the Central Kenya people, who he claims are the drivers of the Kenyan economy. When you destroy",signer_YN,10.0,draft_in_vocab_tokens,0.4
clip_4066,COMMUNITY,COMMUNITY DESTROY DESTROY,"When you destroy this community, you destroy We are the",signer_YN,10.0,draft_in_vocab_tokens,0.4
clip_4067,ECONOMY,ECONOMY DRIVE SINCE,We are the drivers of the Kenyan Since William,signer_YN,10.0,draft_in_vocab_tokens,0.4
clip_4068,WAR,WAR SINCE,Since William Ruto declared war on the,signer_YN,10.0,draft_in_vocab_tokens,0.4
clip_4069,ECONOMY,ECONOMY ALMOST TAX PAY STOP INVEST STOP WAIT YOUR HOLD WAY SAME DEPUTY LIVE MEET CRITICISE,"the economy is almost collapsing because people have stopped paying taxes, people have stopped investing, they are waiting for a new government. The way you are holding your money here, that is what people are doing in Kenya. The former DP, who engaged Kenyans living in Boston, called out President William Ruto for repeatedly",signer_YN,10.0,draft_in_vocab_tokens,0.4
clip_4070,ALWAYS,ALWAYS ECONOMY IMPROVE GO PARENT FOR FULL,"for repeatedly claiming that the Kenyan economy is on a steady improvement. What you used to spend to go to the supermarket and do shopping for your parents back home, 20,000 used to be a full trolley.",signer_YN,10.0,draft_in_vocab_tokens,0.4
clip_4071,TODAY,TODAY CANNOT,"Today, 20,000, you can't do half a that",signer_YN,10.0,draft_in_vocab_tokens,0.4
clip_4072,THING,THING FEW,"that You just do a few bucks and 20,000",signer_YN,10.0,draft_in_vocab_tokens,0.4
clip_4073,THEREFORE,THEREFORE THING THING GOOD,"and 20,000 is So, things are not working. Things are not good.",signer_YN,10.0,draft_in_vocab_tokens,0.4
clip_4074,FAR,FAR OPPOSITION,"Miles away in Baltimore, Maryland, his opposition",signer_YN,10.0,draft_in_vocab_tokens,0.4
clip_4075,OPPOSITION,OPPOSITION FELLOW MINISTER SECURITY ACCUSE RECENT OPPOSITION CHAOS PROTEST BEHIND BUSINESS,"his opposition counterpart and former Interior Cabinet Secretary, Fred Matiang'i, was on President Ruto's case over recent accusations that the opposition is behind chaos witnessed recently during protests and which saw hundreds of businesses looted. There is nobody in",signer_YN,10.0,draft_in_vocab_tokens,0.4
clip_4076,WORLD,WORLD OPPOSITION CALL NAME,There is nobody in this world called opposition. People have names. Say it is Fred Matiang'i and,signer_YN,10.0,draft_in_vocab_tokens,0.4
clip_4077,EVIDENCE,EVIDENCE CONDEMN,Matiang'i and give the evidence for it. Because even that blanket and general condemnation is,signer_YN,10.0,draft_in_vocab_tokens,0.4
clip_4078,CONDEMN,CONDEMN PART DIRECT WHO VOTE,"condemnation is part of that laziness and that recklessness and then the escapist behavior, as it were. Be direct and say who it is who is doing that kind of thing. The two are on a charm offensive of the diaspora vote 2 years before",signer_YN,10.0,draft_in_vocab_tokens,0.4
clip_4079,VOTE,VOTE,"years before Kenyans head to the ballot. All right. Um Kamau Mwang'i, Citizen TV. Speaker of the National Assembly, Moses Wetangula,",signer_YN,10.0,draft_in_vocab_tokens,0.4
clip_4080,STRONG,STRONG BUDGET PASS TEAM,"Wetangula, has made an impassioned call to members of parliament to pass the upcoming supplementary budget and approve budgetary allocation to the new IEBC team. Wetangula has also",signer_YN,10.0,draft_in_vocab_tokens,0.4
clip_4081,POLITICIAN,POLITICIAN OFFICIAL ALLOW ELECTION PREPARE LEADER,"has also called on the political class to allow the new IEBC officials to settle in in order to prepare for the 2027 general elections. General election, I beg your pardon. Wiper leader, Kalonzo Musyoka, however,",signer_YN,10.0,draft_in_vocab_tokens,0.4
clip_4082,WITH,WITH OPPOSITION TEAM WATCH ELECTION SURE,with Wetangula saying the opposition will keep the new team in check to ensure they deliver credible elections. Crispin Otieno has more. Barely a day after the newly reconstituted Independent,signer_YN,10.0,draft_in_vocab_tokens,0.4
clip_4083,ANNOUNCE,ANNOUNCE ELECTION GROW BODY ELECTION PUBLIC TRUST HOW,Independent Electoral and Boundaries Commission rolled out its priorities ahead of the 2027 general I debate raging over how the electoral body should regain public confidence.,signer_YN,10.0,draft_in_vocab_tokens,0.4
clip_4085,OPPOSITION,OPPOSITION STOP PUSH IMPORTANT BODY ELECTION WAIT DELAY MAYBE,"is calling on the opposition to stop interfering with the work of the Independent Electoral and Boundaries Commission, IEBC, saying the pull and push may further derail some of the critical processes awaiting the electoral body.",signer_YN,10.0,draft_in_vocab_tokens,0.4
clip_4086,SUNDAY,SUNDAY SPEAK,Speaking on Sunday at Il Chatu Yani Church of God,signer_YN,10.0,draft_in_vocab_tokens,0.4
clip_4087,ADD,ADD LEADER OPPOSITION SOME STATEMENT CONTROL LEADER,"Church of God in Kilgoris, Narok County, during the church's funds drive, Wetangula added that some statements emanating from some leaders in the opposition are reckless and should be contained. But Wiper leader, Kalonzo Musyoka,",signer_YN,10.0,draft_in_vocab_tokens,0.4
clip_4090,ALLOW,ALLOW,Let's leave them to settle in so that they,signer_YN,10.0,draft_in_vocab_tokens,0.4
clip_4093,EXPECT,EXPECT,the expectations of the Kenyan people.,signer_YN,10.0,draft_in_vocab_tokens,0.4
clip_4094,HAPPEN,HAPPEN,people. And what has befallen them? History,signer_YN,10.0,draft_in_vocab_tokens,0.4
clip_4095,CLEAR,CLEAR VERY NATION SERVE,History is very clear. You either serve,signer_YN,10.0,draft_in_vocab_tokens,0.4
clip_4096,NATION,NATION SERVE,"You either serve your nation, but if you're going",signer_YN,10.0,draft_in_vocab_tokens,0.4
clip_4097,SERVE,SERVE FRIEND MY ACTION YOUR RESULT EXPECT,"but if you're going to serve a person, my learned friend, because you were you should expect the natural consequences of your action.",signer_YN,10.0,draft_in_vocab_tokens,0.4
clip_4099,COMMISSION,COMMISSION SUPPORT BUDGET COME,back additional funding for the commission when supplementary budget comes before,signer_YN,10.0,draft_in_vocab_tokens,0.4
clip_4100,INCREASE,INCREASE,to say IEBC to increase the funds,signer_YN,10.0,draft_in_vocab_tokens,0.4
clip_4101,ELECTION,ELECTION REACH LEADER NUMBER COME,the funds to work so that when we reach the election we will The leaders called on Kenyans to turn up in their numbers,signer_YN,10.0,draft_in_vocab_tokens,0.4
clip_4102,NUMBER,NUMBER VOTER REGISTER,"their numbers to register as voters once the exercise is launched. Crispin Otieno, Citizen TV.",signer_YN,10.0,draft_in_vocab_tokens,0.4
clip_4103,TONIGHT,TONIGHT NEWS,"Tonight, disturbing developments out of",signer_YN,10.0,draft_in_vocab_tokens,0.4
clip_4104,FEAR,FEAR RAISE FINISH-NOT MAYBE ALMOST SINCE,out of Kilifi County are igniting fears that the horror of Shakahola may not be over. Almost 2 years since the horrifying discovery,signer_YN,10.0,draft_in_vocab_tokens,0.4
clip_4105,MASS,MASS FOREST AUTHORITY BODY RECOVER FOUR RESCUE KILOMETRE FEW,"discovery of mass graves in Shakahola forest, there are renewed cases of cult practices after authorities recovered one body and rescued four emaciated individuals just kilometers from the original",signer_YN,10.0,draft_in_vocab_tokens,0.4
clip_4106,ARREST,ARREST AMONG,"from the original Shakahola site. Even more unsettling, among those arrested are a husband",signer_YN,10.0,draft_in_vocab_tokens,0.4
clip_4107,VICTIM,VICTIM DISAPPEAR FOREST RETURN HEAR MAN LEAVE,"a husband and wife who are former victims of the Shakahola cults who vanished from their home in Siaya County and returned to the forest. As you'll hear now from Emily Chebet, a relative claims the man left",signer_YN,10.0,draft_in_vocab_tokens,0.4
clip_4108,MAN,MAN CHILD SIX WITH LEAVE ALMOST MASS,the man left with six children whose whereabouts remain unknown. Almost 2 years after the chilling discovery of mass,signer_YN,10.0,draft_in_vocab_tokens,0.4
clip_4109,MASS,MASS NAME NEWS FEAR RAISE MAYBE ARREST RECENT BOTH RESCUE,"of mass graves in what came to be known as the Shakahola massacre, new developments are raising fears that history may be repeating itself in Kilifi County. The recent arrest of a couple from Siaya County, both of whom were rescued",signer_YN,10.0,draft_in_vocab_tokens,0.4
clip_4110,RESCUE,RESCUE YEAR-2023 OPERATION CHILD SIX MISSING YEAR-2023,"of whom were rescued during the 2023 operation, and a report of their six children missing has revived the haunting echoes of 2023 cult practice.",signer_YN,10.0,draft_in_vocab_tokens,0.4
clip_4111,YEAR-2023,YEAR-2023,2023 cult practice.,signer_YN,10.0,draft_in_vocab_tokens,0.4
clip_4112,VICTIM,VICTIM,According to the brother of one of the victim who is in custody,signer_YN,10.0,draft_in_vocab_tokens,0.4
clip_4113,WITH,WITH KILOMETRE TRAVEL RETURN CHILD AGE UNTIL,"who is in custody with a wife, the pair escaped from their home in March this year and traveled hundreds of kilometers back to Kilifi with their children aged between 1 and 15 years.",signer_YN,10.0,draft_in_vocab_tokens,0.4
clip_4114,AGE,AGE,15 years.,signer_YN,10.0,draft_in_vocab_tokens,0.4
clip_4116,WORRY,WORRY,So as we speak we are concerned,signer_YN,10.0,draft_in_vocab_tokens,0.4
clip_4117,INVESTIGATE,INVESTIGATE,So we are calling upon the police now to investigate,signer_YN,10.0,draft_in_vocab_tokens,0.4
clip_4118,INVESTIGATE,INVESTIGATE ISSUE SURE NEWS COME,to investigate this matter to ensure that we do not have a casualties. The development comes as investigators probe the,signer_YN,10.0,draft_in_vocab_tokens,0.4
clip_4119,STILL,STILL WEAK RECRUIT TEACH MAYBE COMPLAIN TELL FINISH,probe the possibility of underground networks still recruiting and indoctrinating vulnerable followers despite a national outcry and a government crackdown. We have been told,signer_YN,10.0,draft_in_vocab_tokens,0.4
clip_4123,LIFE,LIFE TAKE,"to cultism claimed more than 400 lives. Emily Bet, Citizen TV.",signer_YN,10.0,draft_in_vocab_tokens,0.4
clip_4125,CONDEMN,CONDEMN POLITICS SPEAK MORNING EARLY,"Mohamed Roba, has condemned what he describes as political intimidation and harassment from the county government. Speaking from his residence, Roba claimed that police officers raided his home in the early hours",signer_YN,10.0,draft_in_vocab_tokens,0.4
clip_4126,MORNING,MORNING EARLY SUNDAY CAR OFFICIAL DEMAND MOVE AUTHORITY WEAK MAKE VOICE TRY,the early hours of Sunday and demanded that he surrender his official vehicle. Roba says the move is a clear attempt to undermine his authority and silence dissenting voices in the county. He now calls,signer_YN,10.0,draft_in_vocab_tokens,0.4
clip_4127,NATIONAL,NATIONAL HELP JUSTICE SURE PROBLEM GOVERNOR,"He now calls for intervention from the national government to ensure justice is done. Roba's trouble started from the impeachment of the county governor,",signer_YN,10.0,draft_in_vocab_tokens,0.4
clip_4128,GOVERNOR,GOVERNOR REASON STOP GOVERNOR,"of the county governor, which was shut down by the Senate on procedural grounds. So, we see it's like uh the governor of Isiolo",signer_YN,10.0,draft_in_vocab_tokens,0.4
clip_4129,GOVERNOR,GOVERNOR LAW ABOVE LAW,"uh the governor of Isiolo is above the And uh for us, the law is not working.",signer_YN,10.0,draft_in_vocab_tokens,0.4
clip_4130,SEND,SEND,not working. We want to send this out,signer_YN,10.0,draft_in_vocab_tokens,0.4
clip_4131,TELL,TELL LAW,out to the government. Where laws seems,signer_YN,10.0,draft_in_vocab_tokens,0.4
clip_4132,LAW,LAW REPLACE WILL SELF CONTROL MUCH,"to be suspended, anarchy will take its place. We restrained ourselves so much",signer_YN,10.0,draft_in_vocab_tokens,0.4
clip_4133,ROAD,ROAD THAT TAKE US PUSH,"to take that route. But apparently, the government is pushing us",signer_YN,10.0,draft_in_vocab_tokens,0.4
clip_4134,US,US PUSH WARN,is pushing us towards We don't want that. We just want to warn the government,signer_YN,10.0,draft_in_vocab_tokens,0.4
clip_4135,ANGRY,ANGRY POINT REACH MAYBE CONTROL,the government our supporters are really getting It might reach a point where we will not have control,signer_YN,10.0,draft_in_vocab_tokens,0.4
clip_4136,CONTROL,CONTROL GIRL HIGH-SCHOOL CLOSE,have control over them. Kaplong Girls High School has been closed indefinitely,signer_YN,10.0,draft_in_vocab_tokens,0.4
clip_4137,CLOSE,CLOSE STUDENT PROTEST TEACHER MAN SEX ACCUSE PROTEST STUDENT WORRY SEX SOME COMPLAIN,closed indefinitely after students protested alleged sexual harassment by a male teacher. The unrest reportedly began after students raised concerns over alleged sexual harassment by some academic staff and other grievances prompting a,signer_YN,10.0,draft_in_vocab_tokens,0.4
clip_4138,PROTEST,PROTEST NORMAL SPOIL PROTEST CHAOS BECOME STUDENT SMALL GET HOSPITAL MISSION,prompting a protest that disrupted normal school operations. The protest turned chaotic leading to a stampede in which several students sustained minor injuries. Those who sustained injuries were rushed to the Saint Clara Kaplong Mission Hospital.,signer_YN,10.0,draft_in_vocab_tokens,0.4
clip_4139,HOSPITAL,HOSPITAL STUDENT ANGRY PROPERTY DESTROY INCLUDE BREAK OFFICER,Hospital. The rowdy students destroyed property including smashing the windscreen of the school bus. Officers attached to the Sotik Police Station,signer_YN,10.0,draft_in_vocab_tokens,0.4
clip_4140,NORMAL,NORMAL STUDENT GO RELEASE EDUCATION TEACHER WARN AGAIN COURT CHARGE WILL,"Police Station rushed to the scene and restored normalcy before the students were released to go home. This as the Principal Secretary for Education, Julius Bitok, issued yet another warning to teachers across the country that they will be prosecuted",signer_YN,10.0,draft_in_vocab_tokens,0.4
clip_4141,COURT,COURT CHARGE POSITION AUTHORITY ABUSE FIND IF AGENCY,be prosecuted should they be found to have abused their positions of authority to take advantage of learners. Do we have competent agencies to And,signer_YN,10.0,draft_in_vocab_tokens,0.4
clip_4142,ISSUE,ISSUE WHAT FIND WILL,And we'll get what the issue is.,signer_YN,10.0,draft_in_vocab_tokens,0.4
clip_4143,THEREFORE,THEREFORE THING MAYBE,"So, everything else that is going on is just allegations. They may",signer_YN,10.0,draft_in_vocab_tokens,0.4
clip_4144,MAYBE,MAYBE OR POINT REACH INVESTIGATION FINISH RECENT FEW,They may or may not be but we'll get to the point of it immediately investigation is complete. You realize that recently there have been a few cases,signer_YN,10.0,draft_in_vocab_tokens,0.4
clip_4145,CHILD,CHILD INSIDE ABUSE ENOUGH FINISH DECIDE NAME,cases of abuse of our children in our schools and we have said enough is enough. The government has decided to adopt what we call zero tolerance to any,signer_YN,10.0,draft_in_vocab_tokens,0.4
clip_4146,TEACHER,TEACHER ANY STAKEHOLDER ANY CHILD SEX ABUSE WAY ABUSE ANY SEX ABUSE CHILD SEND STUDY,"to any teacher, any stakeholder who may want to take advantage of our children sexually or in any other way. There is no room to take advantage sexually of any of our learners. Children are are being sent to school to study,",signer_YN,10.0,draft_in_vocab_tokens,0.4
clip_4147,STUDY,STUDY SEX ACTIVITY JOIN,"to study, but not to engage in any sexual activity. We take a",signer_YN,10.0,draft_in_vocab_tokens,0.4
clip_4148,US,US CAN HASHTAG HASHTAG,"All right, remember you can talk to us on @citizentvkenya, @obaros, the hashtag is sun citizen Sunday live, but we also have hashtag",signer_YN,10.0,draft_in_vocab_tokens,0.4
clip_4149,HASHTAG,HASHTAG WEAPON SOMETIME TONIGHT BEHIND LINE TAKE,"hashtag the silent warriors. They operate in absolute silence except for the occasional crack of their array of deadly weapons. Tonight, citizen TV's O Day Francis takes you behind the lines and",signer_YN,10.0,draft_in_vocab_tokens,0.4
clip_4150,LINE,LINE SECURITY UNIT TRAIN SOME WORLD NATION TERROR STOP SPECIAL THAT,"the lines and onto the world of some of Kenya's best trained security units manning the nation's boundaries and stopping terror on its tracks. Here is that special feature, the silent warriors.",signer_YN,10.0,draft_in_vocab_tokens,0.4
clip_4151,PEACE,PEACE UNDER,Beneath Kenya's serene landscapes and vibrant,signer_YN,10.0,draft_in_vocab_tokens,0.4
clip_4152,CITY,CITY WAR HAPPEN WEAPON INTELLIGENCE WATCH,"and vibrant cities, a silent war rages. One fought not just with weapons, but with intelligence, vigilance, and sacrifice. January 2019, Nairobi is shaken by",signer_YN,10.0,draft_in_vocab_tokens,0.4
clip_4153,ATTACK,ATTACK LIFE LOSE NATION,"is shaken by the DusitD2 complex attack. 21 lives lost, dozens wounded. The nation mourned, but it also awakened. From Mandera to Wajir, Garissa to Lamu,",signer_YN,10.0,draft_in_vocab_tokens,0.4
clip_4154,TERROR,TERROR ATTACK INCREASE OFFICER FOREIGN TARGET BECOME NEIGHBOUR REACH TRADE SPOIL,"to Lamu, terror attacks surged. Civilian police officers and even foreign aid workers became targets. The ripple effect reached neighboring countries, disrupting trade, displacing families,",signer_YN,10.0,draft_in_vocab_tokens,0.4
clip_4155,SECURITY,SECURITY REGION SPOIL,"and staining regional security. But then, Kenya's fight back began with its",signer_YN,10.0,draft_in_vocab_tokens,0.4
clip_4156,INTELLIGENCE,INTELLIGENCE NATIONAL SECRET ANSWER GROUP SMALL FIGHT NAME FS-SOG SPECIAL OPERATION GROUP,"with its secretive National Intelligence Service unleashing its reply through a small, fierce, and little-known fighting called the Special Operations Group, SOG,",signer_YN,10.0,draft_in_vocab_tokens,0.4
clip_4157,FS-SOG,FS-SOG TRAIN RISK HIGH RECRUIT FS-SOG PROGRAMME MISSION TERROR DESTROY,"SOG, trained to operate in high-risk Only 5% of recruits graduate from the elite SOG program. Their mission, dismantling terror cells, intercepting explosives,",signer_YN,10.0,draft_in_vocab_tokens,0.4
clip_4158,PROTECT,PROTECT,"explosives, and protecting Kenya's",signer_YN,10.0,draft_in_vocab_tokens,0.4
clip_4159,PROTECT,PROTECT,and protecting Kenya's,signer_YN,10.0,draft_in_vocab_tokens,0.4
clip_4160,FS-SOG,FS-SOG OFFICER,"October 2024, SOG officers",signer_YN,10.0,draft_in_vocab_tokens,0.4
clip_4161,OFFICER,OFFICER GROUP FIND DESTROY LIFE FOR OPERATION INTELLIGENCE LEAD THROUGH DANGER STOP,"officers in Ijara uncovered a cache of modified gas cylinders, tools of destruction meant for innocent lives. Through intelligence-led operation, they neutralize threats before they could",signer_YN,10.0,draft_in_vocab_tokens,0.4
clip_4162,REACH,REACH INSIDE ALWAYS THERE,"They operate within arm's reach, ever present,",signer_YN,10.0,draft_in_vocab_tokens,0.4
clip_4163,ALWAYS,ALWAYS THERE HIDE SECURITY AGENCY HIDE MOST,"ever present, yet cloaked in mystery. Kenya's most elusive security agency",signer_YN,10.0,draft_in_vocab_tokens,0.4
clip_4164,INSIDE,INSIDE HIDE MOVE BREAK,"is embedded in plain sight. They are everywhere, yet nowhere. In a rare move that breaks with the decades of tradition,",signer_YN,10.0,draft_in_vocab_tokens,0.4
clip_4165,AGENCY,AGENCY MEDIA ACCESS ALLOW PLACE HIDE FAR,"of tradition, Kenya's spy agency NIS has for the very first time granted access to media. Tucked away in a nondescript location, far",signer_YN,10.0,draft_in_vocab_tokens,0.4
clip_4166,PUBLIC,PUBLIC EYE FAR INTELLIGENCE NATIONAL,"far from public scrutiny, lies the National Intelligence",signer_YN,10.0,draft_in_vocab_tokens,0.4
clip_4167,AMONG,AMONG RECRUIT YOUNG,"JUST ONE AMONG MANY, HERE RECRUITS, young",signer_YN,10.0,draft_in_vocab_tokens,0.4
clip_4168,RECRUIT,RECRUIT YOUNG MAN HARD TRAINING HARD THROUGH,"RECRUITS, young men and women, are reshaped through gruesome instruction and intense physical conditioning.",signer_YN,10.0,draft_in_vocab_tokens,0.4
clip_4169,MEDICINE,MEDICINE,"From food, medication From classrooms",signer_YN,10.0,draft_in_vocab_tokens,0.4
clip_4170,TEST,TEST BUILD RECRUIT WAR PREPARE,"From classrooms where theory is tested, the paramilitary drills where resolve is forged, recruits are prepared for a silent war. Hello one.",signer_YN,10.0,draft_in_vocab_tokens,0.4
clip_4171,TRAIN,TRAIN,"They are the silent sentinels trained to observe,",signer_YN,10.0,draft_in_vocab_tokens,0.4
clip_4172,COLLECT,COLLECT ACT QUICK BECOME VISIT,"to observe, collect, and act. What starts as information quickly becomes tactical In an exclusive visit, Citizen TV stepped",signer_YN,10.0,draft_in_vocab_tokens,0.4
clip_4173,LINE,LINE BEHIND NATIONAL FACE ALERT NATIONAL POSITION DANGER AREA,TV stepped behind the restricted lines to witness the face of modern national defense. Get national alert position The danger AREA IS HERE.,signer_YN,10.0,draft_in_vocab_tokens,0.4
clip_4174,DANGER,DANGER AREA,danger AREA IS HERE.,signer_YN,10.0,draft_in_vocab_tokens,0.4
clip_4175,INTELLIGENCE,INTELLIGENCE LEAD,INTELLIGENCE-LED POLICING executed,signer_YN,10.0,draft_in_vocab_tokens,0.4
clip_4176,WAY,WAY SECURITY UNDER FEAR ON,"executed the NIS way under a banner of security apparatus. Having evolved from the National Security Intelligence Service and before that, the dreaded Special Branch, the NIS is on a transformation path",signer_YN,10.0,draft_in_vocab_tokens,0.4
clip_4177,ACCESS,ACCESS ACTIVITY REASON MY LOVE,path as illustrated by the rare access to some of these activities. The reason as to why I'm doing this is because I love my country.,signer_YN,10.0,draft_in_vocab_tokens,0.4
clip_4178,MY,MY MY THERE,my country. Uh my family is back at home and they with,signer_YN,10.0,draft_in_vocab_tokens,0.4
clip_4179,THERE,THERE SURE SAFE ENEMY SURE BORDER KILOMETRE,"with them being there back at home, I ensure that they are safe by making sure that the enemy does not infiltrate. Borderline is just about 15 km from here. And if",signer_YN,10.0,draft_in_vocab_tokens,0.4
clip_4180,SIDE,SIDE CUT MEAN VILLAGE FOREST DEEP INSIDE SPECIAL,"And if we cut them from this side, it means they will not reach back at our hometowns back in Nairobi or any of our villagers back there. Deep inside Boni Forest, the elite special",signer_YN,10.0,draft_in_vocab_tokens,0.4
clip_4181,OPERATION,OPERATION GROUP FIGHT TRAVEL FS-SOG UNIT,elite special operations group continues to battle terrorists and their networks. We traveled to the frontline where the SOG unit,signer_YN,10.0,draft_in_vocab_tokens,0.4
clip_4182,UNIT,UNIT TERROR FACE CUT,unit confronts the Al-Shabaab terror A military surveillance helicopter slices through,signer_YN,10.0,draft_in_vocab_tokens,0.4
clip_4183,CUT,CUT MAN ON,slices through the sky. Twin assault rifles mounted and men on,signer_YN,10.0,draft_in_vocab_tokens,0.4
clip_4184,MAN,MAN READY STRIKE FLY SOMETIME NEAR ATTACK ANY IF ABOVE,"and men on board ready to strike with surgical precision. We are flying solo at times, the thicket under us within a touching distance to avoid detection just in case of any attack. Above",signer_YN,10.0,draft_in_vocab_tokens,0.4
clip_4185,ABOVE,ABOVE FOREST ON,"Above the dense thicket of Boni Forest, aboard",signer_YN,10.0,draft_in_vocab_tokens,0.4
clip_4186,ON,ON EYE GROUND DANGER TARGET BASE,"aboard this chopper, eyes scan the ground targeting threats before they Beneath lies one of the many operating bases",signer_YN,10.0,draft_in_vocab_tokens,0.4
clip_4187,BASE,BASE ENEMY AREA DEEP OFFICER LIFE PAY,bases deep in enemy-prone territory. Many officers paid the ultimate price here.,signer_YN,10.0,draft_in_vocab_tokens,0.4
clip_4188,WAR,WAR BULLET OPERATION GO,"here. This is a war fought not just with bullets, but with information. Definitely when whenever we go for these operations, once in",signer_YN,10.0,draft_in_vocab_tokens,0.4
clip_4189,SOMETIME,SOMETIME FEW VERY SIDE LOSE KILOMETRE NEAR,"once in a while I can say very minimal times that we've we've lost on our side. 55 km northeast, near the",signer_YN,10.0,draft_in_vocab_tokens,0.4
clip_4190,BORDER,BORDER NEAR MEAN BASE,"near the porous Kenya-Somalia border, is yet another Or loosely translated to forward operating base.",signer_YN,10.0,draft_in_vocab_tokens,0.4
clip_4191,BASE,BASE ATTACK FOR BUILD IMPORTANT,"operating base. Built for offense, it guards vital maritime",signer_YN,10.0,draft_in_vocab_tokens,0.4
clip_4192,LAND,LAND ENTER AGAINST,"vital maritime and land corridors, the frontline against Al-Shabaab incursions.",signer_YN,10.0,draft_in_vocab_tokens,0.4
clip_4193,ENTER,ENTER AGAINST,against Al-Shabaab incursions.,signer_YN,10.0,draft_in_vocab_tokens,0.4
clip_4195,SOUTH,SOUTH,"To the south, a mere 100 m from here",signer_YN,10.0,draft_in_vocab_tokens,0.4
clip_4196,IMPORTANT,IMPORTANT MISSION SAME ENEMY THREE KILOMETRE,"from here is another critical outpost mirrors the same mission deny enemy a way in. 3 years ago, Ras Kamboni tens of kilometers",signer_YN,10.0,draft_in_vocab_tokens,0.4
clip_4197,KILOMETRE,KILOMETRE INSIDE UNDER TODAY TOGETHER THROUGH,"of kilometers inside Somalia was under the firm grip of Al-Shabaab. Today, through Kenyan Jubaland collaboration, the tide has turned.",signer_YN,10.0,draft_in_vocab_tokens,0.4
clip_4198,BASE,BASE STRONG,The base stands as a symbol of reclamation and resilience.,signer_YN,10.0,draft_in_vocab_tokens,0.4
clip_4199,STRONG,STRONG LINE SECURITY ENTER FEW AGAIN FOR,"and resilience. At the Ras Kamboni line, Kenya and Jubaland operate shoulder to shoulder. Security is tight, infiltration minimal, freedom is visible again. Somali women cross to Kenya for firewood,",signer_YN,10.0,draft_in_vocab_tokens,0.4
clip_4202,BORDER,BORDER BETWEEN,"This is the borderline between Kenya and Somalia,",signer_YN,10.0,draft_in_vocab_tokens,0.4
clip_4203,BORDER,BORDER COME ENTER LEAVE FS-SOG,"and Somalia, a porous border where Al-Shabaab militants used to come, infiltrate, and then leave. The introduction of SOG has made it",signer_YN,10.0,draft_in_vocab_tokens,0.4
clip_4204,SAFE,SAFE EASY MAKE FOREST INSIDE,"has made it easy for Ras Kamboni to be safe. Inside the labyrinth of Boni, Masalani,",signer_YN,10.0,draft_in_vocab_tokens,0.4
clip_4205,AGENCY,AGENCY SECURITY CONTROL AREA RISK HIGH INCLUDE KILOMETRE,"Masalani, a new emerging playground for security agencies, it controls several operational zones foremost as high-risk areas including Bilarama, 36 km from the post where militants nest and IED",signer_YN,10.0,draft_in_vocab_tokens,0.4
clip_4206,DANGER,DANGER PLACE,IED threats looms large. Masalani is no random dot. It safeguards,signer_YN,10.0,draft_in_vocab_tokens,0.4
clip_4207,POSITION,POSITION IMPORTANT THROUGH CUT STOP MAYBE,"It safeguards the LAPSSET corridor and the key KDF positions. The main supply route, the artery of logistics, cuts through here. Without Masalani, the heart could stop. Despite",signer_YN,10.0,draft_in_vocab_tokens,0.4
clip_4208,POLITICIAN,POLITICIAN PART COMPLAIN,"Despite murmurs from a section of political class,",signer_YN,10.0,draft_in_vocab_tokens,0.4
clip_4209,LOCAL,LOCAL WELCOME NORTH OPEN,"class, the locals here have welcomed this new strategic frontier that is opening the north to the rest of the country.",signer_YN,10.0,draft_in_vocab_tokens,0.4
clip_4212,INTELLIGENCE,INTELLIGENCE HUMAN,"Humint, human intelligence is the lifeblood.",signer_YN,10.0,draft_in_vocab_tokens,0.4
clip_4213,COMMUNITY,COMMUNITY BECOME COMMUNITY GOOD VERY THEREFORE GET,"the lifeblood. Embedded agents mingle with communities, decoding whispers before they become war cries. We are able to interact with the community very well and that's why we get uh first-hand",signer_YN,10.0,draft_in_vocab_tokens,0.4
clip_4214,GET,GET,that's why we get uh first-hand,signer_YN,10.0,draft_in_vocab_tokens,0.4
clip_4215,NORTH,NORTH ON,"To the north, there is Hulugho, teeters on the razor's",signer_YN,10.0,draft_in_vocab_tokens,0.4
clip_4216,KILOMETRE,KILOMETRE BORDER,"on the razor's edge. Just 17 km from the border, a zone",signer_YN,10.0,draft_in_vocab_tokens,0.4
clip_4217,THINK,THINK ROAD TRUST PROBLEM MOST FOREST,"a zone once deemed impossible. Now, with the military grade rehabilitation, roads are back, and so is trust. The biggest challenge we have is that Boni Forest",signer_YN,10.0,draft_in_vocab_tokens,0.4
clip_4218,FOREST,FOREST VERY SIDE BORDER NEAR VERY ENEMY,"Boni Forest is quite vast, and we have on the other side, being that we are very close to the border, the enemy the enemy's tactics keep on",signer_YN,10.0,draft_in_vocab_tokens,0.4
clip_4219,FRIEND,FRIEND MY LOSE FRIEND CLOSE MY,"keep on memorable one is where I lost my buddies, my very close buddies.",signer_YN,10.0,draft_in_vocab_tokens,0.4
clip_4220,FRIEND,FRIEND CLOSE DIE HOLD,very close buddies. One of them died while I was holding,signer_YN,10.0,draft_in_vocab_tokens,0.4
clip_4222,LEG,LEG STOP TRY,"wound on his chest and at the same time on his legs. We tried to curb the bleeding, but it",signer_YN,10.0,draft_in_vocab_tokens,0.4
clip_4223,MEET,MEET OFFICER YOUNG MOST FS-SOG,"it was his day. Meet the youngest officer in this elite SOG squad,",signer_YN,10.0,draft_in_vocab_tokens,0.4
clip_4224,FS-SOG,FS-SOG AGE MY FIGHT VERY SAFE WHAT SURE TRAINING SELF,"SOG squad, just 23 years. It is very motivating me that I'm fighting for my country, and because I'm here, my Kenyan citizens are safe. I'm sure of what I'm doing. Now, the training itself",signer_YN,10.0,draft_in_vocab_tokens,0.4
clip_4225,THEREFORE,THEREFORE MOST,"So, that's why mostly in doing that we are to neutralize our doing.",signer_YN,10.0,draft_in_vocab_tokens,0.4
clip_4228,FOR,FOR THREE,For the 20 years. For 3,signer_YN,10.0,draft_in_vocab_tokens,0.4
clip_4229,THREE,THREE ENTER,"For 3 years straight, zero infiltration. Kenya's",signer_YN,10.0,draft_in_vocab_tokens,0.4
clip_4231,WAR,WAR ENEMY TAKE ENEMY,Take the war to the enemy before the enemy,signer_YN,10.0,draft_in_vocab_tokens,0.4
clip_4232,ENEMY,ENEMY BRING KNOW FOR REMOVE CARE MUCH,the enemy brings it home. Uh what uh Kenyans should know is that uh we are all doing this for them. Uh they they should uh remove that uh picture of uh us not uh being uh concerned of them. We are very much concerned of them and uh,signer_YN,10.0,draft_in_vocab_tokens,0.4
clip_4233,EASY,EASY YES NEED,"easy. It is not easy, yeah. Let uh the only thing that we need from them is prayers",signer_YN,10.0,draft_in_vocab_tokens,0.4
clip_4234,ALWAYS,ALWAYS FOR THERE MIDDLE INTELLIGENCE OPERATION CENTRE,"and uh constant uh thoughts that uh we are there for them. At the core is the intelligence operation center, the vanguard. Here,",signer_YN,10.0,draft_in_vocab_tokens,0.4
clip_4235,DATA,DATA BECOME PLAN UNIT SEND MISSION TERROR,"Here, data turns to direction, plans take shape, and field units deploy. The mission: disrupt terror networks, shut down",signer_YN,10.0,draft_in_vocab_tokens,0.4
clip_4236,TRADE,TRADE ILLEGAL WEAPON RECOVER WIN SINCE OPERATION GUN,"shut down illegal trade, recover weapons, and win. Since its inception, the operation has seized 377 firearms, from M-6 to FN rifles to bomb-making kits.",signer_YN,10.0,draft_in_vocab_tokens,0.4
clip_4237,EACH,EACH WIN KILOMETRE FAR BASE,kits. Each piece is a battle won before it's ever Hundreds kilometers away from the various forward operating,signer_YN,10.0,draft_in_vocab_tokens,0.4
clip_4238,BASE,BASE CITY ATTACK SUFFER MOST PEACE SECURITY EVENT CITY,"forward operating bases, the country's two cities, Nairobi and Mombasa, which have borne the brunt of Al-Shabaab attacks, are now enjoying relative peace and security. Not a single incident reported in the two cities",signer_YN,10.0,draft_in_vocab_tokens,0.4
clip_4239,TRAINING,TRAINING,"2 and a half years now and For now, training and surveillance goes on under",signer_YN,10.0,draft_in_vocab_tokens,0.4
clip_4240,EYE,EYE WATCH UNDER WIDE ACROSS SPREAD INTELLIGENCE COLLECT,"on under the watchful eyes of hundreds of operatives spanned across the breadth and width of the expansive Kenyan The National Intelligence Service collects, analyzes, and",signer_YN,10.0,draft_in_vocab_tokens,0.4
clip_4241,ACT,ACT INTELLIGENCE ON REASON MAN YOUNG FS-SOG UNDER DANGER SURE,and acts on intelligence. The reason why the young men and women in this SOG operate under strict instructions to make sure they neutralize all the threats of Al-Shabaab. Francis Citizen TV,signer_YN,10.0,draft_in_vocab_tokens,0.4
clip_4242,TRAINING,TRAINING GROUND,Citizen TV and I see training ground.,signer_YN,10.0,draft_in_vocab_tokens,0.4
clip_4243,YOUR,YOUR,"Eric Kissintah, your camera work betrays you film",signer_YN,10.0,draft_in_vocab_tokens,0.4
clip_4244,THERE,THERE TEAM BEHIND PLUS REMEMBER AGAIN WATCH CAN,"you film quality right there to the entire team Francis Odeh, Eric Kissintah who was behind the camera, Tony Mbirah as well as Harris Awuor who are the video editors. Great job. Remember that you can rewatch that on our digital platforms",signer_YN,10.0,draft_in_vocab_tokens,0.4
clip_4245,BREAK,BREAK TAKE SIDE HIGH MUSIC SPECIAL,platforms Citizen TV Kenya. We take a break on Sunday Live but on the other side the Thika High School for the blind put on a one-of-a-kind music concert,signer_YN,10.0,draft_in_vocab_tokens,0.4
clip_4246,SIDE,SIDE US CITY TAKE STAY,concert and Kamau Mwangi has that report on the other side. Laura Otieno takes us to Kisumu City for Citizen Planet. Stay,signer_YN,10.0,draft_in_vocab_tokens,0.4
clip_4247,US,US WITH STAY ACCESS,Thank you for staying with us on Sunday Live. Access,signer_YN,10.0,draft_in_vocab_tokens,0.4
clip_4248,ACCESS,ACCESS EDUCATION CHILD LIVE PROBLEM STILL COST LEARN RESOURCE HIGH WORSE MAKE OFTEN GROW,Access to quality education remains a major hurdle for children living with a visual impairment often made worse by the high cost of learning resources. Now there's a growing call for deliberate sustained efforts to level the playing,signer_YN,10.0,draft_in_vocab_tokens,0.4
clip_4249,EFFORT,EFFORT CHANCE SAME FRIEND SURE THAT MUSIC FIRST HOST,to level the playing field and ensure these learners enjoy the same opportunities as their peers. That call took center stage at the inaugural music concert hosted by the Thika School for the visually impaired. A celebration,signer_YN,10.0,draft_in_vocab_tokens,0.4
clip_4250,CELEBRATE,CELEBRATE STRONG INCLUDE VOICE BEHIND PUSH ACCESS EQUAL PROMISE CHANCE CHILD EVERY BRING,"A celebration of talent, resilience and inclusion. Kamau Mwangi brings us the voices behind the push for equal access and the promise of opportunity for every Kenyan child.",signer_YN,10.0,draft_in_vocab_tokens,0.4
clip_4251,VOICE,VOICE STUDENT,"With their voices in perfect harmony, students from",signer_YN,10.0,draft_in_vocab_tokens,0.4
clip_4252,STUDENT,STUDENT MUSIC FIRST MARK SPECIAL INSIDE GROW,"students from Thika School for the visually impaired lit up the marking the school's inaugural music concert, a showcase of the extraordinary talent nurtured within its walls.",signer_YN,10.0,draft_in_vocab_tokens,0.4
clip_4253,MUSIC,MUSIC,But their symphony was more than just a performance.,signer_YN,10.0,draft_in_vocab_tokens,0.4
clip_4254,STATEMENT,STATEMENT STRONG PROBLEM FACE CHILD SAME SAME FRIEND ANY,"It was a powerful statement, a reminder that despite the challenges they face, these children are just as capable, just as gifted as any of their peers.",signer_YN,10.0,draft_in_vocab_tokens,0.4
clip_4255,STUDENT,STUDENT INCLUDE,"The concert, which featured current students and alumni,",signer_YN,10.0,draft_in_vocab_tokens,0.4
clip_4256,CALL,CALL BECOME INVEST EDUCATION NEED SPECIAL HIDE WAIT STUDENT UNTIL NEED BUY,"and alumni, became a rallying call, urging greater investment in the education of learners with special needs, and spotlighting the untapped potential waiting to be unlocked. A sighted student will need about 10 to 15 shillings to buy a",signer_YN,10.0,draft_in_vocab_tokens,0.4
clip_4257,BUY,BUY,"shillings to buy a pen. But a visually impaired person will need around between 135,000",signer_YN,10.0,draft_in_vocab_tokens,0.4
clip_4258,UNTIL,UNTIL TAX BASE BUY NAME THAT COST LEARN ISSUE KNOW,"between 135,000 to 150,000 shillings based on tax to in to buy a pen, which they call a braille. That tells you that the cost of learning for visually impaired person The government is pretty much aware of our issues. Wanajuwa",signer_YN,10.0,draft_in_vocab_tokens,0.4
clip_4259,THERE,THERE NEED THEREFORE MUSIC STUDENT NEED STRUGGLE THROUGH STUDY FINISH,"Wanajuwa that we are there and we need So, about even from the music instruments, there are so many basic needs of these students which we don't have. Even after braving the struggle to complete their studies,",signer_YN,10.0,draft_in_vocab_tokens,0.4
clip_4260,STUDY,STUDY PROBLEM COME BASE JOB MARKET PUSH OFTEN,"studies, a new hurdle emerges, the stigma rooted in doubts about their ability to deliver. This lingering bias often them out of the job market,",signer_YN,10.0,draft_in_vocab_tokens,0.4
clip_4261,JOB,JOB MARKET PROBLEM ADD MUCH CONSTITUTION,"job market, compounding their challenges. We are extremely discriminated because the constitution",signer_YN,10.0,draft_in_vocab_tokens,0.4
clip_4262,CONSTITUTION,CONSTITUTION MINIMUM JOB PUBLIC CHANCE,the constitution in article 54 um C envisages that at least 5% of public employment of opportunities will be afforded,signer_YN,10.0,draft_in_vocab_tokens,0.4
clip_4263,LESS,LESS CONSTITUTION SINCE CONVERSATION,"will be afforded to persons with disabilities, yet we are less than 1% from 2010 when our constitution came to force. What we are asking is a conversation",signer_YN,10.0,draft_in_vocab_tokens,0.4
clip_4264,CONVERSATION,CONVERSATION SECTOR PRIVATE BETWEEN JOB CREATE FOR BREAK HOW,"a conversation between the Kenya Society for the Blind, private sector such as and the employers on how best can we break the barriers to job creation for the visually impaired.",signer_YN,10.0,draft_in_vocab_tokens,0.4
clip_4265,MUSIC,MUSIC WITH HOPE,"As the music fades with this performance, so does our hope",signer_YN,10.0,draft_in_vocab_tokens,0.4
clip_4266,HOPE,HOPE FAR REACH WORLD SUPPORT NEED BRING ESPECIALLY MOST POOR COME EDUCATION FUTURE BUILD,"so does our hope that its light will reach far beyond their own world. They wish it will bring the much-needed support, especially since most come from underprivileged backgrounds where education remains the only tool to build a future and compete on",signer_YN,10.0,draft_in_vocab_tokens,0.4
clip_4267,EQUAL,EQUAL,"compete on equal footing. Kamau Muangi, Citizen TV.",signer_YN,10.0,draft_in_vocab_tokens,0.4
clip_4268,YES,YES,"As the government intends I beg your Yes, as the",signer_YN,10.0,draft_in_vocab_tokens,0.4
clip_4269,YES,YES EFFORT INCREASE ACHIEVE HEALTH SERVICE ACCESS IMPROVE PATIENT PROBLEM FACE STILL LESS,"Yes, as the government intensifies efforts to actualize universal health care and improve access to health services, hundreds of patients in Samburu County still face challenges. Less than 40% of the county population",signer_YN,10.0,draft_in_vocab_tokens,0.4
clip_4270,LESS,LESS MOTHER HEALTH SERVICE ACCESS INFRASTRUCTURE BAD KILOMETRE WALK FORCE SERVICE IMPORTANT REACH SITUATION COMMUNITY BUILDING TEMPORARY BUILD PUSH,population access maternal health services as poor infrastructure forces many women to trek tens of kilometers to access the critical service. The situation has prompted the community to put up a temporary structure,signer_YN,10.0,draft_in_vocab_tokens,0.4
clip_4271,BUILDING,BUILDING TEMPORARY MOTHER HEALTH SERVICE REPORTER KILOMETRE,structure to offer maternal health services. Our reporter Boniface Barasa has that report. 50 km off from the town of Samburu is the,signer_YN,10.0,draft_in_vocab_tokens,0.4
clip_4272,COMMUNITY,COMMUNITY SMALL LOCAL SERVICE OFTEN GO AMONG MOTHER CARE SEARCH,is the county's little community dispensary where locals frequent for medical services. Notably among them are tens of women seeking maternal care.,signer_YN,10.0,draft_in_vocab_tokens,0.4
clip_4273,BUILDING,BUILDING TEMPORARY BUILD,This temporary structure erected here is the,signer_YN,10.0,draft_in_vocab_tokens,0.4
clip_4274,MOTHER,MOTHER PREGNANT CARE IMPORTANT CHARGE UNDER LEARN STILL DIFFICULT FOR,is the one offering expectant mothers the much-needed antenatal care under the care of the nursing charge. The learning is still going to be difficult for maternity.,signer_YN,10.0,draft_in_vocab_tokens,0.4
clip_4275,FOR,FOR MOTHER WHAT KNOW,for maternity. Like you know what kind of mama tuna,signer_YN,10.0,draft_in_vocab_tokens,0.4
clip_4277,ALLOW,ALLOW,Do not let me see,signer_YN,10.0,draft_in_vocab_tokens,0.4
clip_4278,PATIENT,PATIENT ATTEND UNDER,"With the medic attending to one patient after another, more pitching tent under tree",signer_YN,10.0,draft_in_vocab_tokens,0.4
clip_4279,UNDER,UNDER WAIT CLEAR BUILDING TEMPORARY,under tree waiting for their turn. A clear indication of how the temporary structure,signer_YN,10.0,draft_in_vocab_tokens,0.4
clip_4280,MOTHER,MOTHER CARE LOCAL,is a game changer in delivering maternal care to the locals.,signer_YN,10.0,draft_in_vocab_tokens,0.4
clip_4281,LOCAL,LOCAL,locals.,signer_YN,10.0,draft_in_vocab_tokens,0.4
clip_4282,LOCAL,LOCAL HELP BRING,The facility has since brought a recruit to the locals,signer_YN,10.0,draft_in_vocab_tokens,0.4
clip_4283,LOCAL,LOCAL MOTHER DIE REDUCE BABY WITH WALK STORY SAFE,the locals by curbing maternal deaths with women now walking home with bundles of joy after successful stories of safe,signer_YN,10.0,draft_in_vocab_tokens,0.4
clip_4284,OR,OR,CS or any other,signer_YN,10.0,draft_in_vocab_tokens,0.4
clip_4285,HOSPITAL,HOSPITAL PLAN BUDGET PLACE,County hospital We have plans. We have budgeting to have a maternity here at Ruruku and then at the and many other remote place. Statistics,signer_YN,10.0,draft_in_vocab_tokens,0.4
clip_4287,MINIMUM,MINIMUM EACH DIE PREGNANT BIRTH PROBLEM BUILDING TEMPORARY MOTHER CARE SEARCH,"indicate that at least 290,000 women die annually due to the complications related to pregnancy and childbirth. With this temporary structure offering a sigh of relief to tens of women who seek maternal care here. Their",signer_YN,10.0,draft_in_vocab_tokens,0.4
clip_4288,STRONG,STRONG BUILDING BUILD HELP SAFE MOTHER CARE SEARCH,"Their clarion call to the government is for the government to help them put up a permanent structure that will guarantee them safety whenever they seek maternal care. Boniface Barasa, Citizen TV,",signer_YN,10.0,draft_in_vocab_tokens,0.4
clip_4290,PLASTIC,PLASTIC PLASTIC PROBLEM BLOCK WATER RESOURCE IMPORTANT,"ban on single-use plastics, plastic pollution continues to plague the country's clogging drainage systems and choking vital water resources. In Kisumu County, River",signer_YN,10.0,draft_in_vocab_tokens,0.4
clip_4291,EXAMPLE,EXAMPLE CLEAR PLASTIC WASTE INCLUDE USE MIDDLE GROUP STORY,"River Auji is a stark example. Its surface blanketed with unsanitary plastic waste including used diapers. But amid the filth, a group of young men is rewriting",signer_YN,10.0,draft_in_vocab_tokens,0.4
clip_4292,STORY,STORY LEAD COMMUNITY WASTE MANAGE PLASTIC BAG FACE CITY,"rewriting the narrative. Leading a cleanup efforts and shifting community perceptions on waste management, one plastic bag at a time. Lorna Shiro now reports on the changing face of Kisumu, a city once overwhelmed",signer_YN,10.0,draft_in_vocab_tokens,0.4
clip_4293,PLASTIC,PLASTIC WASTE,once overwhelmed by plastic waste.,signer_YN,10.0,draft_in_vocab_tokens,0.4
clip_4294,WASTE,WASTE MORNING NORMAL AGE,waste. A typical morning for 25-year-old Willy,signer_YN,10.0,draft_in_vocab_tokens,0.4
clip_4295,WALK,WALK ESTATE THROUGH HAND HOLD,"Willy Otiende begins with a walk through Gesoko Estate in Manyatta, Kisumu With a portable weighing scale in hand,",signer_YN,10.0,draft_in_vocab_tokens,0.4
clip_4296,HAND,HAND ESTATE THROUGH WALK STOP WASTE HOUSEHOLD SEARCH MONTH SIX PAST,"hand, Otiende weaves through the narrow paths of the estate, stopping to rummage through heaps of household waste. For the past 6 months, this has been more",signer_YN,10.0,draft_in_vocab_tokens,0.4
clip_4297,MISSION,MISSION THAT,has been more than just a routine. It is a mission.,signer_YN,10.0,draft_in_vocab_tokens,0.4
clip_4298,LOCAL,LOCAL GROUP WITH,"Alongside a group of local youth, Otiende",signer_YN,10.0,draft_in_vocab_tokens,0.4
clip_4299,ENVIRONMENT,ENVIRONMENT,Otiende is turning trash into What started as a simple passion for environmental,signer_YN,10.0,draft_in_vocab_tokens,0.4
clip_4300,ENVIRONMENT,ENVIRONMENT PLUS BECOME FOR,environmental conservation has evolved into both a livelihood and a lifeline for him and dozens of young men in this informal settlement.,signer_YN,10.0,draft_in_vocab_tokens,0.4
clip_4302,THAT,THAT,positively towards that. The Sustainable,signer_YN,10.0,draft_in_vocab_tokens,0.4
clip_4303,WASTE,WASTE MANAGE ACT,The Sustainable Waste Management Act of,signer_YN,10.0,draft_in_vocab_tokens,0.4
clip_4304,ACT,ACT CLEAR WASTE SECTOR PRIVATE PUBLIC BOTH AIM LAW HOUSEHOLD FORCE,"of outlines clear guidelines for waste segregation at source, targeting both the private and public sectors. But with no specific law compelling households",signer_YN,10.0,draft_in_vocab_tokens,0.4
clip_4305,HOUSEHOLD,HOUSEHOLD FORCE RESPONSIBILITY FALL TEAM ENVIRONMENT,"households to separate waste, the responsibility has fallen through the Now, Otiende and his team of environmental",signer_YN,10.0,draft_in_vocab_tokens,0.4
clip_4306,CHAMPION,CHAMPION ENVIRONMENT THROUGH BAG MAYBE,"of environmental champions are stepping in, filling the gap through grassroots The bags may not be color-coded,",signer_YN,10.0,draft_in_vocab_tokens,0.4
clip_4307,IMPACT,IMPACT CLEAR ESTATE ACROSS LOCAL ACTIVE,"but the impact is undeniable. Across the estate, residents are now actively",signer_YN,10.0,draft_in_vocab_tokens,0.4
clip_4308,ACTIVE,ACTIVE WASTE TAKE NORMAL,are now actively sorting their waste before taking it to the skip. A shift from what used to be the norm.,signer_YN,10.0,draft_in_vocab_tokens,0.4
clip_4309,NORMAL,NORMAL,the norm.,signer_YN,10.0,draft_in_vocab_tokens,0.4
clip_4310,MINIMUM,MINIMUM PLASTIC CAN,"At least we can separate plastic, sanitary",signer_YN,10.0,draft_in_vocab_tokens,0.4
clip_4311,CAN,CAN OLD DIE HARD,"sanitary towels, and Pampers, and these bottles. We can recycle them. Still, old habits die hard.",signer_YN,10.0,draft_in_vocab_tokens,0.4
clip_4312,HARD,HARD ESTATE THROUGH,"hard. River Auji, which snakes through the estate",signer_YN,10.0,draft_in_vocab_tokens,0.4
clip_4313,ESTATE,ESTATE THROUGH SLOW USE PLASTIC,"the estate into Lake Victoria is slowly Used diapers, sanitary towels, and plastic",signer_YN,10.0,draft_in_vocab_tokens,0.4
clip_4314,PLASTIC,PLASTIC WASTE DAILY DANGER,and plastic waste lines its banks. A daily eyesore and a dangerous,signer_YN,10.0,draft_in_vocab_tokens,0.4
clip_4317,STUDY,STUDY,A 2016 study published in the Journal of the Great,signer_YN,10.0,draft_in_vocab_tokens,0.4
clip_4318,FIND,FIND WORRY ACTION TOGETHER NEED,of the Great Lakes found that 20% of fish in Lake Victoria contain microplastics. A worrying trend that underscores the urgent need for concerted,signer_YN,10.0,draft_in_vocab_tokens,0.4
clip_4319,ACTION,ACTION TOGETHER NEED,need for concerted action.,signer_YN,10.0,draft_in_vocab_tokens,0.4
clip_4320,BELIEVE,BELIEVE PLACE BETTER,We believe that one soon it will be a better,signer_YN,10.0,draft_in_vocab_tokens,0.4
clip_4321,PLACE,PLACE BETTER LIVE DISEASE WASTE MANAGE BAD COME FREE KNOW THING COMMUNITY LIVE CAN,will be a better place to dwell we will be free from diseases that come from poor waste management. You know the kind of thing that we want to have. We want the community to be able to live in a,signer_YN,10.0,draft_in_vocab_tokens,0.4
clip_4322,LIVE,LIVE WAY WASTE MY WAY EASY COLLECT TREAT FOR,"to be able to live in a dignified manner. Also as a generator, calls back to me. Am I able to separate my waste in such a way that it makes it easy for whoever is going to collect and also to treat and recycle the",signer_YN,10.0,draft_in_vocab_tokens,0.4
clip_4323,PLASTIC,PLASTIC CAN,recycle the plastic. That they are able to do that without it being contaminated with,signer_YN,10.0,draft_in_vocab_tokens,0.4
clip_4324,WASTE,WASTE BAG WASTE,"contaminated with any other type of waste. One bag at a time, the waste piles",signer_YN,10.0,draft_in_vocab_tokens,0.4
clip_4325,WASTE,WASTE POINT COLLECT EACH WITH,waste piles at designated collection points in Manyatta With every haul comes a,signer_YN,10.0,draft_in_vocab_tokens,0.4
clip_4326,COME,COME CHANCE COMMUNITY EVERY LIKE,"comes a fresh opportunity for community A reminder that every cloud, like this",signer_YN,10.0,draft_in_vocab_tokens,0.4
clip_4327,PLASTIC,PLASTIC LIKE MAYBE,"like this kind of piece of plastic, just might have a silver lining. Laura Otieno, Citizen TV.",signer_YN,10.0,draft_in_vocab_tokens,0.4
clip_6000,FS-HIV,FS-HIV LIVE FUTURE ORDER HEALTH PROGRAMME IMPORTANT,person living with HIV in Kenya have expressed uncertainty over what the future holds following the order by US president Donald Trump to freeze funds towards crucial health programs a number of clinics,signer_YN,10.0,draft_in_vocab_tokens,0.4
clip_6001,GROUP,GROUP KEY SERVE CLOSE FINISH STAKEHOLDER WORRY FS-HIV INCREASE FUTURE,a number of clinics targeting key populations have already closed shop with stakeholders raising concerns over the ripple effect of increased new HIV infections in the coming years a very own Lao now reports,signer_YN,10.0,draft_in_vocab_tokens,0.4
clip_6002,ORDER,ORDER IMPACT WORLD FEAR CAUSE ESTATE DAILY,now reports on the real life impact of the executive order that has caused Jitters across the globe at KRA estate in Nairobi Benta agola takes her daily,signer_YN,10.0,draft_in_vocab_tokens,0.4
clip_6003,DAILY,DAILY TAKE YES PAST MOTHER CHILD SIX FS-ARV TAKE,takes her daily pill yes for the last 24 years this has been the routine for the mother of six who has been Faithfully taking her dose of the arvs and successfully suppressed her,signer_YN,10.0,draft_in_vocab_tokens,0.4
clip_6004,ORDER,ORDER RECENT SHE CANNOT FUTURE FEAR,suppressed her load however the recent freeze of funds via the executive order by US president Donald Trump is giving her sleepless nights as she fears for the future,signer_YN,10.0,draft_in_vocab_tokens,0.4
clip_6005,FUTURE,FUTURE FEAR,as she fears for the future,signer_YN,10.0,draft_in_vocab_tokens,0.4
clip_6007,KILOMETRE,KILOMETRE FAR PROBLEM SAME FACE,backwards kilomet away in Kumo County Eric Oka is also facing a similar predicament the withdrawal of the fans have made him,signer_YN,10.0,draft_in_vocab_tokens,0.4
clip_6008,REMEMBER,REMEMBER LATE FS-ARV BUY TEST PAY,have made him reminisce the late 90s where he says they had to purchase arvs and also pay for all tests out of pocket,signer_YN,10.0,draft_in_vocab_tokens,0.4
clip_6010,PROGRAMME,PROGRAMME SUPPORT INCLUDE FS-ARV BUY FS-HIV PREVENT SERVICE FULL FS-HIV TEST SERVICE SUPPORT,"in 2003 and has been supporting programs such as the procurement of anti-retroviral therapy comprehensive HIV Prevention Services HIV testing services as well as supporting 342,000",signer_YN,10.0,draft_in_vocab_tokens,0.4
clip_6011,HEALTH,HEALTH WORKER PROGRAMME LEAVE STAKEHOLDER SOLUTION THING SECOND NEED,"342,000 health workers enrolling out its programs in 2024 the withdrawal leaving a huge dent in Kenya's coffers as stakeholders call for the adoption of Homegrown Solutions the second thing that we need to do again is to think about Shi and",signer_YN,10.0,draft_in_vocab_tokens,0.4
clip_6012,THINK,THINK FS-HIV CAN FS-HIV SERVICE NEED COME NEED COLLECT HOW,about Shi and sha to be able to finance HIV so that HIV Services should be B but of course sh requires money and that money has to come from us so sh needs to be more Innovative in how they're going to collect more money,signer_YN,10.0,draft_in_vocab_tokens,0.4
clip_6013,HEALTH,HEALTH SERVICE SUSTAIN CAN INCLUDE FS-HIV SERVICE GROUP KEY SERVE CLOSE FINISH,to be able to sustain health services including HIV services in kisumu County nine clinics that were serving key populations have already been shut down casting a shadow of uncertainty,signer_YN,10.0,draft_in_vocab_tokens,0.4
clip_6014,FS-HIV,FS-HIV SERVICE ACCESS HOPE HOLD SURE,shadow of uncertainty over access to HIV services for now Eric bent and others cling on to hope that the government shall Bridge the funding Gap and ensure sustainable,signer_YN,10.0,draft_in_vocab_tokens,0.4
clip_6015,SUSTAIN,SUSTAIN PREVENT INCREASE MUCH TONIGHT MILLION LIVE,sustainable supply of the life-saving drugs as well as scaling up preventive measures Laura Citizen TV all right Laura thanks so much for the nights a relief for millions of people living with,signer_YN,10.0,draft_in_vocab_tokens,0.4
clip_6016,FS-HIV,FS-HIV LIVE FS-HIV TREATMENT ACCESS ALLOW WORLD,living with HIV after the US approved an emergency humanitarian waiver which will allow people to continue accessing HIV treatment funded by the us across 55 countries worldwide,signer_YN,10.0,draft_in_vocab_tokens,0.4
clip_6017,WORLD,WORLD DECISION MEAN MILLION,worldwide the decision means more than 20 million people,signer_YN,10.0,draft_in_vocab_tokens,0.4
clip_6018,FS-HIV,FS-HIV LIVE MEDICINE RECEIVE CAN FOREIGN PROMISE FS-ARV,people living with HIV can continue to receive life saving HIV medication during the assessment of the US foreign policy in the meantime the government is assuring Kenyans currently on anti- retroviral,signer_YN,10.0,draft_in_vocab_tokens,0.4
clip_6019,FS-ARV,FS-ARV FS-HIV MANAGE RECEIVE WILL SAME HEALTH DOCTOR,retroviral for HIV management that they will continue to receive their packages despite the US frees on funding on the same the director general for health Dr Patrick,signer_YN,10.0,draft_in_vocab_tokens,0.4
clip_6020,DOCTOR,DOCTOR ENOUGH,health Dr Patrick Amoth says the country has sufficient,signer_YN,10.0,draft_in_vocab_tokens,0.4
clip_6021,ENOUGH,ENOUGH MONTH SIX MINIMUM LAST,has sufficient stock to last at least 6 months we get more from very br Pardons and commutations relating to in the aftermath of the,signer_YN,10.0,draft_in_vocab_tokens,0.4
clip_6022,FS-HIV,FS-HIV PROGRAMME CUT FEAR MAN CHILD MILLION ALMOST FS-ARV,aftermath of the cut in funding of HIV related programs by the USA government the Kenyan government is assuaging the fears of nearly 1.3 million men women and children currently on arvs our prescription pattern for,signer_YN,10.0,draft_in_vocab_tokens,0.4
clip_6023,FS-ARV,FS-ARV MONTH UNTIL MEDICINE THEREFORE MEDICINE GLOBAL HAPPEN WHAT,pattern for anti retroviral therapy is that we give you 3 to 6 months of medicines so nobody should be able to miss their medication despite what is happening out in the global,signer_YN,10.0,draft_in_vocab_tokens,0.4
clip_6024,GLOBAL,GLOBAL EXPERT PATIENT TREATMENT NEED PROTECT SURE TREATMENT RECEIVE SURE,the global Arena that is for us to be able to discuss as technical experts our role is to ensure that we Shield the patient who requires treatment and ensure that they continue,signer_YN,10.0,draft_in_vocab_tokens,0.4
clip_6025,MINISTRY,MINISTRY HEALTH ACTION IMPACT BUDGET PLAN PROGRAMME AFFECT,that they continue to receive the treatment the Ministry of Health while acknowledging the impact of Donald Trump's actions says it will not shy away from making adjustments to its budgetary plans to keep the programs affected going,signer_YN,10.0,draft_in_vocab_tokens,0.4
clip_6026,TREASURY,TREASURY SIT TOGETHER SURE SUPPORT PATIENT FS-ARV RECEIVE PATIENT,going sit down with the treasury and make sure that uh we continue funding support to those patients who are receiving arvs uh those patients who are on,signer_YN,10.0,draft_in_vocab_tokens,0.4
clip_6027,PATIENT,PATIENT TREATMENT THEREFORE QUESTION OR RESOURCE ADD TREASURY NATIONAL THROUGH DEPEND,who are on malaria treatment the Nets must we must continue Distributing the Nets uh so it's just a question of now changing or adding additional resources through the national treasury as opposed to where we are relying,signer_YN,10.0,draft_in_vocab_tokens,0.4
clip_6028,DEPEND,DEPEND PARTNER STOP IMPACT,we are relying on the development Partners the impact of the stoppage of the funding is only beginning to,signer_YN,10.0,draft_in_vocab_tokens,0.4
clip_6029,CLEAR,CLEAR ACCORDING ACTION,beginning to crystallize according to the world Health Organization the American government's actions has,signer_YN,10.0,draft_in_vocab_tokens,0.4
clip_6030,ACTION,ACTION SICK RISK INCREASE MAYBE,actions has the potential to increase the risk of illness,signer_YN,10.0,draft_in_vocab_tokens,0.4
clip_6031,SICK,SICK DIE RISK PREVENT EFFORT WEAK WARN CUT DEATH INCREASE MAYBE PROGRAMME PROMISE,the risk of illness and death as well as undermining the efforts to prevent transmission wh also warns that the funding cut could lead to arising new infections and deaths PEPFAR had committed to fund its programs in Kenya from October last year to,signer_YN,10.0,draft_in_vocab_tokens,0.4
clip_6032,UNTIL,UNTIL BILLION FS-HIV RESEARCH CUT MINIMUM FS-ARV ON RISK LOSE,"year to September this year to the tune of 43 billion Shillings AA a HIV research organization indicates that the funding cut will leave at least 17,2 29 Kenyans on arvs at the risk of losing",signer_YN,10.0,draft_in_vocab_tokens,0.4
clip_6033,RISK,RISK MEDICINE ACCESS LOSE EACH NUMBER THAT CHILD AGE UNDER MEDICINE DAILY NEED CUT IMPACT,"at the risk of losing access to the life-saving medication per day of that number 841 are children under the age of 15 who also need the medication on a daily basis the funding cut will also have an impact on the over 270,000",signer_YN,10.0,draft_in_vocab_tokens,0.4
clip_6034,DIRECT,DIRECT SUPPORT IMPACT AFRICA,"270,000 healthcare providers who are directly supported by PEPFAR and as the country begins to internalize the impact of the funding freeze the former president Uhuru Kenyatta has advised African governments to strive for self-reliance",signer_YN,10.0,draft_in_vocab_tokens,0.4
clip_6035,SOME,SOME REMOVE YOUR,self-reliance I saw some people the other day crying oh I don't know Trump has removed money he said he's not giving us any more money why are you crying it's not your government is not,signer_YN,10.0,draft_in_vocab_tokens,0.4
clip_6036,YOUR,YOUR YOUR REASON MEAN,government is not your country he has he has no reason to to give you anything I mean hey,signer_YN,10.0,draft_in_vocab_tokens,0.4
clip_6037,TAX,TAX CALL FOR OK WHAT SELF HELP AFRICA SAME,hey you don't pay taxes in America he's appealing to his people this is a wake up call for you to say okay what are we going to do to help ourselves Kenya like other African countries,signer_YN,10.0,draft_in_vocab_tokens,0.4
clip_6038,ORDER,ORDER FS-HIV TREATMENT AFFECT INSIDE LOOK WAY FIND TREATMENT SUSTAIN,countries affected by President Donald Trump's executive order freezing the funding for HIV treatment and management will have to look inwards to find ways of sustaining this life saving treatment,signer_YN,10.0,draft_in_vocab_tokens,0.4
clip_6039,TREATMENT,TREATMENT MUCH,treatment Brenda Wanga Citizen TV Nairobi all right Brenda thanks so much for that let's switch gears here and the president of the Democratic Republic of Congo Felix Tshisekedi has skipped,signer_YN,10.0,draft_in_vocab_tokens,0.4
clip_6040,MEETING,MEETING CRISIS AFRICA EAST CHAIR AGENCY EAST WAR BORDER WARN,has skipped a virtual crisis extraordinary meeting of East African heads of state chaed by President William Rutter now the humanitarian agencies in the war torn Eastern Province bordering Rwanda warn,signer_YN,10.0,draft_in_vocab_tokens,0.4
clip_6041,WARN,WARN SITUATION WORSE QUICK UNDER KILL FIGHT HEAVY,warn that the situation is quickly deteriorating after 13 South African peacekeepers under the southern a African development Community were killed during a heavy confrontation between,signer_YN,10.0,draft_in_vocab_tokens,0.4
clip_6042,BETWEEN,BETWEEN VERSUS MISSION SITUATION,between the M23 Rebels against armed forces of the DRC and SADC Mission in the Dr in the Democratic Republic of Congo sister with the latest update on the DRC,signer_YN,10.0,draft_in_vocab_tokens,0.4
clip_6043,SITUATION,SITUATION FIGHT EAST END VERSUS,situation there is no end insight for the heightened fighting in the Eastern Democratic Republic of the Congo between m three Rebels and the Armed Forces of,signer_YN,10.0,draft_in_vocab_tokens,0.4
clip_6044,YES,YES ENGAGE,Forces of DRC yes our number two is been engaging,signer_YN,10.0,draft_in_vocab_tokens,0.4
clip_6045,ENGAGE,ENGAGE,number two is been engaging,signer_YN,10.0,draft_in_vocab_tokens,0.4
clip_6046,HOPE,HOPE WAR STOP WAR FULL DANGER REDUCE,hopes for an immediate ceasefire to stop the war and reduce the threat of a fully blown out war,signer_YN,10.0,draft_in_vocab_tokens,0.4
clip_6047,WAR,WAR FULL NEIGHBOUR BETWEEN HOPE REDUCE ANNOUNCE MEETING CRISIS AFRICA EAST,blown out war between the DRC and its neighbor Rwanda are diminishing after drc's president Felix shisi announced that he will not attend a crisis extraordinary meeting of East Africa heads,signer_YN,10.0,draft_in_vocab_tokens,0.4
clip_6048,CHAIR,CHAIR REGION ANNOUNCE PLUS ENEMY BOTH ATTEND CONFIRM,Africa heads of state cheered by the Region's chairperson President William Ruto president rut had announced that both Tshisekedi and his perceived Nemesis Paul Kagame had confirmed attending the meeting,signer_YN,10.0,draft_in_vocab_tokens,0.4
clip_6049,MEETING,MEETING AIM CRISIS SOLVE CONFIRM MEETING EVENING PLAN,the meeting aimed at resolving the crisis through immediate emergency response state house has confirmed to Citizen TV that the meeting was scheduled to take place this evening in the absence,signer_YN,10.0,draft_in_vocab_tokens,0.4
clip_6050,HELP,HELP WAY,in the absence of president shisi but even as is is see heads of state deliberate on ways to intervene the,signer_YN,10.0,draft_in_vocab_tokens,0.4
clip_6051,SITUATION,SITUATION EAST WORSE DEATH NUMBER INCREASE HOUR PAST DEATH INCLUDE,the humanitarian situation in eastern DC is worsening with a number of deaths reportedly skyrocketing in the past 24 hours the fatalities include 13 South,signer_YN,10.0,draft_in_vocab_tokens,0.4
clip_6052,UNDER,UNDER KILL FIGHT HEAVY VERSUS MISSION,13 South African peacekeepers under the southern Africa development Community who were killed during a heavy confrontation between the M23 Rebels against armed forces of the D C and sadc Mission,signer_YN,10.0,draft_in_vocab_tokens,0.4
clip_6053,MISSION,MISSION DEATH CONFIRM,Mission in the Democratic Republic of the Congo South Africa's president Cyril Ramaphosa while confirming the deaths stated,signer_YN,10.0,draft_in_vocab_tokens,0.4
clip_6054,FELLOW,FELLOW FIGHT EAST INCREASE RECENT LOSE MISSION PEACE,stated in a quote fellow South Africans following the recent intensification of the fighting in the Eastern DC South Africa has lost 13 brave soldiers who are dedicated to their mission and committed to peace,signer_YN,10.0,draft_in_vocab_tokens,0.4
clip_6055,PEACE,PEACE FIGHT RESULT GROUP PLUS FORCE ENGAGE ATTACK,to peace the fighting is the result of an escalation by the rebel group M23 and Rwanda Defense Force rdf militia engaging the Armed Forces of the DRC and attacking,signer_YN,10.0,draft_in_vocab_tokens,0.4
clip_6056,ATTACK,ATTACK MISSION,and attacking peacekeepers from the sadc mission in Congo on behalf of the government and the people of our country I express our sincerest condolences to their families their,signer_YN,10.0,draft_in_vocab_tokens,0.4
clip_6057,LOVE,LOVE HEAD FIGHT PEACE FOR,their beloved ones and colleagues we bow our heads in honor of the heroic and Gallant fight for peace,signer_YN,10.0,draft_in_vocab_tokens,0.4
clip_6058,CONFLICT,CONFLICT INCREASE SECURITY THINK ATTACK STOP,as the conflict escalates acting US ambassador to the UN D urged the United National Security Council to consider measures to Halt an offensive by ran troops,signer_YN,10.0,draft_in_vocab_tokens,0.4
clip_6059,FORCE,FORCE EAST INCLUDE PUT,by ran troops and M23 Rebel forces in eastern DC including imposing sanctions set ol Citizen TV,signer_YN,10.0,draft_in_vocab_tokens,0.4
clip_6060,SOME,SOME NEWS AGENCY AGAIN,some of that footage is courtesy of bird news agency thanks so much for that we appreciate that all right back home again and the independent policing oversight Authority,signer_YN,10.0,draft_in_vocab_tokens,0.4
clip_6061,ABDUCT,ABDUCT INVESTIGATE BELIEVE UNIT,oversight Authority the IPOA now says it lacks the capacity to investigate cases of abductions in the country which are widely believed to be carried out by police units IPOA chairperson Ahmed Issack Hassan,signer_YN,10.0,draft_in_vocab_tokens,0.4
clip_6062,EXPLAIN,EXPLAIN CHIEF ABDUCT REFUSE THEREFORE INVESTIGATE CANNOT,Hassen explained that the inspector general of police has denied any police involvement in abduction and I po cannot therefore launch investigations get more from,signer_YN,10.0,draft_in_vocab_tokens,0.4
clip_6063,ABDUCT,ABDUCT RECENT BEHIND WHO DISAPPEAR FORCE DEEP,very the mystery surrounding the recent wave of abductions particularly who is behind the enforced disappearances continues to deepen the independent policing oversight Authority,signer_YN,10.0,draft_in_vocab_tokens,0.4
clip_6064,ABDUCT,ABDUCT INVESTIGATE PUBLIC BLAME MOST SELF ABDUCT COME,oversight Authority IPOA has stated that it lacks the mandate to investigate the abductions largely blamed on the police by members of the public IPOA arguing that the police have distanced themselves from the abductions the IG came out and said you know,signer_YN,10.0,draft_in_vocab_tokens,0.4
clip_6065,OFFICER,OFFICER ACT PARLIAMENT OFFICER INVESTIGATE,out and said you know they not our officers and you see I is an act of is work in act Parliament and we investigate misconduct by police officers now way you have got people,signer_YN,10.0,draft_in_vocab_tokens,0.4
clip_6066,THEN,THEN TAKE PLACE DIFFERENT THINK,people who are in hoods uh with fake number plates uh who are bling people uh and then they take them not to a police station but to a different uh I think,signer_YN,10.0,draft_in_vocab_tokens,0.4
clip_6067,THINK,THINK ISSUE INVESTIGATE ABDUCT SINCE AUTHORITY FIND TRY,I think uh these are issues that even the police must must investigate however I po chief executive officer halake noted that since the abductions began the authority has attempted to establish the possible link,signer_YN,10.0,draft_in_vocab_tokens,0.4
clip_6068,DISAPPEAR,DISAPPEAR BETWEEN AUTHORITY POSITION INVESTIGATION CANNOT,possible link between the police and these disappearances the position of the authori is that um we have an ongoing investigation which at this point we can't be able to say the police are involved or the police are not involved the,signer_YN,10.0,draft_in_vocab_tokens,0.4
clip_6069,INVESTIGATION,INVESTIGATION KNOW ISSUE COURT COURT GO FINISH EARLY INVESTIGATION,the investigations are ongoing as you are aware this is a matter which is also being conversed in in court and we have already clearly went even to court and presented the preliminary findings from our investigations,signer_YN,10.0,draft_in_vocab_tokens,0.4
clip_6070,INVESTIGATION,INVESTIGATION,our investigations we as I we,signer_YN,10.0,draft_in_vocab_tokens,0.4
clip_6071,MEDIA,MEDIA SEND,we saw the the reports in the media we we sent our stuff to,signer_YN,10.0,draft_in_vocab_tokens,0.4
clip_6072,YES,YES ABDUCT PLACE RETURN AUTHORITY ISSUE COURT,stuff to Nairobi and IMU yeah anduru where they were reported abs and uh when they came back here they said we have a report that police were The Authority emphasized that the matter is now before the courts,signer_YN,10.0,draft_in_vocab_tokens,0.4
clip_6073,COURT,COURT LAW CLEAR UNTIL POSITION ABDUCT BEHIND WHO ON,courts limiting its ability to comment further until the legal process provides Clarity all the police change their position on who is behind the abductions we have been making follow-ups we have been on it we have been,signer_YN,10.0,draft_in_vocab_tokens,0.4
clip_6074,INVESTIGATE,INVESTIGATE,we have been investigating these remarks were made during,signer_YN,10.0,draft_in_vocab_tokens,0.4
clip_6075,OFFICE,OFFICE VISIT,were made during a press briefing in meu where IPOA Commissioners were visiting their Regional Offices,signer_YN,10.0,draft_in_vocab_tokens,0.4
clip_6076,OFFICE,OFFICE OFFICIAL PROBLEM INCLUDE SHORT NEED OFTEN OFFICER BLOCK,Offices it is here where IPOA officials also highlighted the challenges they face including a shortage of personnel needed to fulfill their mandate and resistance from the police who often obstruct IPOA officers,signer_YN,10.0,draft_in_vocab_tokens,0.4
clip_6077,OFFICER,OFFICER INVESTIGATE TRY MUCH,officers when they attempt to conduct disciplinary investigations at police stations Ben kir citizen TV Nairobi all right Ben thanks so much for that now at the same time the Garissa,signer_YN,10.0,draft_in_vocab_tokens,0.4
clip_6078,COURT,COURT HIGH CENSUS RESULT DATA COLLECT WRONG,the Garissa high court has declared the 2019 census results for Garissa wajir and mandera counties to be null and AV void citing major irregularity ities in the data collection process,signer_YN,10.0,draft_in_vocab_tokens,0.4
clip_6079,JUDGE,JUDGE CRITICISE CENSUS MEET FAIL POPULATION NUMBER WRONG AFFECT,process Justice John oneno criticized the Kenya National Bureau of Statistics for failing to meet basic standards during the census leading to inaccurate population figures for the affected counties,signer_YN,10.0,draft_in_vocab_tokens,0.4
clip_6080,AFFECT,AFFECT CENSUS RESULT ANNOUNCE GO,affected counties Melita oenis has more immediately after the 2019 sensus results were announced residents of wajir Garissa and mandera took to the street,signer_YN,10.0,draft_in_vocab_tokens,0.4
clip_6081,PROTEST,PROTEST LESS CENSUS COMPARE COURT DECISION WORRY CONFIRM TOGETHER FILE,took to the street in protest claiming the Kenya National Bureau of Statistics had undercounted them compared to the 2009 censors now a Court ruling has validated their concerns a Consolidated petition filed by,signer_YN,10.0,draft_in_vocab_tokens,0.4
clip_6082,FILE,FILE TREASURY OFFICE COMPARE,filed by 25 petitioners challenged the KNBS the treasury the commission on Revenue allocation the IEBC and the Office of the Attorney General the petition argued that comparing the 2009,signer_YN,10.0,draft_in_vocab_tokens,0.4
clip_6083,CENSUS,CENSUS DATA COMPARE POPULATION NUMBER CONSTITUENCY ACROSS CONSTITUENCY MOST POPULATION QUESTION SERIOUS,2009 and 2019 Census Data exposed glaring discrepancy in population numbers across constituencies most constituencies in northeastern Kenya recorded a drop in population from 2009 raising serious,signer_YN,10.0,draft_in_vocab_tokens,0.4
clip_6084,QUESTION,QUESTION SERIOUS CENSUS,"raising serious questions about the accuracy of the 2019 sensus more than 70,000 people in one way or the other consc there was no Calamity",signer_YN,10.0,draft_in_vocab_tokens,0.4
clip_6085,DISEASE,DISEASE MASS CONSTITUENCY KNOW THEREFORE HOW,Calamity there was no endemic there was no Mass migration from of the constituency as far as we know so we are wondering how in,signer_YN,10.0,draft_in_vocab_tokens,0.4
clip_6086,POPULATION,POPULATION REDUCE COURT NUMBER POPULATION TRUE GROUND,"in 10 years population can decrease from 124,000 to 50,000 the petition has convinced the court that the K&B figures did not reflect the true population on the ground",signer_YN,10.0,draft_in_vocab_tokens,0.4
clip_6087,GROUND,GROUND LEADER LOCAL WARN REGION MOVE OFTEN CENSUS RESULT SPOIL MAYBE MOVE CARE,the ground local leaders had previously warned that the pist nature of the region where people frequently move could skew sensors results P will be mov how have you taken care of that,signer_YN,10.0,draft_in_vocab_tokens,0.4
clip_6088,CAN,CAN CENSUS FULL ISSUE FINISH SURE DECISION BODY BLOCK,that in order to be able to say we've carried out comprehensive sensus just a strategy in order to make sure that these exhaustive issues are done the ruling bars all constitutional,signer_YN,10.0,draft_in_vocab_tokens,0.4
clip_6089,BODY,BODY CENSUS DATA DISPUTE USE PURPOSE OFFICIAL INCLUDE RESOURCE SHARE ELECTION RESOURCE SHARE EQUAL CENSUS,all constitutional bodies from using the disputed sensors data for official purposes including resource allocation electoral boundaries and equitable distribution of resources a new census must be conducted within a in Garissa wajir,signer_YN,10.0,draft_in_vocab_tokens,0.4
clip_6090,UNTIL,UNTIL CENSUS DATA USE RETURN WILL OFFICIAL REGION DECISION RESPONSIBILITY HEAVY PUT,wajir and Manda counties until then the government will revert to using the 2009 census data for all official functions in these regions the ruling places a heavy responsibility on KNBS to,signer_YN,10.0,draft_in_vocab_tokens,0.4
clip_6091,CENSUS,CENSUS ORGANISE WATCH SET INSIDE MUCH DEPUTY,to organize and oversee a new sensors within the set timeline Mita olz Citizen TV all right allz thanks so much for that now Deputy president Professor Kithure Kindiki has told off his,signer_YN,10.0,draft_in_vocab_tokens,0.4
clip_6092,GROUP,GROUP POLITICS LEAD TERM SECOND,told off his predecessor r AA over his remarks that he will lead a political outfit to deny President William Ruto the second term to the presidency Kiki termed Gaga's sentiments as baseless,signer_YN,10.0,draft_in_vocab_tokens,0.4
clip_6093,DEPUTY,DEPUTY ACCEPT ATTACK,baseless and called on the former deputy president to accept his fate and move on let's get more from own Steven L in skating attacks directed,signer_YN,10.0,draft_in_vocab_tokens,0.4
clip_6094,DEPUTY,DEPUTY ANGRY PARTY OPPOSITION UNITE TERM MAKE,directed to his predecessor G gagua Deputy president Professor K Kiki angered by remarks met by gagua that opposition parties are uniting to make President William rout one time president went all,signer_YN,10.0,draft_in_vocab_tokens,0.4
clip_6095,JOB,JOB SURE MAKE,be our job is to make sure,signer_YN,10.0,draft_in_vocab_tokens,0.4
clip_6096,TERM,TERM YOUR THAT ACHIEVE MUCH ACCUSE,William R is a one time president that is your objective here two just that and you will have achieved a lot told of gag accusing him of doing,signer_YN,10.0,draft_in_vocab_tokens,0.4
clip_6097,ACCUSE,ACCUSE DEPUTY OFFICE TODAY US TERM MAKE HOW,him of doing nothing during his time as Deputy president there was somebody in this office today is not here now he's giving us ultimatum from funerals how he will make William r a one time president as if that is an achievement,signer_YN,10.0,draft_in_vocab_tokens,0.4
clip_6098,TERM,TERM SERVE GOD OFFICE USE BRING,achievement William ruto's objective is not to Ser for two times it is to use the time that God will give him in office to bring,signer_YN,10.0,draft_in_vocab_tokens,0.4
clip_6099,PROGRAMME,PROGRAMME AREA THREE THEN LEAVE RECENT BUILD EFFORT INCREASE REACH,transformative programs in in one two three areas and then leave Gaga has in the recent days escalated his Coalition building efforts reaching out to azimo,signer_YN,10.0,draft_in_vocab_tokens,0.4
clip_6100,LEADER,LEADER SERVE TODAY OFFICE,to azimo leaders but Kiki says his escapades outside government will not deter the president from serving Kenyans today is the 89th day in office I am working as if,signer_YN,10.0,draft_in_vocab_tokens,0.4
clip_6101,LIKE,LIKE THAT LIVE GOD MINISTER LAND HOUSE,this is it that's how I'm working because you don't know we live and work by the grace of God lands and housing cabinet secretary Alice Wahome,signer_YN,10.0,draft_in_vocab_tokens,0.4
clip_6102,DEPUTY,DEPUTY ATTACK ESPECIALLY HOUSE PROJECT CRITICISE SAD VERY DEPUTY,secretary Alice Wahome also mounted attacks on the former deputy president especially on his criticism of the affordable housing project the other day I was very saddened by former deputy,signer_YN,10.0,draft_in_vocab_tokens,0.4
clip_6103,STATEMENT,STATEMENT TEAM PART,deputy president statements he has forgotten that he was part of the team he has forgotten that he has launched,signer_YN,10.0,draft_in_vocab_tokens,0.4
clip_6104,PROJECT,PROJECT SOME SELF OR TOGETHER CHAMPION EYE CLOSE,launched some of these projects himself alone or joint with his Excellency the president and he was our champion were his eyes closed that time,signer_YN,10.0,draft_in_vocab_tokens,0.4
clip_6105,THAT,THAT CAREFUL MINISTER LAND PUBLIC AGAINST WAY PROJECT KILL,that time let us be CED and honest the land cabinet secretary claims that Gaga is misleading Kenyans and inciting the public against the government and there is no way we are going to kill projects because of one single person out of,signer_YN,10.0,draft_in_vocab_tokens,0.4
clip_6106,QUESTION,QUESTION MY LOSE THINK DEVELOP ENGAGE,out of of question my dear brother you're are now losing it I think engage towards development,signer_YN,10.0,draft_in_vocab_tokens,0.4
clip_6107,PLAN,PLAN BETTER IF TELL LIFE IMPROVE HOW LIVE COST THEN SERIOUS TAKE,towards better planning if you have tell Kenyans how you will improve their Lifestyles their living conditions their cost of food then they will take you seriously,signer_YN,10.0,draft_in_vocab_tokens,0.4
clip_6108,SERIOUS,SERIOUS TAKE MUCH NEWS LOCAL SCHEME ANGRY,take you seriously Sten L Citizen TV all right lato thanks so much for that uh in other news I rate residents of South narama ranching scheme,signer_YN,10.0,draft_in_vocab_tokens,0.4
clip_6109,SCHEME,SCHEME EAST KILL ACCUSE MEMBER HOUSE SEVEN AREA,scheme in Mwea East in Kirinyaga County hacked to death one person on allegations of being a member of the outlawed Miki sect and set seven semi-permanent houses on fire in the area,signer_YN,10.0,draft_in_vocab_tokens,0.4
clip_6110,AREA,AREA BELONG MEMBER LAND TAKE ACCUSE REPORTER,in the area claiming they belong to more than 30 members of the sect who allegedly extorting money and taking over their pieces of land from our very,signer_YN,10.0,draft_in_vocab_tokens,0.4
clip_6111,HOUSE,HOUSE DESTROY ANGER MOST AREA BECOME,own the flame and smoke from this destroyed house is a reflection of the magnitude of South garama residents anger for the better part of Wednesday this area was turned to a battlefield,signer_YN,10.0,draft_in_vocab_tokens,0.4
clip_6112,ANGRY,ANGRY HOUSE SEVEN,enraged residents descending on seven semi-permanent,signer_YN,10.0,draft_in_vocab_tokens,0.4
clip_6113,HOUSE,HOUSE SEVEN SET ANGER LIVE AIM ACCUSE MEMBER PROTEST ACCUSE,seven semi-permanent houses and setting them fire their rage directed at people living here on allegations of being members of the outlawed sect during the deadly protests one person alleged to be a,signer_YN,10.0,draft_in_vocab_tokens,0.4
clip_6114,MEMBER,MEMBER ACCUSE,alleged to be a member of the sect was lynched by,signer_YN,10.0,draft_in_vocab_tokens,0.4
clip_6115,LOCAL,LOCAL LOCAL GROUP,residents residents claim the group had invaded,signer_YN,10.0,draft_in_vocab_tokens,0.4
clip_6116,SCHEME,SCHEME LAND FARMER TAKE,had invaded South Gama settlement scheme extorting money and taking over land from Farmers without a care in the world,signer_YN,10.0,draft_in_vocab_tokens,0.4
clip_6119,OFFICER,OFFICER ANGER,police officers who qued the Wrath of the residents,signer_YN,10.0,draft_in_vocab_tokens,0.4
clip_6120,SECURITY,SECURITY AREA INCREASE SUSPECT MEMBER TRY PREVENT OFFICER SECURITY,the residents have intensified Security in the area to avert any attempts by those suspected to be members of the outlawed sect to Revenge security officers have urged residents,signer_YN,10.0,draft_in_vocab_tokens,0.4
clip_6121,EVENT,EVENT ANY LAW HAND TAKE,have urged residents to report any incidents and to refrain from taking the Law into their,signer_YN,10.0,draft_in_vocab_tokens,0.4
clip_6123,MUCH,MUCH BREAK FIRST TAKE COME BENCH ON,all right jog thanks so much for that on that now we're going to take our first break here in Jeff K live and let you know that coming up on the bench we're still talking to the youth and the way forward we've got Angela Angel,signer_YN,10.0,draft_in_vocab_tokens,0.4
clip_6124,SHE,SHE,Angel budia she's the chair person of the Jubilee Youth League we've got San Basher he's an advocate and also we've got Alena testad he's a policy and a,signer_YN,10.0,draft_in_vocab_tokens,0.4
clip_6125,READY,READY QUESTION THAT YOUR SEND,and a government analyst the youth The Way Forward what do they want how are they mobilizing are they ready for 2027 that is the question get your tweets in at quen anger,signer_YN,10.0,draft_in_vocab_tokens,0.4
clip_6126,HASHTAG,HASHTAG BREAK TAKE RETURN WILL MINUTE PAST,at quen anger Jeff at citizen tvk the hashtag is JK live JK live takes a break we'll be back it is exactly 33 minutes past the,signer_YN,10.0,draft_in_vocab_tokens,0.4
clip_6127,MINUTE,MINUTE PAST WELCOME AGAIN TELEVISION CONSTITUENCY CLOSE,minutes past the hour welcome back to Jeff Kang live here at Cien television now two secondary schools in Lari constituency in Kiambu County have closed due to,signer_YN,10.0,draft_in_vocab_tokens,0.4
clip_6128,CLOSE,CLOSE STUDENT FEW OR CLOSE STUDENT REGISTER FAIL,due to low enrollment on a complete or complete lack of students now one of the schools Ria Forest secondary has been closed after failing to register a single student,signer_YN,10.0,draft_in_vocab_tokens,0.4
clip_6129,STUDENT,STUDENT LOCAL STUDENT FAIL MANAGE BAD NATIONAL RESULT BAD REPORTER,student at the beginning of this year a local say the schools have failed to attract students due to poor management and and poor performance in National exams let's get more from our very own,signer_YN,10.0,draft_in_vocab_tokens,0.4
clip_6130,TERM,TERM FIRST STUDENT FEW OFFICIAL CLOSE STUDENT CLOSE,very own Luc first time kicked off at the beginning of the year kyambogo Secondary School in kjab W experienced law enrollment the school has officially closed due to lack of students it was closed down,signer_YN,10.0,draft_in_vocab_tokens,0.4
clip_6131,CLOSE,CLOSE STUDENT FEW VERY THAT ECONOMY WASTE BECOME THEREFORE CLOSE BUILDING,was closed down because of a very very low enrollment in fact it became an economic run that school therefore we we Clos the school and and we gave the facilities,signer_YN,10.0,draft_in_vocab_tokens,0.4
clip_6132,BUILDING,BUILDING PRIMARY SAME NEAR OFFICIAL CLOSE STUDENT REGISTER SINCE RESULT RELEASE,the facilities to the primary school Sim Ria Forest Secondary School located in the neighboring kinale ward has officially closed after remaining empty with no students registered since the start of the year after the release of the 2024 KCSE,signer_YN,10.0,draft_in_vocab_tokens,0.4
clip_6133,RESULT,RESULT STUDENT THAT CLOSE REGISTER,KCSE results the school had only 150 students left we are closing that school now as we talk this year the school registered zero enrollment the government has,signer_YN,10.0,draft_in_vocab_tokens,0.4
clip_6134,STUDENT,STUDENT NUMBER SMALL,the government has pointed out the small number of students and,signer_YN,10.0,draft_in_vocab_tokens,0.4
clip_6135,STUDENT,STUDENT REGISTER MANAGE BAD RESULT BAD ALWAYS MAYBE,students and lack of interest in enrolling in these schools may be due to poor management and the school's consistent poor performance in,signer_YN,10.0,draft_in_vocab_tokens,0.4
clip_6136,RESULT,RESULT BAD,poor performance in,signer_YN,10.0,draft_in_vocab_tokens,0.4
clip_6137,NATIONAL,NATIONAL PARENT SOME FORCE MOVE,National some parents have reported that they were forced to move,signer_YN,10.0,draft_in_vocab_tokens,0.4
clip_6138,CHILD,CHILD MOVE FORCE BORDER NEAR STUDENT COME EDUCATION REFUSE,they were forced to move their children because these schools are located near the board of kambu and nyanda counties despite many students coming from Nyandarua County they have been denied educational bursaries because they not resents ofy,signer_YN,10.0,draft_in_vocab_tokens,0.4
clip_6141,CLOSE,CLOSE PROBLEM SERIOUS,the closure of these schools underscores the serious challenges facing,signer_YN,10.0,draft_in_vocab_tokens,0.4
clip_6142,PROBLEM,PROBLEM EDUCATION SYSTEM FACE,challenges facing the education system in the country will luig Citizen TV,signer_YN,10.0,draft_in_vocab_tokens,0.4
clip_6143,STORY,STORY SAD MEMBER,TV sad Side Story the same time members of the lar nyaka salai Farm,signer_YN,10.0,draft_in_vocab_tokens,0.4
clip_6144,BLOCK,BLOCK ACCESS,salai Farm were blocked by police from Gaining access to the controversial,signer_YN,10.0,draft_in_vocab_tokens,0.4
clip_6145,INTELLIGENCE,INTELLIGENCE RECEIVE HAPPEN MAYBE ALLOW IF,"8,000 Acre olai Farm in gilgil the police had received Intel that there would be trouble if they were allowed to proceed and",signer_YN,10.0,draft_in_vocab_tokens,0.4
clip_6146,INSIDE,INSIDE LAND DISPUTE PAST,and conduct the AGM within the farm the land that has been in contention for the last 40,signer_YN,10.0,draft_in_vocab_tokens,0.4
clip_6147,COURT,COURT DECIDE GROUP BELONG,the last 40 years was determined by nakuru Court to belong to the Larry groupi the,signer_YN,10.0,draft_in_vocab_tokens,0.4
clip_6148,MORNING,MORNING MEMBER GROUP HOPE FOUR LAND CAN LAND SHARE SET MEMBER,"morning members of the lareno solai group were hopeful that after four decades they could finally set their eyes on the 8,000 acre piece orai piece of land in Gil Gill setting the stage for the beginning of the land's allotment to his 4,200",signer_YN,10.0,draft_in_vocab_tokens,0.4
clip_6149,MEMBER,MEMBER JOURNEY CUT MIDDLE,members the journey th cut short Midway,signer_YN,10.0,draft_in_vocab_tokens,0.4
clip_6150,MIDDLE,MIDDLE CUT MEMBER CARRY STOP NEAR REACH INTELLIGENCE PLAN ATTACK ARRIVE LAND,short Midway after the 30 buses faing members were stopped just before they could get close to the farm following what the police have since revealed to be intelligence reports of plans to attack them upon arrival by current occupiers of the land,signer_YN,10.0,draft_in_vocab_tokens,0.4
clip_6151,LAND,LAND,land,signer_YN,10.0,draft_in_vocab_tokens,0.4
clip_6152,EVENING,EVENING LOCAL LAND DISPUTE PROMISE,this evening locals occupying the contested land vow to,signer_YN,10.0,draft_in_vocab_tokens,0.4
clip_6153,LAND,LAND PROMISE PEACE PROTECT GROUP OWNER TRUE,land vow to protect the S peace asking government to compensate the group maintaining that they are the Bonafide owners,signer_YN,10.0,draft_in_vocab_tokens,0.4
clip_6154,OWNER,OWNER TRUE,owners,signer_YN,10.0,draft_in_vocab_tokens,0.4
clip_6156,ACCORDING,ACCORDING VISIT PLAN,according to the police the scheduled visit that would have doubled,signer_YN,10.0,draft_in_vocab_tokens,0.4
clip_6157,VISIT,VISIT PLAN MEMBER MEETING BECOME MAYBE INTELLIGENCE ACCORDING PUT DECIDE,would have doubled up as the larak members annual general meeting would have turned ugly going by intelligence reports after analyzing this and putting this into context it was decided that,signer_YN,10.0,draft_in_vocab_tokens,0.4
clip_6158,DECIDE,DECIDE MEETING ENVIRONMENT PEACE ENOUGH MEETING FOR UNTIL EVENT TODAY MEMBER,that the meeting people to until such a time that uh uh uh the environment could be peaceful enough uh for such a meeting following today's incident members of the Lako solai,signer_YN,10.0,draft_in_vocab_tokens,0.4
clip_6159,WARN,WARN JUSTICE SURE COURT FIGHT FOUR,solai Farm now warn the government to ensure that Justice is served having fought in the corridors of justice for four decades kamama mangi Citizen TV all right switching years here thanks C now Sarah wio codo,signer_YN,10.0,draft_in_vocab_tokens,0.4
clip_6160,LATE,LATE KILL CHARGE MURDER WEEK PAST ARREST,codo Widow of the late slain businessman top Cohen has pleaded not guilty to charges of murder now wio was arrested last week after the director of public prosecutions Renson Ingonga,signer_YN,10.0,draft_in_vocab_tokens,0.4
clip_6161,FIND,FIND SHE ANSWER HER MURDER BODY FIND,in gonga reviewed the case and found that she has a case to answer on the murder of her husband now Cohen's lifeless body was found in a septic tank back on September,signer_YN,10.0,draft_in_vocab_tokens,0.4
clip_6162,SUSPECT,SUSPECT LAWYER HER THROUGH COURT SHE RELEASE PROSECUTION REFUSE COURT HEAR,on September the 13th 2019 the suspect through her lawyers once the court to release her on a cash bail which the prosecution has opposed the court will hear the bail application on the third of,signer_YN,10.0,draft_in_vocab_tokens,0.4
clip_6166,OR,OR,pass we do it online just go back or not true all right Switching gears,signer_YN,10.0,draft_in_vocab_tokens,0.4
clip_6181,COURT,COURT HIGH THURSDAY DECIDE OFFICER BABY PROTESTER MURDER ACCUSE TAKE,court will on Thursday rule on whether to whether 10 police officers implicated in the murder of baby Samantha pendo and 39 protesters from kisumu County will take a plea or not the director public,signer_YN,10.0,draft_in_vocab_tokens,0.4
clip_6182,OFFICER,OFFICER NEED INVESTIGATION FILE FIND,director public prosecutions Renson Ingonga sought a further adjournment in the prosecution of the offices citing the need for additional time to review the investigations file and locate the,signer_YN,10.0,draft_in_vocab_tokens,0.4
clip_6183,SUSPECT,SUSPECT FIND OFFICER MISSING LAWYER VICTIM LEAD REFUSE,locate the 11th suspect in the case a missing retired police officer however lawyers representing the victims led by amnesty International and the Law Society of Kenya rejected the dpp's application,signer_YN,10.0,draft_in_vocab_tokens,0.4
clip_6184,PROSECUTION,PROSECUTION ACCUSE DELAY USE LONG MAKE AIM,application for an adjournment accusing the prosecution of using delay tactics aimed at prolonging the,signer_YN,10.0,draft_in_vocab_tokens,0.4
clip_6185,BREAK,BREAK COME BENCH ON,case all right on that note we have another break here on Jeff Kang live at gal reminder coming up on the bench,signer_YN,10.0,draft_in_vocab_tokens,0.4
clip_6186,BENCH,BENCH ABOUT TRUE FUTURE FUTURE SHE,coming up on the bench it's all about the youth that's right they are indeed the f future and the future is now we've got Angel Mia she's a chairperson of the Jubilee Youth League we've,signer_YN,10.0,draft_in_vocab_tokens,0.4
clip_6187,GOVERN,GOVERN,we've got suan Basher Advocate and we've got Alena Tad policy and governance analyst talking about the way forward,signer_YN,10.0,draft_in_vocab_tokens,0.4
clip_6188,FOR,FOR KNOW ANSWER QUESTION SEND,the way forward for the Youth in this country and I know lots of youths or young people out there want to respond and comment and question send them right through at coang as citizen,signer_YN,10.0,draft_in_vocab_tokens,0.4
clip_6189,HASHTAG,HASHTAG BREAK TAKE RETURN WILL BUSINESS NEWS SPORT NEWS NEXT THEN,as citizen if you can the hashtag is JK live JK live takes a break we'll be back Business News sports news up next and then the,signer_YN,10.0,draft_in_vocab_tokens,0.4
clip_6190,BENCH,BENCH WELCOME AGAIN MINUTE PAST WELCOME AGAIN TELEVISION BUSINESS NEWS,bench all right welcome back it is exactly 51 minutes past the hour welcome back to Jeff Kang live here citizen television onto business news,signer_YN,10.0,draft_in_vocab_tokens,0.4
clip_6191,BUSINESS,BUSINESS NEWS AUTHORITY ANNOUNCE PLAN MARKET FULL FERTILISER INDUSTRY,business news and the competition authority of Kenya the CAK has announced plans to conduct a comprehensive Market inquiry into the fertilizer industry let's get more,signer_YN,10.0,draft_in_vocab_tokens,0.4
clip_6192,ACCORDING,ACCORDING IMPORTANT FERTILISER MARKET DEEP LOOK INCLUDE,let's get more from my very own Deno according to the competition authority of Kenya director General David K the inquiry will delve into critical aspects of the fertilizer Market including,signer_YN,10.0,draft_in_vocab_tokens,0.4
clip_6193,INCLUDE,INCLUDE TRADE MARKET COST PRICE,including trade Dynamics Market structure levels of concentration and cost components along the value chain it will also analyze pricing Trends supply chain inefficiencies and possible,signer_YN,10.0,draft_in_vocab_tokens,0.4
clip_6194,ENTER,ENTER BLOCK MAYBE STUDY FIND AIM EXAMPLE PRICE MARKET SPOIL,and possible barriers to entry that may be stifling Fair competition Additionally the study seeks to uncover any anti-competitive practices such as price fixing hoarding or cartel-like behavior that could be distorting the,signer_YN,10.0,draft_in_vocab_tokens,0.4
clip_6195,MARKET,MARKET SPOIL COST FARMER RAISE INCLUDE SURE PARTNER STAKEHOLDER AGRICULTURE SECTOR ACROSS ENGAGE INCLUDE,distorting the market and driving up costs for Farmers to Ure a transparent and inclusive process C in partnership with the EAC will engage stakeholders from across the agricultural sector including importers,signer_YN,10.0,draft_in_vocab_tokens,0.4
clip_6196,FARMER,FARMER GATHER AGRICULTURE TRADE REGION,importers manufacturers Distributors and farmer organizations to gather valuable insights agricultural Commodities account for 65% of the ESC in,signer_YN,10.0,draft_in_vocab_tokens,0.4
clip_6197,REGION,REGION TRADE WEEK PAST STAKEHOLDER AGRICULTURE MEET PROBLEM FARMER SMALL FACE ESPECIALLY SUSTAIN,ESC in regional trade last week agricultural stakeholders in the country met to discuss challenges faced by small holder farmers particularly in sustainably adopting both organic as well as,signer_YN,10.0,draft_in_vocab_tokens,0.4
clip_6198,FERTILISER,FERTILISER CONTRIBUTE ABOUT,fertilizers we contribute about,signer_YN,10.0,draft_in_vocab_tokens,0.4
clip_6199,FERTILISER,FERTILISER USE TOTAL VERY FARMER MILLION REGISTER LOOK ECONOMY FARMER RETURN NEED,2.93% of the total fertilizer consumption in Kenya that is very very low when you're looking at Farmers like 6.5 million registered Farmers it's economics so farmers need to see the return on,signer_YN,10.0,draft_in_vocab_tokens,0.4
clip_6200,INVEST,INVEST RETURN WAY IF RETURN INVEST WILL COST INVEST FIRST,the return on investment and and if they do the right it the right way you will see the uh the return on investment but then there's an initial cost of investment the findings of this year-long inquiry are,signer_YN,10.0,draft_in_vocab_tokens,0.4
clip_6201,ACTION,ACTION EXPECT MARKET FERTILISER AIM FARMER ACCESS SURE PRICE,are expected to offer a road map for policy interventions aimed at promoting a more competitive efficient and fair fertilizer Market ultimately ensuring farmers can access quality inputs at reasonable,signer_YN,10.0,draft_in_vocab_tokens,0.4
clip_6202,PRICE,PRICE FERTILISER MARKET HEAVY ALMOST TOTAL HOPE HELP,at reasonable prices Kenya's fertilizer Market is heavily dominated by inputs which account for nearly 70% of total supplies the competition Authority hopes that the findings from this inquiry will help,signer_YN,10.0,draft_in_vocab_tokens,0.4
clip_6203,HELP,HELP WORRY SOLVE MUCH DEVELOP,will help address all competition concerns detected Denise oeno Citizen TV Nairobi all right Dennis thanks so much for that now innovators developing artificial,signer_YN,10.0,draft_in_vocab_tokens,0.4
clip_6204,SOLUTION,SOLUTION BASE USE RESPONSIBLE STAY SURE EXPERT,artificial intelligence based Solutions have been urged to harness the transformative potential of an a of AI while ensuring responsible and ethical application remains a priority experts,signer_YN,10.0,draft_in_vocab_tokens,0.4
clip_6205,EXPERT,EXPERT INDUSTRY ACCOUNTABLE KEEP IMPORTANT IMPACT DRIVE,experts emphasize that while AI is revolutionizing Industries at an unprecedented Pace it is crucial for developers to maintain accountability to drive positive societal impact,signer_YN,10.0,draft_in_vocab_tokens,0.4
clip_6206,IMPACT,IMPACT CHARGE BASE FIRST FUTURE LEADER COMPANY TECHNOLOGY,impact let's get more from Aon Jim BOGO and we charge on a pample basis a recurring theme at the inaugural AI Kenya conference was the future of work AI leaders debating whether companies should adopt technologies,signer_YN,10.0,draft_in_vocab_tokens,0.4
clip_6207,TECHNOLOGY,TECHNOLOGY HUMAN REPLACE OR IMPROVE ADD EXPERT INDUSTRY ACCORDING JOB CREATE REMOVE SECTOR LEADER SOLUTION SUPPORT,should adopt technologies that replace human labor or those that enhance and augment it according to Industry experts AI driven Innovations must create more jobs rather than eliminate them additionally sector leaders advocated for AI solution,signer_YN,10.0,draft_in_vocab_tokens,0.4
clip_6208,SOLUTION,SOLUTION JOB CHANCE EXPAND IMPACT WIDE END THINK THEREFORE BUILD WHAT RESPONSIBILITY BUILD THAT,for AI solution that not only expand job opportunities but also consider their broader impact on the end user so whatever we build we must build with great responsibility because that is,signer_YN,10.0,draft_in_vocab_tokens,0.4
clip_6209,THING,THING HOW THEREFORE THINK EXPERIENCE WHAT,that is the nature of um this is how things are right now so think about the outcomes what sort of experience do you want and then also what sort of effect does,signer_YN,10.0,draft_in_vocab_tokens,0.4
clip_6210,USE,USE ON IMPROVE SOLUTION DEVELOP SURE DATA USE GOOD,does this tool or tools um have on uh the person who's using it to enhance scalability and ensure AI solution developed in Kenya are commercially viable innovators have been encouraged to leverage on data effectively to,signer_YN,10.0,draft_in_vocab_tokens,0.4
clip_6211,END,END COMPANY WORKER IMPROVE STAY SURE ECONOMY INSIDE AGRICULTURE SECTOR AREA,to understand their end uses companies have also been urged to upskill their Workforce to ensure that employees can adapt and remain competitive in an AI driven economy the agriculture sector has been highlighted as an area with,signer_YN,10.0,draft_in_vocab_tokens,0.4
clip_6212,AREA,AREA SOLUTION FOR THEREFORE COMPANY SET UNIT ECONOMY PAY EACH SURE,as an area with immense potential for AI bestas Solutions so as an entrepreneur when you're setting up your company one pay attention to the unit economics and for each of us to make sure that we are incentivizing those entrepreneurs so that they don't,signer_YN,10.0,draft_in_vocab_tokens,0.4
clip_6213,OR,OR FULL DEPEND BUSINESS SUSTAIN THINK AGRICULTURE IMPORTANT MUCH,that they don't have to fully rely on private Equity or outside other sources of funding that it's a sustainable business model I do think that there's a lot of importance in terms of integration of AI into agriculture why is,signer_YN,10.0,draft_in_vocab_tokens,0.4
clip_6214,SYSTEM,SYSTEM CREATE CAN THEN QUICK MEAN FARMER COST SAVE,why is this important if we can create a more efficient system then we would have faster turnaround times and what that means is we're saving Farmers costs,signer_YN,10.0,draft_in_vocab_tokens,0.4
clip_6215,COST,COST FARMER CANNOT PROBLEM MOST AGRICULTURE SOLVE CAN THAT LEADER INDUSTRY,costs farmers who can't generally afford the requirements that they have and we could solve the biggest problem in agriculture which is yield production industry leaders have also called,signer_YN,10.0,draft_in_vocab_tokens,0.4
clip_6216,TECHNOLOGY,TECHNOLOGY INVEST GROW BLOCK MUCH ENTERTAIN MEDIA INDUSTRY,have also called for Tech friendly policies that encourage Innovation and investment in AI rather than stifling growth Jimmy boo Citizen TV Nairobi all right Jimmy thanks so much for that now Kenya's entertainment and media industry,signer_YN,10.0,draft_in_vocab_tokens,0.4
clip_6217,MEDIA,MEDIA INDUSTRY GROW READY AFRICA ENTERTAIN MEDIA ACCORDING,media industry is poised for growth according to the latest Africa entertainment and media Outlook report by,signer_YN,10.0,draft_in_vocab_tokens,0.4
clip_6218,SECTOR,SECTOR GROW BILLION UNTIL OR ABOUT,by audit firm PricewaterhouseCoopers now the report is projecting that the sector is to grow at up to 4.8 billion usar or roughly 620,signer_YN,10.0,draft_in_vocab_tokens,0.4
clip_6219,BILLION,BILLION UNTIL GROW POPULATION YOUNG INCREASE IMPROVE,620 billion Shillings by 2028 the report attributes The Surge to a young population Rising smartphone penetration and improved internet,signer_YN,10.0,draft_in_vocab_tokens,0.4
clip_6220,ACCESS,ACCESS SECTOR YEAR-2023 GROW GLOBAL PASS GROW DRIVE,internet access the sector grew by 5.8% in 20 2023 surpassing the 5% global average with Internet advertising driving this,signer_YN,10.0,draft_in_vocab_tokens,0.4
clip_6221,GROW,GROW,this growth,signer_YN,10.0,draft_in_vocab_tokens,0.4
clip_6222,BUSINESS,BUSINESS SPORT,right from business to sports and,signer_YN,10.0,draft_in_vocab_tokens,0.4
clip_6223,PLUS,PLUS AFRICA EAST FINISH STAKEHOLDER KEY LEAD EXAMPLE,and the national Olympic Committee of Kenya and East Africa gender conference concluded in Nairobi after two days of deliberations day two had discussions led by key women stakeholders such as gender commissioner CEO in Gainer athlete,signer_YN,10.0,draft_in_vocab_tokens,0.4
clip_6224,PEACE,PEACE PLUS MARKET LISTEN LIKE FELLOW LEADERSHIP MEET,athlete and p peace Ambassador Tegla Loroupe and brand and marketing strategist Zahid Suleman take a listen I like that I got to interact with fellow women in leadership in both,signer_YN,10.0,draft_in_vocab_tokens,0.4
clip_6225,BOTH,BOTH THING SAME THROUGH GO SMALL MAYBE PROBLEM SAME FACE STRUGGLE SAME ALWAYS,in both elective posts and administrative posts um to imagine that we are all going more or less through the same things maybe in smaller capacities and um to imagine that we are facing the same challenges and uh battling the same kind of uphills all the time,signer_YN,10.0,draft_in_vocab_tokens,0.4
clip_6226,ALWAYS,ALWAYS WIN TRY THEREFORE STRONG VERY LEAVE STRONG FEEL TOGETHER KEEP ACHIEVE CAN FEEL,all the time and this agenda and patriar battle that we're trying to win so I'm very emboldened I live here feeling stronger and feeling like there's a lot more we can keep achieving if we keep together all right from uh Athletics,signer_YN,10.0,draft_in_vocab_tokens,0.4
clip_6227,TOP,TOP HOPE GOOD LEG SECOND IMPORTANT,Athletics to football an fkf Premier League top scorer Ryan ogam is hoping for good tidings as the second leg of the league kicks off this weekend oam has been instrumental,signer_YN,10.0,draft_in_vocab_tokens,0.4
clip_6228,FOR,FOR GOAL TOTAL GOAL SEASON TARGET SEASON FIRST TOP GOAL,has been instrumental for tuska FC scoring 15 goals half of tuska's tally of 31 goals this season 'am says his Target in his first season in the top flight was 10 goals but having been surprised that he is hungry,signer_YN,10.0,draft_in_vocab_tokens,0.4
clip_6229,ESPECIALLY,ESPECIALLY TEAM NATIONAL JOIN PLACE GOOD,he is hungry for more especially after joining the national football team harambe Stars his coach Charles oer says they are a at a good place joint,signer_YN,10.0,draft_in_vocab_tokens,0.4
clip_6230,TOP,TOP SEASON THROUGH GROUP,joint top of the league halfway through the season now a group of Kenyan bikers,signer_YN,10.0,draft_in_vocab_tokens,0.4
clip_6231,TOUR,TOUR AFRICA THREE JOURNEY,bikers are on a tour around Africa having set off from Nairobi on the 19th of January in 10 days they have crossed three countries Tanzania Malawi Zambia the journey,signer_YN,10.0,draft_in_vocab_tokens,0.4
clip_6232,JOURNEY,JOURNEY THEN,the journey from Nairobi has taken them to Mombasa Tanga iringa and MATA in Tanzania then inata Nkhata Bay and Lilongwe,signer_YN,10.0,draft_in_vocab_tokens,0.4
clip_6233,THEN,THEN THROUGH THROUGH PASS THURSDAY THEN HEAD,Lilongwe in Malawi then then crossed into Zambia through chipata and rested at Livingston having passed through Lusaka on Thursday they cross over to Zimbabwe then head to Botswana,signer_YN,10.0,draft_in_vocab_tokens,0.4
clip_6234,KILOMETRE,KILOMETRE,"to Botswana so far they have covered a 3,749 km",signer_YN,10.0,draft_in_vocab_tokens,0.4
clip_7000,CHIEF,CHIEF SUSPECT ABDUCT CRIMINAL HEAR TOUR,Chiefs who were abducted by suspected al-shabab militia on Monday in mandera saying the country will not cede an inch to criminals as you'll hear now from Emmanuel to the president who began his tour of,signer_JS,10.0,draft_in_vocab_tokens,0.4
clip_7001,TOUR,TOUR REGION TODAY DEPUTY ATTACK DIVIDE LINE FAIL,his tour of the northeastern region today tore into his former deputy gwa for quote dividing the country along pay slip lines after failing to do so along,signer_JS,10.0,draft_in_vocab_tokens,0.4
clip_7002,FOUR,FOUR TOUR REGION KILOMETRE FEW PLACE SUSPECT,ones he's four day working to of the northeastern region began a few kilometers from the location where suspected al-shabab militants are said to have,signer_JS,10.0,draft_in_vocab_tokens,0.4
clip_7003,CAR,CAR CHIEF FIVE CARRY STOP OFFICIAL TRAVEL GROUND PREPARE VISIT FOR SECURITY,are said to have intercepted a vehicle fairing five Chiefs who are on official Duty traveling to a town in County to prepare the ground for his visit President William Ruto saying government security,signer_JS,10.0,draft_in_vocab_tokens,0.4
clip_7004,AGENCY,AGENCY SECURITY LEAD HARD CHIEF RETURN,government security agencies led by the Kenya Defense Forces are currently in Hot Pursuit Of The militants and to return the Chiefs back,signer_JS,10.0,draft_in_vocab_tokens,0.4
clip_7006,NORTH,NORTH ATTACK REDUCE MUCH UNTIL,of Manda how aief Nani we have significantly downgraded the ability of the an shabab to unleash violence to the people of Northern Kenya and we will not stop at anything until we,signer_JS,10.0,draft_in_vocab_tokens,0.4
clip_7007,UNTIL,UNTIL SURE NORTH SAFE PART SAME PROMISE GROUP DESTROY REGION TERROR RULE,until we make sure Northern Kenya is safe like any other part of the Republic of Kenya the president vowing to decimate the militia Group which has been reigning Terror in the region,signer_JS,10.0,draft_in_vocab_tokens,0.4
clip_7008,REGION,REGION,in the region,signer_JS,10.0,draft_in_vocab_tokens,0.4
clip_7010,CRIMINAL,CRIMINAL CHAOS,and we are not going to cede an inch over our country to criminals and those who want to unleash Mayhem in our Republic we will go after them we will deal,signer_JS,10.0,draft_in_vocab_tokens,0.4
clip_7011,HANDLE,HANDLE REMOVE HEAD STATE GUN DEPUTY AIM ACCUSE PLUS JOB FORMAL BETWEEN DIVIDE,we will deal with them and we will eliminate them the head of state training his gun on the former deputy president R gagua accusing him of driving a wedge between the working class and those yet to secure formal,signer_JS,10.0,draft_in_vocab_tokens,0.4
clip_7012,PLAN,PLAN,empy they have no plan they have no,signer_JS,10.0,draft_in_vocab_tokens,0.4
clip_7013,LEADER,LEADER ROAD BUILD HOSPITAL BUILD ENOUGH GOOD,they have no agenda they have no ideas they are leaderless the roads that we are building the hospitals that we are building building the electricity we are connecting is not good enough,signer_JS,10.0,draft_in_vocab_tokens,0.4
clip_7014,ENOUGH,ENOUGH GOOD PEACE UNITY LIVE PROMISE END NORTH FORCE RECEIVE,good enough unless the people of Kenya live in peace and unity the President also promising to end vetting for residents of the northern Frontier counties who have been undergoing mandatory vetting to receive their national identity,signer_JS,10.0,draft_in_vocab_tokens,0.4
clip_7015,NATIONAL,NATIONAL SAME REGION BRING PROMISE INCLUDE ROAD KILOMETRE BUILD,national identity cards and as he did in other counties during his trips president Ruto came carrying a bag of goodies for the region pledging among other things the construction of a 740 km Isiolo-Mandera,signer_JS,10.0,draft_in_vocab_tokens,0.4
clip_7016,ROAD,ROAD BILLION MARKET SIX BILLION EXPECT,Isiolo-Mandera Road 1.8 billion Shillings for six markets and 2.6 billion Shillings for electrification in mandera County the count is expected to be connected to the grid from Ethiopia Emanuel to Citizen,signer_JS,10.0,draft_in_vocab_tokens,0.4
clip_7017,DEPUTY,DEPUTY BILLION HIM POSITION SPEAK,TV former deputy president R gagua now claims that President William Ruto offered him two billion Shillings to resign from his position speaking,signer_JS,10.0,draft_in_vocab_tokens,0.4
clip_7018,SPEAK,SPEAK RADIO DIRECT MAKE REFUSE,speaking during an interview with royal Media Services vernacular radio stations mmbe vuka and Sul Gaga claimed without offering proof that the president made the direct offer which he says he turned down Steven,signer_JS,10.0,draft_in_vocab_tokens,0.4
clip_7019,DETAIL,DETAIL BILLION FOR,Steven L has the details two billion Shillings was allegedly offered to get him to resign,signer_JS,10.0,draft_in_vocab_tokens,0.4
clip_7020,REFUSE,REFUSE,now claims saying he rejected the,signer_JS,10.0,draft_in_vocab_tokens,0.4
clip_7021,REFUSE,REFUSE,claims saying he rejected the,signer_JS,10.0,draft_in_vocab_tokens,0.4
clip_7022,GROUP,GROUP HIM,offer a section of MPS Ali to him,signer_JS,10.0,draft_in_vocab_tokens,0.4
clip_7023,HIM,HIM PUSH VOTE PARLIAMENT MEMBER SOME EACH RECEIVE GROUP MILLION,"Ali to him pushed him to step down before impeachment vote in Parliament Gaga father alleges that some members of the National Assembly received 500,000 Shillings each and a section of senators 10 million Kenyan shs",signer_JS,10.0,draft_in_vocab_tokens,0.4
clip_7024,EACH,EACH HIM OFFICE REMOVE FOR,Kenyan shs each to remove him from office,signer_JS,10.0,draft_in_vocab_tokens,0.4
clip_7025,OFFICE,OFFICE,office,signer_JS,10.0,draft_in_vocab_tokens,0.4
clip_7026,DEPUTY,DEPUTY GATHER,the former DP now says they are assembling like-minded,signer_JS,10.0,draft_in_vocab_tokens,0.4
clip_7027,PARTY,PARTY TEAM POWER STRONG BUILD,like-minded parties and individuals to mount a formidable power team that will,signer_JS,10.0,draft_in_vocab_tokens,0.4
clip_7028,BUILD,BUILD,that will,signer_JS,10.0,draft_in_vocab_tokens,0.4
clip_7029,CRITICISE,CRITICISE ABDUCT INCREASE,Gaga criticized the government over the increasing cases of abductions Shaga described the current government,signer_JS,10.0,draft_in_vocab_tokens,0.4
clip_7030,PARTY,PARTY OPPOSITION SOME INCLUDE NAME FAIL TEAM INCLUDE SINCE,government which has incorporated some opposition parties into the cabinet in the name of broad-based as a failure claiming that little has changed since this inclusion of the new team Sten,signer_JS,10.0,draft_in_vocab_tokens,0.4
clip_7031,PAST,PAST,Sten L TV over 700 cases of maladministration by the Judiciary have been reported in The Last 5 Years with 60%,signer_JS,10.0,draft_in_vocab_tokens,0.4
clip_7032,SOLVE,SOLVE OFFICE ACCORDING COMPLAINT JUDGE ACCUSE ILLEGAL,60% of those cases yet to be resolved this is according to the office of the Ombudsman the complaints indic implicating magistrates and judges and relate to unlawful conduct bribery,signer_JS,10.0,draft_in_vocab_tokens,0.4
clip_7033,POWER,POWER ABUSE OFFICER GROUP COMPLAINT NUMBER AGAINST,bribery and abuse of power by a section of judicial officers seali with more the number of complaints against the efficiency,signer_JS,10.0,draft_in_vocab_tokens,0.4
clip_7034,PAST,PAST GATHER OFFICE RELEASE,efficiency of the Judiciary stand at 700 having accumulated within the past 5 alone a report released by the office of the Ombudsman reveals that,signer_JS,10.0,draft_in_vocab_tokens,0.4
clip_7035,EQUAL,EQUAL WAIT EQUAL SOLVE FINISH,398 cases representing 57% are pending while 32 representing 43% have been resolved to have the Chief Justice in addition there are,signer_JS,10.0,draft_in_vocab_tokens,0.4
clip_7036,DELAY,DELAY TOTAL BLAME COMPLAINT JUDGE AGAINST,there are a total of 449 delayed cases 91 of them attributed to inefficiency there is a complaint against a judge who upheld a lack of,signer_JS,10.0,draft_in_vocab_tokens,0.4
clip_7037,MILLION,MILLION DECISION SAME FRUSTRATE ISSUE HANDLE,a lack of jurisdiction in a commercial case but proceeded to award a counter claim of 59 million in the same ruling the Ombudsman expressing frustration over the handling of the matter by the Judicial,signer_JS,10.0,draft_in_vocab_tokens,0.4
clip_7038,ISSUE,ISSUE ANSWER POOR VERY,matter by the Judicial Service Commission on 23rd December last year we issued an adversary to the Judiciary asking them to publish this information the response was very flattering,signer_JS,10.0,draft_in_vocab_tokens,0.4
clip_7039,POOR,POOR SEND US,flattering they sent somebody to write to us,signer_JS,10.0,draft_in_vocab_tokens,0.4
clip_7040,US,US THROUGH INSIDE,write to us that one the independent and two they said we address them through social media which is not the case the commission on administrative Justice maintains that it is working within its,signer_JS,10.0,draft_in_vocab_tokens,0.4
clip_7041,WATCH,WATCH COMPLAINT PUBLIC RAISE QUICK SOLVE SURE,within its mandate to put the Judicial Service Commission on check and to ensure the complaints raised by members of the public are resolved quickly Seth ol Citizen TV Nairobi,signer_JS,10.0,draft_in_vocab_tokens,0.4
clip_7042,BUSINESS,BUSINESS WORKER GROW,County 60% of Kenyan businesses do not expect to grow their Workforce in 2025 reflecting a more pessimistic outlook for the Year this according to the latest,signer_JS,10.0,draft_in_vocab_tokens,0.4
clip_7043,BUSINESS,BUSINESS ACCORDING,to the latest Kenya National Chamber of Commerce and Industry business barometer report report,signer_JS,10.0,draft_in_vocab_tokens,0.4
clip_7044,WORRY,WORRY JOB JOB CREATE SLOW MARKET STRUGGLE WORSE MAYBE DETAIL PLUS KEY,concerns about unemployment as slow job creation could further strain an already struggling labor market Dennis oeno has the details of this and other key highlights of the,signer_JS,10.0,draft_in_vocab_tokens,0.4
clip_7045,BUSINESS,BUSINESS BUSINESS ALMOST ACROSS ANSWER GATHER SECTOR PRIVATE,"report in its fourth business barometer report which gathered responses from nearly 2,000 businesses across the country KNCCI highlights a mixed outlook for Kenya's private sector in 2025",signer_JS,10.0,draft_in_vocab_tokens,0.4
clip_7046,SECTOR,SECTOR KEY EXAMPLE HOPE BUSINESS ENVIRONMENT DIFFICULT,with 60% holding back on hiring key sectors such as retail wholesale and Mining show little optimism for hiring citing a challenging business environment,signer_JS,10.0,draft_in_vocab_tokens,0.4
clip_7047,END,END BUSINESS DEDUCTION MATCH MEAN BUSINESS COST INCREASE BUSINESS THEN COST INCREASE WITH,at the end of the day businesses have to match whatever deductions that are being made uh to the employee now this means that the cost of doing business the expenses increase uh for these particular businesses then their ability to hire more people with increased costs you,signer_JS,10.0,draft_in_vocab_tokens,0.4
clip_7048,COST,COST ECONOMY EXPERT WARN BUSINESS EXPAND CAREFUL JOB WORSE MAYBE HOUSEHOLD INCOME ECONOMY ADD,costs you know is is is not economic experts warn that continued caution in business expansion could worsen youth unemployment putting additional pressure on household incomes and economic stability because of,signer_JS,10.0,draft_in_vocab_tokens,0.4
clip_7049,INCOME,INCOME SPEND BUSINESS FACE PAST THAT NUMBER ENTER,because of the shrinking disposable income that has faced the businesses and those individuals uh over the last uh one or two years or so so that has also trickled in into the numbers that we're seeing that,signer_JS,10.0,draft_in_vocab_tokens,0.4
clip_7050,BUSINESS,BUSINESS WORKER EXPAND CANNOT SECTOR MOST CAREFUL STILL,seeing that 65% of the businesses are not able to expand uh their Workforce While most sectors remain cautious about hiring,signer_JS,10.0,draft_in_vocab_tokens,0.4
clip_7051,EDUCATION,EDUCATION SECTOR HOPE MOST WORKER EXPAND WEAK BUSINESS REVENUE GROW SMALL EXPECT,hiring education and energy sectors are the most optimistic about Workforce expansion in 2025 despite weak hiring projections 65% of businesses anticipate modest Revenue growth,signer_JS,10.0,draft_in_vocab_tokens,0.4
clip_7052,REVENUE,REVENUE GROW MOST TECHNOLOGY USE EXPECT MOST HOPE,Revenue growth most of them are expecting to leverage technology um also most of them are seeing uh positivity in terms of the macroeconomics uh we are seeing positive uh changes on the interest rate um on inflation and we hope uh that that will continue throughout the,signer_JS,10.0,draft_in_vocab_tokens,0.4
clip_7053,THROUGH,THROUGH HOPE REDUCE LATE COMPARE BUSINESS OR REVENUE EXPECT HIGH,throughout the year however optimism has declined compared to late 2024 with 24% of businesses expecting stagnation or Revenue declines citing High Cost of Living,signer_JS,10.0,draft_in_vocab_tokens,0.4
clip_7054,ENVIRONMENT,ENVIRONMENT BAD PROBLEM,Cost of Living and an unfavorable regulatory environment as major obstacles policies,signer_JS,10.0,draft_in_vocab_tokens,0.4
clip_7055,FEW,FEW PAST BUSINESS BLOCK MUCH DEDUCTION MEAN HIGH VERY BUSINESS FACE,policies that have been implemented the last couple of years have been quite prohibitive uh onto the businesses and also some of the statutory deductions I mean they have been quite high and which has now led to the businesses uh facing,signer_JS,10.0,draft_in_vocab_tokens,0.4
clip_7056,FACE,FACE INCOME SPEND BUSINESS BUSINESS LEADER IMPORTANT EXPERT,facing lower disposable income as Kenya's business landscape evolves in 2025 the findings from this report provide crucial insights for policy makers and Business Leaders alike experts Recon,signer_JS,10.0,draft_in_vocab_tokens,0.4
clip_7057,EXPERT,EXPERT TAX BURDEN SOLVE SECTOR FULL KEY,experts Recon addressing taxation burden Regulatory inefficiencies and capital constraints will be key in unlocking the full potential of the sector Denis Citizen,signer_JS,10.0,draft_in_vocab_tokens,0.4
clip_7058,LOOK,LOOK HEALTH HOSPITAL SITUATION BAD INVESTIGATE,Citizen TV Nairobi looking sharp Dennis the kirinyaga senator is now asking Senate's health committee to investigate the poor state of health facilities in the county,signer_JS,10.0,draft_in_vocab_tokens,0.4
clip_7059,SITUATION,SITUATION BAD LOCAL LIFE DANGER DETAIL,the county the senator says the County's Health Care facilities are in a poor State endangering the lives of residents Brenda Wanga has the details the,signer_JS,10.0,draft_in_vocab_tokens,0.4
clip_7060,HOSPITAL,HOSPITAL LOOK SITUATION MAYBE AREA COMPLAIN SERVICE BAD CENTRE AREA,appearance of this Hospital in kirinyaga County perhaps an indicator of the State of Affairs residents of this area and the larger County have decried what they say a poor services offered not just here but in many other centers in the county the area senator,signer_JS,10.0,draft_in_vocab_tokens,0.4
clip_7061,SITUATION,SITUATION NEED,the area senator now saying that the healthare situation warrants the Senate's attention,signer_JS,10.0,draft_in_vocab_tokens,0.4
clip_7063,HEALTH,HEALTH VISIT,the senator has now invited Senate's health committee to visit the,signer_JS,10.0,draft_in_vocab_tokens,0.4
clip_7064,HOSPITAL,HOSPITAL VISIT PROBLEM RAISE HOSPITAL UNTIL SPOIL,to visit the Count's Health Facilities Senator took issue with what he says is the rout in health facilities from level one to level five as well as a demotivated and demoralized healthare Workforce,signer_JS,10.0,draft_in_vocab_tokens,0.4
clip_7065,COMPLAINT,COMPLAINT SITUATION LATE SINCE PATIENT COMPLAIN,chemist the complaints about this state of Healthcare in the county have been running from as late last year where patients complained of,signer_JS,10.0,draft_in_vocab_tokens,0.4
clip_7066,COMPLAIN,COMPLAIN ENOUGH HOSPITAL INSIDE MEDICINE SITUATION IMPROVE EACH PATIENT ABOUT,complained of lack of adequate facilities in the hospital as well as lack of medicine and medical supplies the County however says the situation is improving by the day patient capacity right now is uh about 120 B capacity and,signer_JS,10.0,draft_in_vocab_tokens,0.4
clip_7067,WITH,WITH NUMBER CAN SURE PATIENT ABOVE SERVE CAN AREA SERVICE BAD AFFECT,and with the new medical complex we will be able to double that number and there will be assured that they can serve above 200 patients in their impatient Services residents of kimimi area one of the facilities affected by poor,signer_JS,10.0,draft_in_vocab_tokens,0.4
clip_7068,SERVICE,SERVICE BAD PROTEST PLAN MONTH ACT,affected by poor services are set to protest on the 7th of this month to press the county to act Brenda Wanga TV new nssf rates have,signer_JS,10.0,draft_in_vocab_tokens,0.4
clip_7069,MEAN,MEAN YOUR DEDUCTION ACT ACCORDING BOTH EXPECT,rates have kicked in as of February 1st meaning that your February pay slip will reflect new deductions according to the updated nssf act both employers and employees are expected,signer_JS,10.0,draft_in_vocab_tokens,0.4
clip_7070,EXPECT,EXPECT SALARY CONTRIBUTE SET COMPLAIN,"are expected to contribute 6% of the employees gross salary with the new upper limit set at 4,320 despite the backlash from many",signer_JS,10.0,draft_in_vocab_tokens,0.4
clip_7071,TAX,TAX SAVE SYSTEM IMPORTANT WORKER,from many Kenyans cot to Secretary General Francis Atwoli has doubled down saying that nssf is not a tax but a vital savings mechanism for ensuring workers retire with,signer_JS,10.0,draft_in_vocab_tokens,0.4
clip_7073,SALARY,SALARY DEDUCTION INCREASE READY MONTH CONTRIBUTE MINIMUM RISE,salaried Kenyans are bracing for increased deductions on their pay lips as new nssf contribution rates take effect this month the minimum contribution is rising from 420 to,signer_JS,10.0,draft_in_vocab_tokens,0.4
clip_7074,UNTIL,UNTIL INCOME HIGH DEDUCTION EXAMPLE MONTH PAY,"to 480 Shillings while high income earners will see their deductions jump from 2,160 to 4,320 Shillings for instance a Kenan earning 50,000 Shillings monthly will now pay",signer_JS,10.0,draft_in_vocab_tokens,0.4
clip_7075,PAY,PAY FIRST SECOND INCOME INCREASE RISE,"will now pay 480 for the first year and 2 , 520 for the second tier the upper income limit has been increased from 36,000 shillings to 72,000 while the lower limit will rise from 7,000 to 8,000 Shillings",signer_JS,10.0,draft_in_vocab_tokens,0.4
clip_7076,DEDUCTION,DEDUCTION INCREASE ANGER CAUSE,"8,000 Shillings The increased deductions have sparked outrage",signer_JS,10.0,draft_in_vocab_tokens,0.4
clip_7077,ANGER,ANGER COMPLAIN OFFICE TAKE SINCE DEDUCTION,have sparked outrage with many Kenyans complaining about shrinking pay lips since President William Ruto took office from the 2.75% of sh deductions to the 1.5% housing Levy and now this latest,signer_JS,10.0,draft_in_vocab_tokens,0.4
clip_7078,DEDUCTION,DEDUCTION COMPLAIN NEED CALL TAX,now this latest nssf deduction but kotu Secretary General Francis Atwoli has defended the changes calling the backlash a setback to much needed reforms Atwoli says the nssf isn't a tax but a mandatory,signer_JS,10.0,draft_in_vocab_tokens,0.4
clip_7079,SAVE,SAVE SCHEME FORCE WORKER PROTECT STATEMENT PART SAD CRITICISE FINISH OR INCOME,a mandatory saving scheme designed to protect workers in retirement his statement reads in part sadly many of those criticizing nssf are already guaranteed Superior pensions or income,signer_JS,10.0,draft_in_vocab_tokens,0.4
clip_7080,INCOME,INCOME BUSINESS MISSION IMPORTANT FIGHT ADD AFRICA EAST NEIGHBOUR BEHIND CONTRIBUTE,or income from their numerous business ventures at stresses that nsf's mission is vital in combating old age poverty adding that Kenya lags behind its East African Neighbors in Social Security contributions,signer_JS,10.0,draft_in_vocab_tokens,0.4
clip_7081,CONTRIBUTE,CONTRIBUTE TAX BURDEN RISE POLITICS FULL BECOME,contributions pointing to uganda's 15% and tanzania's 20% the debate over Kenya's Rising tax burden has intensified into a full-blown political battle supporters of President Ruto argue that,signer_JS,10.0,draft_in_vocab_tokens,0.4
clip_7082,TAX,TAX NEED DEVELOP NATIONAL FOR OPPOSITION WORKER BURDEN SALARY ALMOST GO,argue that the taxes are necessary for National development while the opposition and many workers and professionals see them as a crippling financial burden with nearly 50% of their salaries now going to the government,signer_JS,10.0,draft_in_vocab_tokens,0.4
clip_7083,SUMMIT,SUMMIT TOGETHER PLUS READY,Mita Oz Citizen TV President William Ruto is set to co-chair a joint Summit of the southern Africa development community SADC and the East African Community in Dar es Salaam,signer_JS,10.0,draft_in_vocab_tokens,0.4
clip_7084,SATURDAY,SATURDAY POINT CONFLICT EAST SOLVE SUMMIT AIM STAKEHOLDER KEY BETWEEN HELP INCLUDE,Dar es Salaam Tanzania on Saturday and the point of that is to address the ongoing conflict in the Eastern Democratic Republic of Congo the summit aims to facilitate dialogue between key stakeholders ERS including drc's,signer_JS,10.0,draft_in_vocab_tokens,0.4
clip_7085,INCLUDE,INCLUDE PLUS CRISIS PEACE SOLVE FIND SITUATION STILL FIGHT,including drc's president Felix Tshisekedi and his Rwandan counterpart Paul Kagame to find a peaceful resolution to the crisis the situation in the DRC remains tense with reports of ongoing fighting and,signer_JS,10.0,draft_in_vocab_tokens,0.4
clip_7086,SITUATION,SITUATION WORSE CONFLICT INCREASE ANSWER EMBASSY TRAVEL ALERT ISSUE LEAVE,and a deteriorating humanitarian situation in response to the escalating conflict the US Embassy in Kinshasa has issued a travel aler advising its citizens to leave the country immediately,signer_JS,10.0,draft_in_vocab_tokens,0.4
clip_7087,SECURITY,SECURITY,due to security,signer_JS,10.0,draft_in_vocab_tokens,0.4
clip_7088,WORRY,WORRY MEETING BETWEEN PLAN SUMMIT TOGETHER PLUS AFRICA EAST,concerns a consultative meeting between President William Ruto and Zimbabwe and president Emmerson Mnangagwa has resulted in plans for a joint Summit of the South African development community SADC and the East,signer_JS,10.0,draft_in_vocab_tokens,0.4
clip_7089,SUMMIT,SUMMIT AIM CONFLICT EAST INCREASE SOLVE CONFIRM,and the East African Community EAC over the weekend in D Salam Tanzania the summit aims to address the escalating conflict in eastern Democratic Republic of Congo RC while confirming the schedule,signer_JS,10.0,draft_in_vocab_tokens,0.4
clip_7090,SUMMIT,SUMMIT HOST AGREE SITUATION EAST STATEMENT ACCORDING,president Ruto stated and I quote president Samia Suluhu Hassan has graciously agreed to host the summit to deliberate on the situation in eastern DRC according to a statement from State House Nairobi,signer_JS,10.0,draft_in_vocab_tokens,0.4
clip_7091,SUMMIT,SUMMIT BOTH WEEK PAST ATTEND CONFIRM WITH,State House Nairobi DRC president Felix shisi who was absent from both the EAC and SADC Summits last week has confirmed his attendance president R also noted that during his discussions with President mang Gaga,signer_JS,10.0,draft_in_vocab_tokens,0.4
clip_7093,SUMMIT,SUMMIT LEAD WITH SUMMIT,Ugandan president Yoweri Museveni and Somali president Hassan Sheikh Mohamud manga as the current SADC chairperson will call lead the summit alongside rut the summit will be,signer_JS,10.0,draft_in_vocab_tokens,0.4
clip_7094,SUMMIT,SUMMIT MEETING MINISTER FRIDAY SATURDAY MEET CONFLICT EAST WEEK SECOND ENTER EMBASSY TRAVEL ISSUE,the summit will be preceded by a ministerial meeting on Friday before heads of state convene on Saturday with the conflict in eastern DRC now entering its second week the US Embassy in Kinshasa has issued a travel advisory,signer_JS,10.0,draft_in_vocab_tokens,0.4
clip_7095,LEAVE,LEAVE ALERT EMBASSY EMBASSY NUMBER REDUCE EMBASSY LEAVE,advisory urging American citizens to leave the country immediately the alert reads and I quote the US Embassy in Kinshasa is further reducing the number of us Personnel working in the embassy the embassy advises US citizens in the DRC to depart,signer_JS,10.0,draft_in_vocab_tokens,0.4
clip_7096,LEAVE,LEAVE WAY EAST ANNOUNCE HELP ALLOW GROUP,to depart immediately via commercial means as tension continues to grip the Eastern Congo M23 Rebels have declared a cease fire to allow for humanitarian intervention the group has also stated that has,signer_JS,10.0,draft_in_vocab_tokens,0.4
clip_7097,PLAN,PLAN TAKE CITY MOST EAST RECENT,that has no plans to seize bukavu the provincial capital of South K following its recent capture of GMA Eastern Congo's largest city Ben kir,signer_JS,10.0,draft_in_vocab_tokens,0.4
clip_7098,THAT,THAT SITUATION US BREAK FIRST LEAD,Ben kir citizen TV Nairobi and that report by Ben Kiri on the situation in the Democratic Republic of the Congo leads us up to our first break on,signer_JS,10.0,draft_in_vocab_tokens,0.4
clip_7099,BREAK,BREAK FIRST TONIGHT TOP TONIGHT TODAY ISSUE,our first break on the explainer tonight but as I mentioned at the very top of the explainer tonight we discuss World cancer day it being World cancer day today will address various issues and on,signer_JS,10.0,draft_in_vocab_tokens,0.4
clip_7100,MY,MY TONIGHT DOCTOR CHAIR CHAIR EXPERIENCE EXPLAIN,and on my panel tonight I have Dr Timothy ol way who is the chair of the N National Cancer Institute of Kenya former chair sha social health authority and also he has had personal experience with cancer he'll explain,signer_JS,10.0,draft_in_vocab_tokens,0.4
clip_7101,EXPLAIN,EXPLAIN AFFECT,cancer he'll explain more his family having been impacted,signer_JS,10.0,draft_in_vocab_tokens,0.4
clip_7102,AFFECT,AFFECT ON NAME HER JOIN CLAIM,been impacted we'll also have with us on the panel a consultant radiation oncologist and her name is Helena Musa and we'll also be joined by the acting director of benefits and claims social health,signer_JS,10.0,draft_in_vocab_tokens,0.4
clip_7103,DOCTOR,DOCTOR SHE QUESTION YOUR SEND,social health authority that is Dr treesa Tracy John she also happens to be a neurosurgeon so please send your questions through at oars at Citizen TV,signer_JS,10.0,draft_in_vocab_tokens,0.4
clip_7104,HASHTAG,HASHTAG SIDE BREAK MISSING,TV Kenya the hash the explainer see you on the other side of this break without a trace Agony for the family of a city hall intern who went missing,signer_JS,10.0,draft_in_vocab_tokens,0.4
clip_7105,MISSING,MISSING WEEK,went missing a week ago,signer_JS,10.0,draft_in_vocab_tokens,0.4
clip_7106,WEEK,WEEK,a week ago,signer_JS,10.0,draft_in_vocab_tokens,0.4
clip_7129,US,US WITH STAY,mile thank you for staying with us on explainer the family of,signer_JS,10.0,draft_in_vocab_tokens,0.4
clip_7130,AGE,AGE SON FIND MISSING ACCORDING,of 19-year-old Elvis munene is pleading with the government to find their son after after he went missing on January the 29th this year according to investigators the Nairobi County's inter Nairobi County,signer_JS,10.0,draft_in_vocab_tokens,0.4
clip_7131,LAST,LAST NEAR,Nairobi County it interns phone was last detected around mimu,signer_JS,10.0,draft_in_vocab_tokens,0.4
clip_7132,NEAR,NEAR BUILDING STORY HIM SEND,around mimu Cooperative building on the 28th this conflicts with the family's account as they spoke to him and sent,signer_JS,10.0,draft_in_vocab_tokens,0.4
clip_7133,HIM,HIM SEND DETAIL FRIEND AGE GATHER,spoke to him and sent him money on the 29th OD Francis has the details family and friends have gathered at the home of 19-year-old Elvis munene,signer_JS,10.0,draft_in_vocab_tokens,0.4
clip_7134,STUDENT,STUDENT LAST,munene a student and intern at the department of Information Technology at Nairobi Hall January 29th was the last day Elvis was seen by his family,signer_JS,10.0,draft_in_vocab_tokens,0.4
clip_7135,NEAR,NEAR,around,signer_JS,10.0,draft_in_vocab_tokens,0.4
clip_7137,BETWEEN,BETWEEN,reports emerged between the investigators at kikui police,signer_JS,10.0,draft_in_vocab_tokens,0.4
clip_7138,MISSING,MISSING PLACE MOMENT LAST MOTHER,at kikui police station where his disappearance was reported and the last moment his mother spoke to,signer_JS,10.0,draft_in_vocab_tokens,0.4
clip_7139,HIM,HIM,to him 29th,signer_JS,10.0,draft_in_vocab_tokens,0.4
clip_7141,THEREFORE,THEREFORE QUESTION RISE GO HOW,28 on a Tuesday so we W more questions arise as to how he went to work without complete documents with all his,signer_JS,10.0,draft_in_vocab_tokens,0.4
clip_7142,LEAVE,LEAVE HIM SEARCH ACCESS,with all his identification left in his room at home after looking for himid Access City h,signer_JS,10.0,draft_in_vocab_tokens,0.4
clip_7143,GO,GO THAT,weent that's,signer_JS,10.0,draft_in_vocab_tokens,0.4
clip_7144,HIM,HIM FIND BRING THROUGH CONFIRM,why to locate him and bring him home back through the attendance log book it was confirmed that Elvis M reported to work on January 29th at 8:05,signer_JS,10.0,draft_in_vocab_tokens,0.4
clip_7145,MORNING,MORNING,at 8:05 a.m. but never returned home so now,signer_JS,10.0,draft_in_vocab_tokens,0.4
clip_7147,HOPE,HOPE HOLD SAFE RETURN,while the family remains hopeful for his safe return,signer_JS,10.0,draft_in_vocab_tokens,0.4
clip_7148,SAFE,SAFE RETURN FIND REASON DISAPPEAR FIND,safe return the task Now lies with investigators to find Elvis and uncover the reasons behind his disappearance OD Francis Citizen TV,signer_JS,10.0,draft_in_vocab_tokens,0.4
clip_7149,HOPE,HOPE SAFE RETURN PARTNER SEARCH,Citizen TV Nairobi hopefully Elvis makes it back home safe and sound the County government of home Bay is now looking for partners,signer_JS,10.0,draft_in_vocab_tokens,0.4
clip_7150,PARTNER,PARTNER FLY CONTROL HELP POPULATION RISE PAST ACCORDING FLY,partners to assist in the control of CES flies whose population has been on a steady rise over the Last 5 Years according to residents of lambwe Valley the flies have been multiplying exponentially,signer_JS,10.0,draft_in_vocab_tokens,0.4
clip_7151,PAST,PAST AREA ACROSS DESTROY GROUP TRAP LOCAL MAKE INCREASE CHANCE STOP,over the last 3 years and are now ravaging through livestock across the area and as Laura Tino reports a group of women have resorted to making local traps with the County government scaling up surveillance to stifle chances of,signer_JS,10.0,draft_in_vocab_tokens,0.4
clip_7152,CHANCE,CHANCE RETURN REGION UNDER,chances of of the return of sleeping sickness which was once emic in region beneath the Ruma Hills in Lambwe Valley homabay County a buzz of bloodthirsty parasites,signer_JS,10.0,draft_in_vocab_tokens,0.4
clip_7153,VILLAGE,VILLAGE CAUSE LOCAL BRING PROTECT FLY FEAR FLY POPULATION,parasites are waking Havoc at Sea Village residents have brought their livestock here for a coat of protection from the dreaded ciss fly a tiny fly whose population had been,signer_JS,10.0,draft_in_vocab_tokens,0.4
clip_7154,PAST,PAST REDUCE PAST FLY INCREASE,had been decimated over the last two decades however over the last 3 years the buz of the fly has been gaining momentum within,signer_JS,10.0,draft_in_vocab_tokens,0.4
clip_7155,INCREASE,INCREASE,been gaining momentum within,signer_JS,10.0,draft_in_vocab_tokens,0.4
clip_7156,EACH,EACH WITH,Valley with every spin of this machine,signer_JS,10.0,draft_in_vocab_tokens,0.4
clip_7157,FLY,FLY FEAR CUT MOST SHE,this machine unisi is determined to clip the wings of the dreaded C with utmost Precision she hems these bright blue pieces of cloth,signer_JS,10.0,draft_in_vocab_tokens,0.4
clip_7158,TRAP,TRAP FLY LOCAL MAKE NAME,cloth this is a locally made fly trap known as thenu,signer_JS,10.0,draft_in_vocab_tokens,0.4
clip_7159,NAME,NAME TRAP BECOME BAG TRAP TOP TRAP FLY,as NGU trap the bright cloth is soon in a conical shape paded with a porous net and a polyan bag attached to the upper part of the Trap the Trap is then sprinkled with cow urine to attract CIF flies and a bottle containing,signer_JS,10.0,draft_in_vocab_tokens,0.4
clip_7160,TRAP,TRAP UNDER PUT SLOW INSIDE FLY COLLECT STUDY FOR,bottle containing acetone placed beneath the trap to slow down evaporation of the cow urine from the trap once inside the flly are suffocated and collected for study by the Kenya C and tripos sasis eradication Council,signer_JS,10.0,draft_in_vocab_tokens,0.4
clip_7161,LOCAL,LOCAL AREA PROTECT,Council the residents however say the demarcation,signer_JS,10.0,draft_in_vocab_tokens,0.4
clip_7162,FLY,FLY CONTROL EFFORT BLOCK,the demarcation of protected areas is stiffling their quest in controlling the Flies for,signer_JS,10.0,draft_in_vocab_tokens,0.4
clip_7163,FOR,FOR,for,signer_JS,10.0,draft_in_vocab_tokens,0.4
clip_7164,CONTRIBUTE,CONTRIBUTE ABOUT,livestock uh contributes to close to,signer_JS,10.0,draft_in_vocab_tokens,0.4
clip_7165,NEED,NEED MUCH VERY THEREFORE SEARCH,close to 20% of the of the GDP in this country the amount we require is so much which is actually beyond the scope of the county that's why we are seeking,signer_JS,10.0,draft_in_vocab_tokens,0.4
clip_7166,SUPPORT,SUPPORT NATIONAL PLUS PARTNER SUPPORT MEDICINE DEVELOP INCLUDE,for the national support as well as the development Partners support scientists on the other hand are also developing simpler regimens for the Cure of sleeping sickness including,signer_JS,10.0,draft_in_vocab_tokens,0.4
clip_7167,INCLUDE,INCLUDE TREAT AFRICA ACROSS LAST,including an oral drug fexinidazole for the treatment of sleeping sickness in 2015 38 countries across Africa reported sleeping sickness while Kenya only recorded the last case,signer_JS,10.0,draft_in_vocab_tokens,0.4
clip_7168,LAST,LAST ALERT HIGH INCREASE FLY POPULATION YES TOGETHER CLOSE,the last case in 2019 the government is operating on high alert scaling up surveillance in 36 counties where cly populations have been reported yeah we working closely with KEMRI and other institutions and we have a channel for,signer_JS,10.0,draft_in_vocab_tokens,0.4
clip_7169,EVENT,EVENT FOR AFRICA EIGHT CLEAR,for communicating such incidences the World Health Organization has cleared eight African countries for,signer_JS,10.0,draft_in_vocab_tokens,0.4
clip_7170,EIGHT,EIGHT REMOVE FINISH RESOURCE EACH HARD USE,countries for having eradicated sleeping sickness as the competition for resources gets more tense with every passing day due to the harsh realities of climate change for women of SE in h Bay they are using what,signer_JS,10.0,draft_in_vocab_tokens,0.4
clip_7171,USE,USE WHAT SAVE HOPE RETURN BLOCK,they are using what they have one teach at a time to not only save their livelihoods for now but hopefully put a clog on the possible return of sleeping sickness in the cnic Lambwe Valley lauro,signer_JS,10.0,draft_in_vocab_tokens,0.4
clip_7172,NEED,NEED MOTHER TRUE MINER TRAP,Citizen TV they say necessity is the mother of invention and the women of homeab have proven just that 18 miners who were trapped at the Ikolomani gold mines in Kaka,signer_JS,10.0,draft_in_vocab_tokens,0.4
clip_7173,RESCUE,RESCUE SEARCH RESCUE MISSION MINER STILL TRAP SEARCH RESCUE MISSION NIGHT MINER LOCAL EFFORT,in Kakamega County have been rescued with a search and rescue mission now looking for two miners who are still trapped in the collapsed shaft the rescue mission began on Monday night where efforts by local miners were reinforced,signer_JS,10.0,draft_in_vocab_tokens,0.4
clip_7174,EFFORT,EFFORT AGENCY SECURITY SUPPORT MINER TOTAL UNDER TRAP VILLAGE NIGHT EVENT WORRY MINER RAISE,were reinforced by security security agencies a total of 20 miners were trapped beneath the collapsed shaft collapsed shaft at moeno Valle uh Village on Monday night with an incident raising safety concerns among miners,signer_JS,10.0,draft_in_vocab_tokens,0.4
clip_7175,MINER,MINER MINER THREE MINER ACROSS,miners in January this year three miners suffocated after yet another mining shaft collapsed in Ikolomani thousands of artisanal miners work in gold mines across colani lambi and shinyalu sub,signer_JS,10.0,draft_in_vocab_tokens,0.4
clip_7176,OFTEN,OFTEN,shinyalu sub counties often without proper safety,signer_JS,10.0,draft_in_vocab_tokens,0.4
clip_7177,OFTEN,OFTEN,often without proper safety,signer_JS,10.0,draft_in_vocab_tokens,0.4
clip_7179,TRUE,TRUE NEED DEEP FAR GO AGAIN HOPE SAFE,the fact what we need here is the fire brigade has the capacity to go far deep it pull people out again we hope for their safe,signer_JS,10.0,draft_in_vocab_tokens,0.4
clip_7180,SAFE,SAFE RESCUE BREAK TAKE BUSINESS NEWS COME,safe rescue we take a break for the business news which is coming,signer_JS,10.0,draft_in_vocab_tokens,0.4
clip_7181,COME,COME REMEMBER CONVERSATION TONIGHT ISSUE ACCESS HEALTH ACCESS,which is coming up but remember our conversation tonight on the explainer world cancer day I get into matters cancer Access to Health Care access to health professionals and also uh talking,signer_JS,10.0,draft_in_vocab_tokens,0.4
clip_7182,INFRASTRUCTURE,INFRASTRUCTURE SIDE BREAK NEXT THEN CONVERSATION ENTER DOCTOR CHAIR,uh talking about uh infrastructure gaps and all of that on the other side of uh let me see the next break then we'll get into the conversation I have Dr Timothy olw he is the chair the National Cancer Institute of Kenya former,signer_JS,10.0,draft_in_vocab_tokens,0.4
clip_7183,CHAIR,CHAIR EXPERIENCE STORY SHARE WILL DOCTOR SHE,of Kenya former chair sha and uh he has personal experience he will share his story not him having cancer but having cancer in his family we also have Dr Helena Musa and she is a consultant,signer_JS,10.0,draft_in_vocab_tokens,0.4
clip_7184,SHE,SHE TELL EFFORT NUMBER INCREASE WHAT CLAIM NAME HER DOCTOR,consultant radiation oncologist she'll tell us how many they are in the country what efforts are being made to boost those numbers and we also have the acting director benefits and claims social health authority and her name is Dr Tesa,signer_JS,10.0,draft_in_vocab_tokens,0.4
clip_7185,DOCTOR,DOCTOR SHE STAY WATCH QUESTION YOUR SEND HASHTAG RECEIVE,Tesa uh Tracy John and she's a neurosurgeon so do stay tuned send your questions at oars at Citizen TV Kenya # the explainer taxman receives over 800,signer_JS,10.0,draft_in_vocab_tokens,0.4
clip_7186,TAX,TAX RECOVER LEAD,over 800 anonymous tips related to tax evasion in 2024 and tips led to recovery of over 4,signer_JS,10.0,draft_in_vocab_tokens,0.4
clip_7209,RECEIVE,RECEIVE,skillfully it's planning wisely it's living joyfully it's banking easily visit www.st stan. ke Stan bank is regulated by the Central Bank of Kenya the Kenya Revenue Authority received,signer_JS,10.0,draft_in_vocab_tokens,0.4
clip_7210,RECEIVE,RECEIVE TAX BILLION RECOVER LEAD ACCORDING,received over 800 anonymous tips related to tax evasion in 2024 leading to the recovery of over 4.3 billion Shillings and that is according to the Kerry board chairperson Ndiritu Muriithi,signer_JS,10.0,draft_in_vocab_tokens,0.4
clip_7211,PUBLIC,PUBLIC SPEAK TAX USE,Ndiritu Muriithi speaking at a public forum hosted by B laanan at nairobi's Jevanjee Gardens Mori arged Kenyans to continue reporting tax using K's Anonymous portal emphasizing,signer_JS,10.0,draft_in_vocab_tokens,0.4
clip_7212,TOGETHER,TOGETHER WATCH KEY REVENUE LOSE STOP DETAIL MINISTER TREASURY NATIONAL,emphasizing that Collective vigilance is key to carbing revenue losses Jimmy Boo has the details the national treasury cabinet secretary John B and the Kenya Revenue Authority chairperson,signer_JS,10.0,draft_in_vocab_tokens,0.4
clip_7213,PUBLIC,PUBLIC PROMISE SPECIAL PROTECT TAX COLLECT REVENUE PUBLIC OFFICIAL QUESTION,Authority chairperson Ndiritu Muriithi have assured the public that there will be no sacred cows in tax collection and revenue mobilization however during the public forum the two officials scrutiny,signer_JS,10.0,draft_in_vocab_tokens,0.4
clip_7214,QUESTION,QUESTION CLAIM GROUP SMALL TAX BURDEN CARRY,scrutiny of a claim that a small segment of compliant taxpayers bear the country's tax burden While others evade their obligation,signer_JS,10.0,draft_in_vocab_tokens,0.4
clip_7215,INTELLIGENCE,INTELLIGENCE SHE TAX SURE TAX PAY LAW LAND ACCORDING TAX MUCH,director intelligence what is he doing or she doing to ensure there's no tax evasion in this country because all of us must pay tax as by the r of this land there is a lot of tax evasion in this country and,signer_JS,10.0,draft_in_vocab_tokens,0.4
clip_7216,TAX,TAX PAY ARREST TAX COLLECT MAKE IF YOUR,country and people who should be paying taxes but again is shouting arrest but if you if you mechanize if you militarize tax collection you will not realize your,signer_JS,10.0,draft_in_vocab_tokens,0.4
clip_7217,BILLION,BILLION LEAD,objective 833 reports that led us to billion CS revealed that K,signer_JS,10.0,draft_in_vocab_tokens,0.4
clip_7218,SYSTEM,SYSTEM DEVELOP WATCH GOOD ESPECIALLY INCOME LESS REVENUE NEED SPEND STOP,that K is developing a system to monitor taxpayers more effectively particularly those under declaring rental income he also emphasized the need for a realistic Revenue projection to C excessive,signer_JS,10.0,draft_in_vocab_tokens,0.4
clip_7219,SPEND,SPEND ACHIEVE CAN TARGET BUDGET IF,expenditure but this we can only achieve if we also become realistic on what targets we give K like this year 2526 if you saw the budget figures,signer_JS,10.0,draft_in_vocab_tokens,0.4
clip_7220,REVENUE,REVENUE BILLION COLLECT TEAM TREASURY FINISH,figures we had projected to collect ordinary Revenue 3 trillion 18 billion it is impossible I have asked the team at the treasury and we have done that we have revised it downwards to,signer_JS,10.0,draft_in_vocab_tokens,0.4
clip_7221,REVENUE,REVENUE SPEND ECONOMY WAIT CLEAR READY,2835 we must start from istic Revenue so that we don't spend what we don't have to inject liquidity into the economy the government is set to clear pending bills,signer_JS,10.0,draft_in_vocab_tokens,0.4
clip_7222,MILLION,MILLION LESS FIRST MOVE AIM BUSINESS ECONOMY ACTIVITY PUSH,bills prioritizing suppliers owed less than 10 million Shillings the move aims to revive businesses Spa economic activity,signer_JS,10.0,draft_in_vocab_tokens,0.4
clip_7223,ECONOMY,ECONOMY ACTIVITY REVENUE INCREASE MINISTER ACCORDING BILLION WAIT BILLION,economic activity and increased Revenue generation according to CS M out of the 663 billion Shillings worth of pending Bill submitted 474 billion,signer_JS,10.0,draft_in_vocab_tokens,0.4
clip_7224,BILLION,BILLION FINISH MILLION PROGRESS,billion Shillings have been verified with 90% of the verified bills being below 10 million Shillings Jimmy boo Citizen TV Nairobi Kenya is now making progress,signer_JS,10.0,draft_in_vocab_tokens,0.4
clip_7225,PROGRESS,PROGRESS RESEARCH MANAGE BUILD MOVE DEVELOP RESEARCH IMPROVE EXPECT THROUGH,progress in biological research management as it moves towards establishing bio Banks this development is expected to improve research quality Diagnostics and vaccine production through the Kenya accreditation service,signer_JS,10.0,draft_in_vocab_tokens,0.4
clip_7226,BODY,BODY AIM INTERNATIONAL RESEARCH SET SURE RESEARCH TEST RESULT GLOBAL,service the country's accreditation body Kenya aims to set International standards for research and healthc care this will ensure that Kenyon research and test results are recognized globally without the need for,signer_JS,10.0,draft_in_vocab_tokens,0.4
clip_7227,BODY,BODY TRAINING FOUR LEAD RESEARCH KEY NEED INTERNATIONAL MEET ESPECIALLY FUTURE,for retesting the body is leading a 4-day training workshop for key research institutions equipping them with the skills needed to upgrade their labs to meet International standards especially in the storage of biological material for future,signer_JS,10.0,draft_in_vocab_tokens,0.4
clip_7228,FUTURE,FUTURE RESEARCH EXPAND CAN,for future research def from we can actually expand,signer_JS,10.0,draft_in_vocab_tokens,0.4
clip_7229,EXPAND,EXPAND CAN SPACE RESEARCH EXPAND CAN SPACE THEN INTERNATIONAL,actually expand the space for research we can actually expand the space for collaboration for fundraising for the Laboratories that or the the biobanks that would have been accredited because then they can actually have international,signer_JS,10.0,draft_in_vocab_tokens,0.4
clip_7230,INTERNATIONAL,INTERNATIONAL CAN SPACE GLOBAL ENGAGE CAN IMPROVE CAN SPACE INSIDE,have international reference it's actually a space where they can actually be able to engage on the global scene and also then be able to enhance their quality and and safety and and and also the space within which they store the material,signer_JS,10.0,draft_in_vocab_tokens,0.4
clip_7231,PURPOSE,PURPOSE TREAT OR PURPOSE USE TEACH RESEARCH RESULT IF,the material the biological material so they would bankk these tissues for the purpose of diagnosis and later treatment or for the purpose of further um usage uh teaching for research if there's a result from,signer_JS,10.0,draft_in_vocab_tokens,0.4
clip_7232,RESULT,RESULT TEST OR BODY THROUGH GO RESULT THAT BORDER GO,there's a result from from a Testing Lab here or an inspection body here that has gone through the rigor of accreditation and that result is meant to cross borders to another territory there shouldn't be need for that other territory to require for,signer_JS,10.0,draft_in_vocab_tokens,0.4
clip_7233,OFFICER,OFFICER UNIT FIVE COPPER,require for a retest an inspection or a certification police officers from the mining unit have seized five containers of copper minerals at the Port of,signer_JS,10.0,draft_in_vocab_tokens,0.4
clip_7234,AUTHORITY,AUTHORITY OWNER INVESTIGATION,of Mombasa authorities say the containers were transported from Nairobi with the owner intending to export them to China investigations reveal the minerals were falsely declared,signer_JS,10.0,draft_in_vocab_tokens,0.4
clip_7235,TAX,TAX BASE COME OFFICER AGENCY SECURITY TOGETHER,declared as manganese to evade taxes reports indicate they originated from a Nairobi based Factory before being transported by truck to Mombasa DCI officers in collaboration with other security agencies,signer_JS,10.0,draft_in_vocab_tokens,0.4
clip_7236,AGENCY,AGENCY SECURITY MINISTRY INVESTIGATE BEHIND TAX SCHEME ARREST VALUE BILLION,security agencies and the ministry of mining have launched a probe to apprehend Those Behind the tax evasion scheme estimated to be worth billions of,signer_JS,10.0,draft_in_vocab_tokens,0.4
clip_7237,VALUE,VALUE BILLION,be worth billions of,signer_JS,10.0,draft_in_vocab_tokens,0.4
clip_7239,VALUE,VALUE COPPER COMPARE,manganes is low value compared to copper,signer_JS,10.0,draft_in_vocab_tokens,0.4
clip_7240,COPPER,COPPER OWNER NEED COPPER MAYBE THEREFORE USE,copper and probably the owner doesn't have uh the requisite document for exporting copper so he uses the document for manganes uh to,signer_JS,10.0,draft_in_vocab_tokens,0.4
clip_7241,COPPER,COPPER COPPER VALUE HIGH COPPER COPPER CAN,uh to export copper which is a low a high value mineral and uh copper being a strategic mineral the only uh entity to export copper is National,signer_JS,10.0,draft_in_vocab_tokens,0.4
clip_7242,COPPER,COPPER BECOME INVESTIGATION WILL TEST SOME,National mining Corporation we have seen that copper o has been ground into powder and pellets and some other investigation is going to be carried out uh the ass some ass are going to be,signer_JS,10.0,draft_in_vocab_tokens,0.4
clip_7243,TEST,TEST WILL COPPER FIND SEASON FARMER COST RISE STRUGGLE,are going to be carried out to find out the percentage content of copper as the planting season begins farmers in Trans Nzoia are grappling with the rising cost,signer_JS,10.0,draft_in_vocab_tokens,0.4
clip_7244,COST,COST RISE FERTILISER UNTIL SPEND,rising cost of transporting fertilizer that is despite its availability at the National Cereals and Produce Board warehouses many now having to spend between 150 Shillings and 200 shillings to,signer_JS,10.0,draft_in_vocab_tokens,0.4
clip_7245,BAG,BAG FARMER SOME PRICE PRICE RAISE REGION,shillings to transport a bag this at a time when some Farmers claim that they're yet to sell last year's Harvest due to low they're now agging the government to raise maize prices last year the region produced,signer_JS,10.0,draft_in_vocab_tokens,0.4
clip_7246,REGION,REGION BAG MILLION MINISTRY AGRICULTURE FARMER BAG MILLION FERTILISER NEED SUSTAIN,the region produced 7 million bags of maize the Ministry of Agriculture estimates farmers in the north Rift will need over 1 million bags of fertilizer to sustain production this year,signer_JS,10.0,draft_in_vocab_tokens,0.4
